0.000000 1.000000 0.000000
0.001000 0.999999 0.001000
0.002000 0.999997 0.002000
0.003000 0.999994 0.003000
0.004000 0.999990 0.004000
0.005000 0.999985 0.005000
0.006000 0.999979 0.006000
0.007000 0.999972 0.007000
0.008000 0.999964 0.008000
0.009000 0.999955 0.009000
0.010000 0.999945 0.010000
0.011000 0.999934 0.011000
0.012000 0.999922 0.012000
0.013000 0.999909 0.013000
0.014000 0.999895 0.013999
0.015000 0.999880 0.014999
0.016000 0.999864 0.015999
0.017000 0.999847 0.016999
0.018000 0.999829 0.017999
0.019000 0.999810 0.018999
0.020000 0.999790 0.019999
0.021000 0.999769 0.020998
0.022000 0.999747 0.021998
0.023000 0.999724 0.022998
0.024000 0.999700 0.023998
0.025000 0.999675 0.024997
0.026000 0.999649 0.025997
0.027000 0.999622 0.026997
0.028000 0.999594 0.027996
0.029000 0.999565 0.028996
0.030000 0.999535 0.029995
0.031000 0.999504 0.030995
0.032000 0.999472 0.031994
0.033000 0.999439 0.032994
0.034000 0.999405 0.033993
0.035000 0.999370 0.034993
0.036000 0.999334 0.035992
0.037000 0.999297 0.036991
0.038000 0.999259 0.037990
0.039000 0.999220 0.038990
0.040000 0.999180 0.039989
0.041000 0.999139 0.040988
0.042000 0.999097 0.041987
0.043000 0.999054 0.042986
0.044000 0.999010 0.043985
0.045000 0.998965 0.044984
0.046000 0.998919 0.045983
0.047000 0.998872 0.046982
0.048000 0.998824 0.047981
0.049000 0.998775 0.048980
0.050000 0.998725 0.049979
0.051000 0.998674 0.050977
0.052000 0.998622 0.051976
0.053000 0.998569 0.052974
0.054000 0.998515 0.053973
0.055000 0.998460 0.054972
0.056000 0.998404 0.055970
0.057000 0.998347 0.056968
0.058000 0.998289 0.057967
0.059000 0.998231 0.058965
0.060000 0.998171 0.059963
0.061000 0.998110 0.060961
0.062000 0.998048 0.061959
0.063000 0.997985 0.062957
0.064000 0.997921 0.063955
0.065000 0.997856 0.064953
0.066000 0.997790 0.065951
0.067000 0.997723 0.066949
0.068000 0.997655 0.067946
0.069000 0.997586 0.068944
0.070000 0.997516 0.069942
0.071000 0.997445 0.070939
0.072000 0.997373 0.071937
0.073000 0.997300 0.072934
0.074000 0.997226 0.073931
0.075000 0.997151 0.074928
0.076000 0.997075 0.075925
0.077000 0.996999 0.076922
0.078000 0.996921 0.077919
0.079000 0.996842 0.078916
0.080000 0.996762 0.079913
0.081000 0.996681 0.080910
0.082000 0.996599 0.081906
0.083000 0.996516 0.082903
0.084000 0.996432 0.083899
0.085000 0.996347 0.084896
0.086000 0.996261 0.085892
0.087000 0.996174 0.086888
0.088000 0.996087 0.087885
0.089000 0.995998 0.088881
0.090000 0.995908 0.089877
0.091000 0.995817 0.090872
0.092000 0.995725 0.091868
0.093000 0.995632 0.092864
0.094000 0.995538 0.093859
0.095000 0.995443 0.094855
0.096000 0.995348 0.095850
0.097000 0.995251 0.096846
0.098000 0.995153 0.097841
0.099000 0.995054 0.098836
0.100000 0.994954 0.099831
0.101000 0.994853 0.100826
0.102000 0.994752 0.101821
0.103000 0.994649 0.102815
0.104000 0.994545 0.103810
0.105000 0.994440 0.104804
0.106000 0.994334 0.105799
0.107000 0.994228 0.106793
0.108000 0.994120 0.107787
0.109000 0.994011 0.108781
0.110000 0.993901 0.109775
0.111000 0.993790 0.110769
0.112000 0.993679 0.111763
0.113000 0.993566 0.112756
0.114000 0.993452 0.113750
0.115000 0.993337 0.114743
0.116000 0.993222 0.115737
0.117000 0.993105 0.116730
0.118000 0.992987 0.117723
0.119000 0.992868 0.118716
0.120000 0.992749 0.119709
0.121000 0.992628 0.120701
0.122000 0.992506 0.121694
0.123000 0.992384 0.122686
0.124000 0.992260 0.123679
0.125000 0.992135 0.124671
0.126000 0.992010 0.125663
0.127000 0.991883 0.126655
0.128000 0.991755 0.127647
0.129000 0.991627 0.128638
0.130000 0.991497 0.129630
0.131000 0.991366 0.130621
0.132000 0.991235 0.131613
0.133000 0.991102 0.132604
0.134000 0.990969 0.133595
0.135000 0.990834 0.134586
0.136000 0.990698 0.135577
0.137000 0.990562 0.136567
0.138000 0.990424 0.137558
0.139000 0.990286 0.138548
0.140000 0.990146 0.139538
0.141000 0.990006 0.140528
0.142000 0.989864 0.141518
0.143000 0.989722 0.142508
0.144000 0.989578 0.143498
0.145000 0.989434 0.144487
0.146000 0.989288 0.145477
0.147000 0.989142 0.146466
0.148000 0.988994 0.147455
0.149000 0.988846 0.148444
0.150000 0.988696 0.149433
0.151000 0.988546 0.150421
0.152000 0.988395 0.151410
0.153000 0.988242 0.152398
0.154000 0.988089 0.153386
0.155000 0.987934 0.154374
0.156000 0.987779 0.155362
0.157000 0.987623 0.156350
0.158000 0.987465 0.157337
0.159000 0.987307 0.158325
0.160000 0.987148 0.159312
0.161000 0.986987 0.160299
0.162000 0.986826 0.161286
0.163000 0.986664 0.162273
0.164000 0.986500 0.163259
0.165000 0.986336 0.164246
0.166000 0.986171 0.165232
0.167000 0.986005 0.166218
0.168000 0.985838 0.167204
0.169000 0.985669 0.168190
0.170000 0.985500 0.169175
0.171000 0.985330 0.170161
0.172000 0.985159 0.171146
0.173000 0.984987 0.172131
0.174000 0.984814 0.173116
0.175000 0.984639 0.174100
0.176000 0.984464 0.175085
0.177000 0.984288 0.176069
0.178000 0.984111 0.177054
0.179000 0.983933 0.178038
0.180000 0.983754 0.179021
0.181000 0.983574 0.180005
0.182000 0.983393 0.180989
0.183000 0.983211 0.181972
0.184000 0.983028 0.182955
0.185000 0.982844 0.183938
0.186000 0.982659 0.184921
0.187000 0.982473 0.185903
0.188000 0.982287 0.186886
0.189000 0.982099 0.187868
0.190000 0.981910 0.188850
0.191000 0.981720 0.189832
0.192000 0.981529 0.190813
0.193000 0.981337 0.191795
0.194000 0.981145 0.192776
0.195000 0.980951 0.193757
0.196000 0.980756 0.194738
0.197000 0.980560 0.195719
0.198000 0.980364 0.196699
0.199000 0.980166 0.197679
0.200000 0.979967 0.198659
0.201000 0.979768 0.199639
0.202000 0.979567 0.200619
0.203000 0.979365 0.201598
0.204000 0.979163 0.202578
0.205000 0.978959 0.203557
0.206000 0.978755 0.204536
0.207000 0.978549 0.205514
0.208000 0.978343 0.206493
0.209000 0.978135 0.207471
0.210000 0.977927 0.208449
0.211000 0.977717 0.209427
0.212000 0.977507 0.210404
0.213000 0.977295 0.211382
0.214000 0.977083 0.212359
0.215000 0.976870 0.213336
0.216000 0.976655 0.214313
0.217000 0.976440 0.215289
0.218000 0.976224 0.216266
0.219000 0.976007 0.217242
0.220000 0.975788 0.218218
0.221000 0.975569 0.219193
0.222000 0.975349 0.220169
0.223000 0.975128 0.221144
0.224000 0.974906 0.222119
0.225000 0.974683 0.223094
0.226000 0.974458 0.224068
0.227000 0.974233 0.225043
0.228000 0.974007 0.226017
0.229000 0.973780 0.226991
0.230000 0.973552 0.227964
0.231000 0.973323 0.228938
0.232000 0.973094 0.229911
0.233000 0.972863 0.230884
0.234000 0.972631 0.231857
0.235000 0.972398 0.232829
0.236000 0.972164 0.233802
0.237000 0.971929 0.234774
0.238000 0.971694 0.235745
0.239000 0.971457 0.236717
0.240000 0.971219 0.237688
0.241000 0.970980 0.238659
0.242000 0.970741 0.239630
0.243000 0.970500 0.240601
0.244000 0.970259 0.241571
0.245000 0.970016 0.242541
0.246000 0.969773 0.243511
0.247000 0.969528 0.244481
0.248000 0.969283 0.245450
0.249000 0.969036 0.246419
0.250000 0.968789 0.247388
0.251000 0.968540 0.248357
0.252000 0.968291 0.249325
0.253000 0.968041 0.250294
0.254000 0.967789 0.251262
0.255000 0.967537 0.252229
0.256000 0.967284 0.253197
0.257000 0.967030 0.254164
0.258000 0.966775 0.255131
0.259000 0.966519 0.256097
0.260000 0.966261 0.257064
0.261000 0.966003 0.258030
0.262000 0.965744 0.258996
0.263000 0.965484 0.259961
0.264000 0.965223 0.260927
0.265000 0.964962 0.261892
0.266000 0.964699 0.262857
0.267000 0.964435 0.263821
0.268000 0.964170 0.264785
0.269000 0.963904 0.265750
0.270000 0.963638 0.266713
0.271000 0.963370 0.267677
0.272000 0.963101 0.268640
0.273000 0.962832 0.269603
0.274000 0.962561 0.270566
0.275000 0.962289 0.271528
0.276000 0.962017 0.272490
0.277000 0.961743 0.273452
0.278000 0.961469 0.274414
0.279000 0.961194 0.275375
0.280000 0.960917 0.276336
0.281000 0.960640 0.277297
0.282000 0.960362 0.278257
0.283000 0.960082 0.279218
0.284000 0.959802 0.280178
0.285000 0.959521 0.281137
0.286000 0.959239 0.282097
0.287000 0.958956 0.283056
0.288000 0.958672 0.284015
0.289000 0.958387 0.284973
0.290000 0.958101 0.285931
0.291000 0.957814 0.286889
0.292000 0.957526 0.287847
0.293000 0.957237 0.288804
0.294000 0.956948 0.289761
0.295000 0.956657 0.290718
0.296000 0.956365 0.291675
0.297000 0.956072 0.292631
0.298000 0.955779 0.293587
0.299000 0.955484 0.294543
0.300000 0.955189 0.295498
0.301000 0.954892 0.296453
0.302000 0.954595 0.297408
0.303000 0.954296 0.298362
0.304000 0.953997 0.299316
0.305000 0.953697 0.300270
0.306000 0.953396 0.301224
0.307000 0.953093 0.302177
0.308000 0.952790 0.303130
0.309000 0.952486 0.304082
0.310000 0.952181 0.305035
0.311000 0.951875 0.305987
0.312000 0.951568 0.306939
0.313000 0.951260 0.307890
0.314000 0.950951 0.308841
0.315000 0.950641 0.309792
0.316000 0.950331 0.310742
0.317000 0.950019 0.311693
0.318000 0.949706 0.312642
0.319000 0.949393 0.313592
0.320000 0.949078 0.314541
0.321000 0.948763 0.315490
0.322000 0.948446 0.316439
0.323000 0.948129 0.317387
0.324000 0.947810 0.318335
0.325000 0.947491 0.319283
0.326000 0.947171 0.320230
0.327000 0.946850 0.321177
0.328000 0.946527 0.322124
0.329000 0.946204 0.323070
0.330000 0.945880 0.324016
0.331000 0.945555 0.324962
0.332000 0.945229 0.325907
0.333000 0.944903 0.326852
0.334000 0.944575 0.327797
0.335000 0.944246 0.328741
0.336000 0.943916 0.329685
0.337000 0.943586 0.330629
0.338000 0.943254 0.331573
0.339000 0.942921 0.332516
0.340000 0.942588 0.333458
0.341000 0.942253 0.334401
0.342000 0.941918 0.335343
0.343000 0.941582 0.336285
0.344000 0.941245 0.337226
0.345000 0.940906 0.338167
0.346000 0.940567 0.339108
0.347000 0.940227 0.340048
0.348000 0.939886 0.340988
0.349000 0.939544 0.341928
0.350000 0.939201 0.342867
0.351000 0.938857 0.343806
0.352000 0.938513 0.344745
0.353000 0.938167 0.345684
0.354000 0.937820 0.346622
0.355000 0.937473 0.347559
0.356000 0.937124 0.348496
0.357000 0.936775 0.349433
0.358000 0.936424 0.350370
0.359000 0.936073 0.351306
0.360000 0.935721 0.352242
0.361000 0.935367 0.353178
0.362000 0.935013 0.354113
0.363000 0.934658 0.355048
0.364000 0.934302 0.355982
0.365000 0.933945 0.356916
0.366000 0.933587 0.357850
0.367000 0.933229 0.358784
0.368000 0.932869 0.359717
0.369000 0.932508 0.360649
0.370000 0.932147 0.361582
0.371000 0.931784 0.362514
0.372000 0.931421 0.363445
0.373000 0.931056 0.364376
0.374000 0.930691 0.365307
0.375000 0.930324 0.366238
0.376000 0.929957 0.367168
0.377000 0.929589 0.368098
0.378000 0.929220 0.369027
0.379000 0.928850 0.369956
0.380000 0.928479 0.370885
0.381000 0.928107 0.371813
0.382000 0.927735 0.372741
0.383000 0.927361 0.373669
0.384000 0.926986 0.374596
0.385000 0.926611 0.375523
0.386000 0.926234 0.376449
0.387000 0.925857 0.377375
0.388000 0.925478 0.378301
0.389000 0.925099 0.379226
0.390000 0.924719 0.380151
0.391000 0.924338 0.381075
0.392000 0.923956 0.382000
0.393000 0.923573 0.382923
0.394000 0.923189 0.383847
0.395000 0.922804 0.384770
0.396000 0.922418 0.385692
0.397000 0.922032 0.386614
0.398000 0.921644 0.387536
0.399000 0.921256 0.388458
0.400000 0.920866 0.389379
0.401000 0.920476 0.390300
0.402000 0.920085 0.391220
0.403000 0.919693 0.392140
0.404000 0.919299 0.393059
0.405000 0.918905 0.393978
0.406000 0.918510 0.394897
0.407000 0.918115 0.395815
0.408000 0.917718 0.396733
0.409000 0.917320 0.397651
0.410000 0.916922 0.398568
0.411000 0.916522 0.399485
0.412000 0.916122 0.400401
0.413000 0.915720 0.401317
0.414000 0.915318 0.402232
0.415000 0.914915 0.403147
0.416000 0.914511 0.404062
0.417000 0.914106 0.404976
0.418000 0.913700 0.405890
0.419000 0.913293 0.406804
0.420000 0.912885 0.407717
0.421000 0.912476 0.408630
0.422000 0.912067 0.409542
0.423000 0.911656 0.410454
0.424000 0.911245 0.411365
0.425000 0.910833 0.412276
0.426000 0.910419 0.413187
0.427000 0.910005 0.414097
0.428000 0.909590 0.415007
0.429000 0.909174 0.415916
0.430000 0.908757 0.416825
0.431000 0.908340 0.417734
0.432000 0.907921 0.418642
0.433000 0.907501 0.419550
0.434000 0.907081 0.420457
0.435000 0.906659 0.421364
0.436000 0.906237 0.422270
0.437000 0.905814 0.423176
0.438000 0.905390 0.424082
0.439000 0.904965 0.424987
0.440000 0.904539 0.425892
0.441000 0.904112 0.426796
0.442000 0.903684 0.427700
0.443000 0.903255 0.428603
0.444000 0.902826 0.429507
0.445000 0.902395 0.430409
0.446000 0.901964 0.431311
0.447000 0.901532 0.432213
0.448000 0.901099 0.433114
0.449000 0.900665 0.434015
0.450000 0.900230 0.434916
0.451000 0.899794 0.435816
0.452000 0.899357 0.436715
0.453000 0.898919 0.437614
0.454000 0.898481 0.438513
0.455000 0.898041 0.439411
0.456000 0.897601 0.440309
0.457000 0.897160 0.441207
0.458000 0.896718 0.442104
0.459000 0.896274 0.443000
0.460000 0.895831 0.443896
0.461000 0.895386 0.444792
0.462000 0.894940 0.445687
0.463000 0.894493 0.446582
0.464000 0.894046 0.447476
0.465000 0.893597 0.448370
0.466000 0.893148 0.449263
0.467000 0.892698 0.450156
0.468000 0.892247 0.451048
0.469000 0.891795 0.451940
0.470000 0.891342 0.452832
0.471000 0.890888 0.453723
0.472000 0.890433 0.454614
0.473000 0.889978 0.455504
0.474000 0.889521 0.456394
0.475000 0.889064 0.457283
0.476000 0.888606 0.458172
0.477000 0.888147 0.459060
0.478000 0.887687 0.459948
0.479000 0.887226 0.460836
0.480000 0.886764 0.461723
0.481000 0.886301 0.462609
0.482000 0.885838 0.463495
0.483000 0.885373 0.464381
0.484000 0.884908 0.465266
0.485000 0.884442 0.466151
0.486000 0.883975 0.467035
0.487000 0.883507 0.467919
0.488000 0.883038 0.468802
0.489000 0.882568 0.469685
0.490000 0.882098 0.470567
0.491000 0.881626 0.471449
0.492000 0.881154 0.472330
0.493000 0.880680 0.473211
0.494000 0.880206 0.474092
0.495000 0.879731 0.474972
0.496000 0.879255 0.475851
0.497000 0.878779 0.476730
0.498000 0.878301 0.477609
0.499000 0.877822 0.478487
0.500000 0.877343 0.479364
0.501000 0.876863 0.480241
0.502000 0.876381 0.481118
0.503000 0.875899 0.481994
0.504000 0.875416 0.482870
0.505000 0.874933 0.483745
0.506000 0.874448 0.484620
0.507000 0.873962 0.485494
0.508000 0.873476 0.486368
0.509000 0.872989 0.487241
0.510000 0.872500 0.488114
0.511000 0.872011 0.488986
0.512000 0.871521 0.489858
0.513000 0.871031 0.490729
0.514000 0.870539 0.491600
0.515000 0.870046 0.492470
0.516000 0.869553 0.493340
0.517000 0.869059 0.494209
0.518000 0.868564 0.495078
0.519000 0.868068 0.495946
0.520000 0.867571 0.496814
0.521000 0.867073 0.497681
0.522000 0.866574 0.498548
0.523000 0.866075 0.499414
0.524000 0.865575 0.500280
0.525000 0.865073 0.501146
0.526000 0.864571 0.502010
0.527000 0.864068 0.502875
0.528000 0.863565 0.503739
0.529000 0.863060 0.504602
0.530000 0.862554 0.505465
0.531000 0.862048 0.506327
0.532000 0.861541 0.507189
0.533000 0.861033 0.508050
0.534000 0.860524 0.508911
0.535000 0.860014 0.509771
0.536000 0.859503 0.510631
0.537000 0.858991 0.511490
0.538000 0.858479 0.512349
0.539000 0.857966 0.513207
0.540000 0.857452 0.514065
0.541000 0.856937 0.514922
0.542000 0.856421 0.515779
0.543000 0.855904 0.516635
0.544000 0.855387 0.517490
0.545000 0.854868 0.518346
0.546000 0.854349 0.519200
0.547000 0.853829 0.520054
0.548000 0.853308 0.520908
0.549000 0.852786 0.521761
0.550000 0.852263 0.522613
0.551000 0.851740 0.523465
0.552000 0.851215 0.524317
0.553000 0.850690 0.525168
0.554000 0.850164 0.526018
0.555000 0.849637 0.526868
0.556000 0.849109 0.527718
0.557000 0.848581 0.528566
0.558000 0.848051 0.529415
0.559000 0.847521 0.530263
0.560000 0.846990 0.531110
0.561000 0.846457 0.531957
0.562000 0.845925 0.532803
0.563000 0.845391 0.533648
0.564000 0.844856 0.534493
0.565000 0.844321 0.535338
0.566000 0.843785 0.536182
0.567000 0.843248 0.537026
0.568000 0.842710 0.537869
0.569000 0.842171 0.538711
0.570000 0.841631 0.539553
0.571000 0.841091 0.540394
0.572000 0.840549 0.541235
0.573000 0.840007 0.542075
0.574000 0.839464 0.542915
0.575000 0.838920 0.543754
0.576000 0.838376 0.544593
0.577000 0.837830 0.545431
0.578000 0.837284 0.546269
0.579000 0.836737 0.547106
0.580000 0.836189 0.547942
0.581000 0.835640 0.548778
0.582000 0.835090 0.549613
0.583000 0.834540 0.550448
0.584000 0.833988 0.551282
0.585000 0.833436 0.552116
0.586000 0.832883 0.552949
0.587000 0.832329 0.553782
0.588000 0.831774 0.554614
0.589000 0.831219 0.555446
0.590000 0.830663 0.556276
0.591000 0.830105 0.557107
0.592000 0.829547 0.557937
0.593000 0.828988 0.558766
0.594000 0.828429 0.559595
0.595000 0.827868 0.560423
0.596000 0.827307 0.561250
0.597000 0.826745 0.562077
0.598000 0.826182 0.562904
0.599000 0.825618 0.563730
0.600000 0.825053 0.564555
0.601000 0.824488 0.565380
0.602000 0.823922 0.566204
0.603000 0.823354 0.567028
0.604000 0.822786 0.567851
0.605000 0.822218 0.568673
0.606000 0.821648 0.569495
0.607000 0.821078 0.570317
0.608000 0.820507 0.571137
0.609000 0.819934 0.571958
0.610000 0.819362 0.572777
0.611000 0.818788 0.573596
0.612000 0.818213 0.574415
0.613000 0.817638 0.575233
0.614000 0.817062 0.576050
0.615000 0.816485 0.576867
0.616000 0.815907 0.577683
0.617000 0.815329 0.578499
0.618000 0.814749 0.579314
0.619000 0.814169 0.580128
0.620000 0.813588 0.580942
0.621000 0.813006 0.581755
0.622000 0.812423 0.582568
0.623000 0.811840 0.583380
0.624000 0.811256 0.584192
0.625000 0.810671 0.585003
0.626000 0.810085 0.585813
0.627000 0.809498 0.586623
0.628000 0.808910 0.587432
0.629000 0.808322 0.588241
0.630000 0.807733 0.589049
0.631000 0.807143 0.589856
0.632000 0.806552 0.590663
0.633000 0.805961 0.591469
0.634000 0.805368 0.592275
0.635000 0.804775 0.593080
0.636000 0.804181 0.593884
0.637000 0.803586 0.594688
0.638000 0.802991 0.595492
0.639000 0.802394 0.596294
0.640000 0.801797 0.597096
0.641000 0.801199 0.597898
0.642000 0.800600 0.598699
0.643000 0.800001 0.599499
0.644000 0.799400 0.600299
0.645000 0.798799 0.601098
0.646000 0.798197 0.601896
0.647000 0.797594 0.602694
0.648000 0.796991 0.603492
0.649000 0.796386 0.604288
0.650000 0.795781 0.605084
0.651000 0.795175 0.605880
0.652000 0.794568 0.606675
0.653000 0.793961 0.607469
0.654000 0.793353 0.608263
0.655000 0.792743 0.609056
0.656000 0.792133 0.609848
0.657000 0.791523 0.610640
0.658000 0.790911 0.611431
0.659000 0.790299 0.612222
0.660000 0.789686 0.613012
0.661000 0.789072 0.613801
0.662000 0.788457 0.614590
0.663000 0.787842 0.615378
0.664000 0.787225 0.616166
0.665000 0.786608 0.616953
0.666000 0.785990 0.617739
0.667000 0.785372 0.618525
0.668000 0.784752 0.619310
0.669000 0.784132 0.620094
0.670000 0.783511 0.620878
0.671000 0.782889 0.621661
0.672000 0.782267 0.622444
0.673000 0.781644 0.623226
0.674000 0.781019 0.624007
0.675000 0.780395 0.624788
0.676000 0.779769 0.625568
0.677000 0.779142 0.626347
0.678000 0.778515 0.627126
0.679000 0.777887 0.627904
0.680000 0.777258 0.628682
0.681000 0.776629 0.629459
0.682000 0.775998 0.630235
0.683000 0.775367 0.631011
0.684000 0.774735 0.631786
0.685000 0.774103 0.632560
0.686000 0.773469 0.633334
0.687000 0.772835 0.634107
0.688000 0.772200 0.634880
0.689000 0.771564 0.635652
0.690000 0.770928 0.636423
0.691000 0.770290 0.637193
0.692000 0.769652 0.637963
0.693000 0.769014 0.638733
0.694000 0.768374 0.639501
0.695000 0.767734 0.640269
0.696000 0.767092 0.641037
0.697000 0.766450 0.641804
0.698000 0.765808 0.642570
0.699000 0.765164 0.643335
0.700000 0.764520 0.644100
0.701000 0.763875 0.644864
0.702000 0.763229 0.645628
0.703000 0.762583 0.646391
0.704000 0.761936 0.647153
0.705000 0.761288 0.647915
0.706000 0.760639 0.648676
0.707000 0.759989 0.649436
0.708000 0.759339 0.650196
0.709000 0.758688 0.650955
0.710000 0.758036 0.651713
0.711000 0.757383 0.652471
0.712000 0.756730 0.653228
0.713000 0.756076 0.653984
0.714000 0.755421 0.654740
0.715000 0.754765 0.655495
0.716000 0.754109 0.656249
0.717000 0.753452 0.657003
0.718000 0.752794 0.657756
0.719000 0.752135 0.658509
0.720000 0.751476 0.659261
0.721000 0.750816 0.660012
0.722000 0.750155 0.660762
0.723000 0.749493 0.661512
0.724000 0.748831 0.662261
0.725000 0.748168 0.663010
0.726000 0.747504 0.663757
0.727000 0.746839 0.664505
0.728000 0.746174 0.665251
0.729000 0.745508 0.665997
0.730000 0.744841 0.666742
0.731000 0.744173 0.667487
0.732000 0.743505 0.668231
0.733000 0.742836 0.668974
0.734000 0.742166 0.669716
0.735000 0.741495 0.670458
0.736000 0.740824 0.671199
0.737000 0.740152 0.671940
0.738000 0.739479 0.672679
0.739000 0.738806 0.673419
0.740000 0.738131 0.674157
0.741000 0.737456 0.674895
0.742000 0.736781 0.675632
0.743000 0.736104 0.676368
0.744000 0.735427 0.677104
0.745000 0.734749 0.677839
0.746000 0.734070 0.678574
0.747000 0.733391 0.679307
0.748000 0.732711 0.680040
0.749000 0.732030 0.680773
0.750000 0.731348 0.681505
0.751000 0.730666 0.682236
0.752000 0.729983 0.682966
0.753000 0.729299 0.683696
0.754000 0.728614 0.684424
0.755000 0.727929 0.685153
0.756000 0.727243 0.685880
0.757000 0.726556 0.686607
0.758000 0.725869 0.687333
0.759000 0.725180 0.688059
0.760000 0.724492 0.688784
0.761000 0.723802 0.689508
0.762000 0.723112 0.690231
0.763000 0.722420 0.690954
0.764000 0.721729 0.691676
0.765000 0.721036 0.692398
0.766000 0.720343 0.693118
0.767000 0.719649 0.693838
0.768000 0.718954 0.694558
0.769000 0.718259 0.695276
0.770000 0.717563 0.695994
0.771000 0.716866 0.696711
0.772000 0.716168 0.697428
0.773000 0.715470 0.698144
0.774000 0.714771 0.698859
0.775000 0.714071 0.699573
0.776000 0.713371 0.700287
0.777000 0.712670 0.701000
0.778000 0.711968 0.701712
0.779000 0.711265 0.702424
0.780000 0.710562 0.703135
0.781000 0.709858 0.703845
0.782000 0.709153 0.704555
0.783000 0.708448 0.705263
0.784000 0.707742 0.705971
0.785000 0.707035 0.706679
0.786000 0.706327 0.707385
0.787000 0.705619 0.708091
0.788000 0.704910 0.708797
0.789000 0.704201 0.709501
0.790000 0.703490 0.710205
0.791000 0.702779 0.710908
0.792000 0.702067 0.711611
0.793000 0.701355 0.712312
0.794000 0.700642 0.713013
0.795000 0.699928 0.713714
0.796000 0.699213 0.714413
0.797000 0.698498 0.715112
0.798000 0.697782 0.715810
0.799000 0.697065 0.716508
0.800000 0.696348 0.717204
0.801000 0.695630 0.717900
0.802000 0.694911 0.718596
0.803000 0.694192 0.719290
0.804000 0.693472 0.719984
0.805000 0.692751 0.720677
0.806000 0.692029 0.721370
0.807000 0.691307 0.722061
0.808000 0.690584 0.722752
0.809000 0.689861 0.723442
0.810000 0.689136 0.724132
0.811000 0.688411 0.724821
0.812000 0.687686 0.725509
0.813000 0.686959 0.726196
0.814000 0.686232 0.726883
0.815000 0.685505 0.727568
0.816000 0.684776 0.728254
0.817000 0.684047 0.728938
0.818000 0.683317 0.729622
0.819000 0.682587 0.730305
0.820000 0.681856 0.730987
0.821000 0.681124 0.731668
0.822000 0.680391 0.732349
0.823000 0.679658 0.733029
0.824000 0.678924 0.733708
0.825000 0.678190 0.734387
0.826000 0.677454 0.735065
0.827000 0.676719 0.735742
0.828000 0.675982 0.736418
0.829000 0.675245 0.737094
0.830000 0.674507 0.737769
0.831000 0.673768 0.738443
0.832000 0.673029 0.739116
0.833000 0.672289 0.739789
0.834000 0.671548 0.740461
0.835000 0.670807 0.741132
0.836000 0.670065 0.741802
0.837000 0.669322 0.742472
0.838000 0.668579 0.743141
0.839000 0.667835 0.743809
0.840000 0.667091 0.744477
0.841000 0.666345 0.745144
0.842000 0.665599 0.745809
0.843000 0.664853 0.746475
0.844000 0.664105 0.747139
0.845000 0.663357 0.747803
0.846000 0.662609 0.748466
0.847000 0.661859 0.749128
0.848000 0.661109 0.749790
0.849000 0.660359 0.750450
0.850000 0.659608 0.751110
0.851000 0.658856 0.751770
0.852000 0.658103 0.752428
0.853000 0.657350 0.753086
0.854000 0.656596 0.753743
0.855000 0.655841 0.754399
0.856000 0.655086 0.755054
0.857000 0.654330 0.755709
0.858000 0.653574 0.756363
0.859000 0.652816 0.757016
0.860000 0.652059 0.757669
0.861000 0.651300 0.758320
0.862000 0.650541 0.758971
0.863000 0.649781 0.759621
0.864000 0.649021 0.760271
0.865000 0.648260 0.760920
0.866000 0.647498 0.761567
0.867000 0.646735 0.762215
0.868000 0.645972 0.762861
0.869000 0.645209 0.763506
0.870000 0.644444 0.764151
0.871000 0.643679 0.764795
0.872000 0.642914 0.765439
0.873000 0.642148 0.766081
0.874000 0.641381 0.766723
0.875000 0.640613 0.767364
0.876000 0.639845 0.768004
0.877000 0.639076 0.768644
0.878000 0.638307 0.769282
0.879000 0.637537 0.769920
0.880000 0.636766 0.770557
0.881000 0.635994 0.771194
0.882000 0.635222 0.771829
0.883000 0.634450 0.772464
0.884000 0.633676 0.773098
0.885000 0.632903 0.773732
0.886000 0.632128 0.774364
0.887000 0.631353 0.774996
0.888000 0.630577 0.775627
0.889000 0.629801 0.776257
0.890000 0.629024 0.776886
0.891000 0.628246 0.777515
0.892000 0.627467 0.778143
0.893000 0.626689 0.778770
0.894000 0.625909 0.779396
0.895000 0.625129 0.780022
0.896000 0.624348 0.780647
0.897000 0.623566 0.781270
0.898000 0.622784 0.781894
0.899000 0.622002 0.782516
0.900000 0.621218 0.783138
0.901000 0.620434 0.783758
0.902000 0.619650 0.784379
0.903000 0.618865 0.784998
0.904000 0.618079 0.785616
0.905000 0.617292 0.786234
0.906000 0.616505 0.786851
0.907000 0.615718 0.787467
0.908000 0.614929 0.788082
0.909000 0.614141 0.788697
0.910000 0.613351 0.789311
0.911000 0.612561 0.789924
0.912000 0.611770 0.790536
0.913000 0.610979 0.791147
0.914000 0.610187 0.791758
0.915000 0.609394 0.792367
0.916000 0.608601 0.792976
0.917000 0.607807 0.793585
0.918000 0.607013 0.794192
0.919000 0.606218 0.794799
0.920000 0.605422 0.795404
0.921000 0.604626 0.796009
0.922000 0.603829 0.796614
0.923000 0.603032 0.797217
0.924000 0.602234 0.797820
0.925000 0.601435 0.798422
0.926000 0.600636 0.799023
0.927000 0.599836 0.799623
0.928000 0.599036 0.800222
0.929000 0.598235 0.800821
0.930000 0.597433 0.801419
0.931000 0.596631 0.802016
0.932000 0.595828 0.802612
0.933000 0.595025 0.803207
0.934000 0.594221 0.803802
0.935000 0.593416 0.804396
0.936000 0.592611 0.804989
0.937000 0.591805 0.805581
0.938000 0.590999 0.806173
0.939000 0.590192 0.806763
0.940000 0.589384 0.807353
0.941000 0.588576 0.807942
0.942000 0.587767 0.808530
0.943000 0.586958 0.809117
0.944000 0.586148 0.809704
0.945000 0.585338 0.810290
0.946000 0.584527 0.810875
0.947000 0.583715 0.811459
0.948000 0.582903 0.812042
0.949000 0.582090 0.812625
0.950000 0.581276 0.813206
0.951000 0.580462 0.813787
0.952000 0.579648 0.814367
0.953000 0.578833 0.814946
0.954000 0.578017 0.815525
0.955000 0.577201 0.816102
0.956000 0.576384 0.816679
0.957000 0.575566 0.817255
0.958000 0.574748 0.817830
0.959000 0.573930 0.818405
0.960000 0.573110 0.818978
0.961000 0.572291 0.819551
0.962000 0.571470 0.820123
0.963000 0.570649 0.820694
0.964000 0.569828 0.821264
0.965000 0.569006 0.821834
0.966000 0.568183 0.822402
0.967000 0.567360 0.822970
0.968000 0.566536 0.823537
0.969000 0.565712 0.824103
0.970000 0.564887 0.824668
0.971000 0.564062 0.825233
0.972000 0.563236 0.825796
0.973000 0.562409 0.826359
0.974000 0.561582 0.826921
0.975000 0.560754 0.827482
0.976000 0.559926 0.828043
0.977000 0.559097 0.828602
0.978000 0.558268 0.829161
0.979000 0.557438 0.829719
0.980000 0.556607 0.830276
0.981000 0.555776 0.830832
0.982000 0.554945 0.831387
0.983000 0.554113 0.831942
0.984000 0.553280 0.832496
0.985000 0.552447 0.833048
0.986000 0.551613 0.833600
0.987000 0.550778 0.834152
0.988000 0.549943 0.834702
0.989000 0.549108 0.835252
0.990000 0.548272 0.835800
0.991000 0.547435 0.836348
0.992000 0.546598 0.836895
0.993000 0.545761 0.837441
0.994000 0.544922 0.837987
0.995000 0.544084 0.838531
0.996000 0.543244 0.839075
0.997000 0.542404 0.839618
0.998000 0.541564 0.840160
0.999000 0.540723 0.840701
1.000000 0.539882 0.841241
1.001000 0.539040 0.841781
1.002000 0.538197 0.842319
1.003000 0.537354 0.842857
1.004000 0.536510 0.843394
1.005000 0.535666 0.843930
1.006000 0.534821 0.844465
1.007000 0.533976 0.845000
1.008000 0.533130 0.845533
1.009000 0.532284 0.846066
1.010000 0.531437 0.846598
1.011000 0.530590 0.847129
1.012000 0.529742 0.847659
1.013000 0.528894 0.848188
1.014000 0.528045 0.848717
1.015000 0.527195 0.849244
1.016000 0.526345 0.849771
1.017000 0.525495 0.850297
1.018000 0.524644 0.850822
1.019000 0.523792 0.851346
1.020000 0.522940 0.851870
1.021000 0.522087 0.852392
1.022000 0.521234 0.852914
1.023000 0.520380 0.853435
1.024000 0.519526 0.853955
1.025000 0.518672 0.854474
1.026000 0.517816 0.854992
1.027000 0.516961 0.855509
1.028000 0.516104 0.856026
1.029000 0.515248 0.856542
1.030000 0.514390 0.857056
1.031000 0.513532 0.857570
1.032000 0.512674 0.858083
1.033000 0.511815 0.858596
1.034000 0.510956 0.859107
1.035000 0.510096 0.859618
1.036000 0.509236 0.860127
1.037000 0.508375 0.860636
1.038000 0.507513 0.861144
1.039000 0.506652 0.861651
1.040000 0.505789 0.862157
1.041000 0.504926 0.862663
1.042000 0.504063 0.863167
1.043000 0.503199 0.863671
1.044000 0.502334 0.864174
1.045000 0.501470 0.864675
1.046000 0.500604 0.865176
1.047000 0.499738 0.865677
1.048000 0.498872 0.866176
1.049000 0.498005 0.866674
1.050000 0.497137 0.867172
1.051000 0.496269 0.867669
1.052000 0.495401 0.868164
1.053000 0.494532 0.868659
1.054000 0.493663 0.869154
1.055000 0.492793 0.869647
1.056000 0.491922 0.870139
1.057000 0.491052 0.870631
1.058000 0.490180 0.871121
1.059000 0.489308 0.871611
1.060000 0.488436 0.872100
1.061000 0.487563 0.872588
1.062000 0.486690 0.873075
1.063000 0.485816 0.873561
1.064000 0.484942 0.874047
1.065000 0.484067 0.874531
1.066000 0.483192 0.875015
1.067000 0.482316 0.875497
1.068000 0.481440 0.875979
1.069000 0.480563 0.876460
1.070000 0.479686 0.876940
1.071000 0.478808 0.877420
1.072000 0.477930 0.877898
1.073000 0.477051 0.878376
1.074000 0.476172 0.878852
1.075000 0.475292 0.879328
1.076000 0.474412 0.879803
1.077000 0.473532 0.880277
1.078000 0.472651 0.880750
1.079000 0.471769 0.881222
1.080000 0.470887 0.881693
1.081000 0.470005 0.882164
1.082000 0.469122 0.882633
1.083000 0.468239 0.883102
1.084000 0.467355 0.883570
1.085000 0.466471 0.884037
1.086000 0.465586 0.884503
1.087000 0.464701 0.884968
1.088000 0.463815 0.885432
1.089000 0.462929 0.885896
1.090000 0.462042 0.886358
1.091000 0.461155 0.886820
1.092000 0.460267 0.887280
1.093000 0.459379 0.887740
1.094000 0.458491 0.888199
1.095000 0.457602 0.888657
1.096000 0.456713 0.889114
1.097000 0.455823 0.889571
1.098000 0.454933 0.890026
1.099000 0.454042 0.890480
1.100000 0.453151 0.890934
1.101000 0.452259 0.891387
1.102000 0.451367 0.891839
1.103000 0.450474 0.892290
1.104000 0.449581 0.892740
1.105000 0.448688 0.893189
1.106000 0.447794 0.893637
1.107000 0.446899 0.894084
1.108000 0.446005 0.894531
1.109000 0.445109 0.894976
1.110000 0.444214 0.895421
1.111000 0.443318 0.895865
1.112000 0.442421 0.896308
1.113000 0.441524 0.896750
1.114000 0.440626 0.897191
1.115000 0.439729 0.897631
1.116000 0.438830 0.898070
1.117000 0.437931 0.898508
1.118000 0.437032 0.898946
1.119000 0.436133 0.899383
1.120000 0.435232 0.899818
1.121000 0.434332 0.900253
1.122000 0.433431 0.900687
1.123000 0.432530 0.901120
1.124000 0.431628 0.901552
1.125000 0.430725 0.901983
1.126000 0.429823 0.902413
1.127000 0.428920 0.902843
1.128000 0.428016 0.903271
1.129000 0.427112 0.903699
1.130000 0.426208 0.904125
1.131000 0.425303 0.904551
1.132000 0.424398 0.904976
1.133000 0.423492 0.905400
1.134000 0.422586 0.905823
1.135000 0.421679 0.906245
1.136000 0.420772 0.906666
1.137000 0.419865 0.907087
1.138000 0.418957 0.907506
1.139000 0.418049 0.907925
1.140000 0.417140 0.908342
1.141000 0.416231 0.908759
1.142000 0.415322 0.909175
1.143000 0.414412 0.909590
1.144000 0.413502 0.910004
1.145000 0.412591 0.910417
1.146000 0.411680 0.910829
1.147000 0.410768 0.911240
1.148000 0.409856 0.911650
1.149000 0.408944 0.912060
1.150000 0.408031 0.912468
1.151000 0.407118 0.912876
1.152000 0.406204 0.913282
1.153000 0.405290 0.913688
1.154000 0.404376 0.914093
1.155000 0.403461 0.914497
1.156000 0.402546 0.914900
1.157000 0.401630 0.915302
1.158000 0.400714 0.915703
1.159000 0.399798 0.916103
1.160000 0.398881 0.916503
1.161000 0.397964 0.916901
1.162000 0.397046 0.917299
1.163000 0.396128 0.917695
1.164000 0.395210 0.918091
1.165000 0.394291 0.918486
1.166000 0.393372 0.918879
1.167000 0.392452 0.919272
1.168000 0.391532 0.919664
1.169000 0.390612 0.920055
1.170000 0.389691 0.920446
1.171000 0.388770 0.920835
1.172000 0.387849 0.921223
1.173000 0.386927 0.921611
1.174000 0.386004 0.921997
1.175000 0.385082 0.922383
1.176000 0.384159 0.922767
1.177000 0.383235 0.923151
1.178000 0.382311 0.923534
1.179000 0.381387 0.923915
1.180000 0.380463 0.924296
1.181000 0.379538 0.924676
1.182000 0.378612 0.925055
1.183000 0.377686 0.925434
1.184000 0.376760 0.925811
1.185000 0.375834 0.926187
1.186000 0.374907 0.926563
1.187000 0.373980 0.926937
1.188000 0.373052 0.927310
1.189000 0.372124 0.927683
1.190000 0.371196 0.928055
1.191000 0.370267 0.928425
1.192000 0.369338 0.928795
1.193000 0.368408 0.929164
1.194000 0.367479 0.929532
1.195000 0.366548 0.929899
1.196000 0.365618 0.930265
1.197000 0.364687 0.930630
1.198000 0.363756 0.930995
1.199000 0.362824 0.931358
1.200000 0.361892 0.931720
1.201000 0.360959 0.932082
1.202000 0.360027 0.932442
1.203000 0.359094 0.932802
1.204000 0.358160 0.933160
1.205000 0.357226 0.933518
1.206000 0.356292 0.933875
1.207000 0.355357 0.934231
1.208000 0.354423 0.934585
1.209000 0.353487 0.934939
1.210000 0.352552 0.935292
1.211000 0.351616 0.935645
1.212000 0.350679 0.935996
1.213000 0.349743 0.936346
1.214000 0.348806 0.936695
1.215000 0.347868 0.937043
1.216000 0.346931 0.937391
1.217000 0.345993 0.937737
1.218000 0.345054 0.938083
1.219000 0.344115 0.938427
1.220000 0.343176 0.938771
1.221000 0.342237 0.939114
1.222000 0.341297 0.939456
1.223000 0.340357 0.939796
1.224000 0.339416 0.940136
1.225000 0.338476 0.940475
1.226000 0.337534 0.940813
1.227000 0.336593 0.941150
1.228000 0.335651 0.941486
1.229000 0.334709 0.941822
1.230000 0.333767 0.942156
1.231000 0.332824 0.942489
1.232000 0.331881 0.942821
1.233000 0.330937 0.943153
1.234000 0.329993 0.943483
1.235000 0.329049 0.943813
1.236000 0.328105 0.944141
1.237000 0.327160 0.944469
1.238000 0.326215 0.944796
1.239000 0.325269 0.945122
1.240000 0.324323 0.945446
1.241000 0.323377 0.945770
1.242000 0.322431 0.946093
1.243000 0.321484 0.946415
1.244000 0.320537 0.946736
1.245000 0.319590 0.947056
1.246000 0.318642 0.947375
1.247000 0.317694 0.947693
1.248000 0.316746 0.948011
1.249000 0.315797 0.948327
1.250000 0.314848 0.948642
1.251000 0.313899 0.948957
1.252000 0.312949 0.949270
1.253000 0.311999 0.949582
1.254000 0.311049 0.949894
1.255000 0.310098 0.950205
1.256000 0.309147 0.950514
1.257000 0.308196 0.950823
1.258000 0.307245 0.951131
1.259000 0.306293 0.951437
1.260000 0.305341 0.951743
1.261000 0.304389 0.952048
1.262000 0.303436 0.952352
1.263000 0.302483 0.952655
1.264000 0.301530 0.952957
1.265000 0.300576 0.953258
1.266000 0.299622 0.953558
1.267000 0.298668 0.953857
1.268000 0.297713 0.954155
1.269000 0.296758 0.954453
1.270000 0.295803 0.954749
1.271000 0.294848 0.955044
1.272000 0.293892 0.955339
1.273000 0.292936 0.955632
1.274000 0.291980 0.955924
1.275000 0.291023 0.956216
1.276000 0.290067 0.956507
1.277000 0.289109 0.956796
1.278000 0.288152 0.957085
1.279000 0.287194 0.957372
1.280000 0.286236 0.957659
1.281000 0.285278 0.957945
1.282000 0.284319 0.958230
1.283000 0.283360 0.958514
1.284000 0.282401 0.958796
1.285000 0.281442 0.959078
1.286000 0.280482 0.959359
1.287000 0.279522 0.959639
1.288000 0.278562 0.959918
1.289000 0.277601 0.960196
1.290000 0.276641 0.960474
1.291000 0.275679 0.960750
1.292000 0.274718 0.961025
1.293000 0.273756 0.961299
1.294000 0.272794 0.961572
1.295000 0.271832 0.961845
1.296000 0.270870 0.962116
1.297000 0.269907 0.962386
1.298000 0.268944 0.962656
1.299000 0.267981 0.962924
1.300000 0.267017 0.963192
1.301000 0.266053 0.963458
1.302000 0.265089 0.963724
1.303000 0.264125 0.963989
1.304000 0.263160 0.964252
1.305000 0.262195 0.964515
1.306000 0.261230 0.964777
1.307000 0.260265 0.965037
1.308000 0.259299 0.965297
1.309000 0.258333 0.965556
1.310000 0.257367 0.965814
1.311000 0.256401 0.966071
1.312000 0.255434 0.966327
1.313000 0.254467 0.966582
1.314000 0.253500 0.966836
1.315000 0.252532 0.967089
1.316000 0.251565 0.967341
1.317000 0.250597 0.967592
1.318000 0.249628 0.967842
1.319000 0.248660 0.968091
1.320000 0.247691 0.968339
1.321000 0.246722 0.968586
1.322000 0.245753 0.968833
1.323000 0.244784 0.969078
1.324000 0.243814 0.969322
1.325000 0.242844 0.969565
1.326000 0.241874 0.969808
1.327000 0.240903 0.970049
1.328000 0.239933 0.970290
1.329000 0.238962 0.970529
1.330000 0.237991 0.970768
1.331000 0.237019 0.971005
1.332000 0.236048 0.971242
1.333000 0.235076 0.971477
1.334000 0.234104 0.971712
1.335000 0.233131 0.971945
1.336000 0.232159 0.972178
1.337000 0.231186 0.972410
1.338000 0.230213 0.972640
1.339000 0.229240 0.972870
1.340000 0.228266 0.973099
1.341000 0.227292 0.973327
1.342000 0.226318 0.973553
1.343000 0.225344 0.973779
1.344000 0.224370 0.974004
1.345000 0.223395 0.974228
1.346000 0.222420 0.974451
1.347000 0.221445 0.974673
1.348000 0.220470 0.974894
1.349000 0.219495 0.975114
1.350000 0.218519 0.975333
1.351000 0.217543 0.975551
1.352000 0.216567 0.975768
1.353000 0.215590 0.975984
1.354000 0.214614 0.976199
1.355000 0.213637 0.976413
1.356000 0.212660 0.976626
1.357000 0.211683 0.976838
1.358000 0.210705 0.977050
1.359000 0.209728 0.977260
1.360000 0.208750 0.977469
1.361000 0.207772 0.977677
1.362000 0.206793 0.977885
1.363000 0.205815 0.978091
1.364000 0.204836 0.978296
1.365000 0.203857 0.978501
1.366000 0.202878 0.978704
1.367000 0.201899 0.978906
1.368000 0.200919 0.979108
1.369000 0.199940 0.979308
1.370000 0.198960 0.979508
1.371000 0.197980 0.979706
1.372000 0.196999 0.979904
1.373000 0.196019 0.980100
1.374000 0.195038 0.980296
1.375000 0.194057 0.980490
1.376000 0.193076 0.980684
1.377000 0.192095 0.980876
1.378000 0.191113 0.981068
1.379000 0.190132 0.981259
1.380000 0.189150 0.981448
1.381000 0.188168 0.981637
1.382000 0.187186 0.981825
1.383000 0.186203 0.982011
1.384000 0.185221 0.982197
1.385000 0.184238 0.982382
1.386000 0.183255 0.982565
1.387000 0.182272 0.982748
1.388000 0.181288 0.982930
1.389000 0.180305 0.983111
1.390000 0.179321 0.983291
1.391000 0.178337 0.983469
1.392000 0.177353 0.983647
1.393000 0.176369 0.983824
1.394000 0.175385 0.984000
1.395000 0.174400 0.984175
1.396000 0.173415 0.984349
1.397000 0.172430 0.984522
1.398000 0.171445 0.984694
1.399000 0.170460 0.984865
1.400000 0.169474 0.985035
1.401000 0.168489 0.985204
1.402000 0.167503 0.985372
1.403000 0.166517 0.985539
1.404000 0.165531 0.985705
1.405000 0.164545 0.985870
1.406000 0.163558 0.986034
1.407000 0.162572 0.986197
1.408000 0.161585 0.986359
1.409000 0.160598 0.986520
1.410000 0.159611 0.986680
1.411000 0.158624 0.986839
1.412000 0.157636 0.986997
1.413000 0.156649 0.987154
1.414000 0.155661 0.987311
1.415000 0.154673 0.987466
1.416000 0.153685 0.987620
1.417000 0.152697 0.987773
1.418000 0.151708 0.987925
1.419000 0.150720 0.988077
1.420000 0.149731 0.988227
1.421000 0.148742 0.988376
1.422000 0.147753 0.988524
1.423000 0.146764 0.988672
1.424000 0.145775 0.988818
1.425000 0.144786 0.988963
1.426000 0.143796 0.989107
1.427000 0.142807 0.989251
1.428000 0.141817 0.989393
1.429000 0.140827 0.989534
1.430000 0.139837 0.989675
1.431000 0.138846 0.989814
1.432000 0.137856 0.989952
1.433000 0.136865 0.990090
1.434000 0.135875 0.990226
1.435000 0.134884 0.990361
1.436000 0.133893 0.990496
1.437000 0.132902 0.990629
1.438000 0.131911 0.990762
1.439000 0.130920 0.990893
1.440000 0.129928 0.991023
1.441000 0.128936 0.991153
1.442000 0.127945 0.991281
1.443000 0.126953 0.991409
1.444000 0.125961 0.991535
1.445000 0.124969 0.991661
1.446000 0.123977 0.991785
1.447000 0.122984 0.991909
1.448000 0.121992 0.992031
1.449000 0.120999 0.992153
1.450000 0.120006 0.992273
1.451000 0.119014 0.992393
1.452000 0.118021 0.992511
1.453000 0.117028 0.992629
1.454000 0.116034 0.992745
1.455000 0.115041 0.992861
1.456000 0.114048 0.992975
1.457000 0.113054 0.993089
1.458000 0.112061 0.993201
1.459000 0.111067 0.993313
1.460000 0.110073 0.993424
1.461000 0.109079 0.993533
1.462000 0.108085 0.993642
1.463000 0.107091 0.993749
1.464000 0.106096 0.993856
1.465000 0.105102 0.993962
1.466000 0.104107 0.994066
1.467000 0.103113 0.994170
1.468000 0.102118 0.994272
1.469000 0.101123 0.994374
1.470000 0.100128 0.994475
1.471000 0.099133 0.994574
1.472000 0.098138 0.994673
1.473000 0.097143 0.994770
1.474000 0.096148 0.994867
1.475000 0.095152 0.994963
1.476000 0.094157 0.995057
1.477000 0.093161 0.995151
1.478000 0.092165 0.995244
1.479000 0.091170 0.995335
1.480000 0.090174 0.995426
1.481000 0.089178 0.995516
1.482000 0.088182 0.995604
1.483000 0.087186 0.995692
1.484000 0.086189 0.995779
1.485000 0.085193 0.995865
1.486000 0.084197 0.995949
1.487000 0.083200 0.996033
1.488000 0.082204 0.996116
1.489000 0.081207 0.996197
1.490000 0.080210 0.996278
1.491000 0.079213 0.996358
1.492000 0.078216 0.996436
1.493000 0.077219 0.996514
1.494000 0.076222 0.996591
1.495000 0.075225 0.996667
1.496000 0.074228 0.996741
1.497000 0.073231 0.996815
1.498000 0.072233 0.996888
1.499000 0.071236 0.996960
1.500000 0.070239 0.997030
1.501000 0.069241 0.997100
1.502000 0.068243 0.997169
1.503000 0.067246 0.997236
1.504000 0.066248 0.997303
1.505000 0.065250 0.997369
1.506000 0.064252 0.997434
1.507000 0.063254 0.997497
1.508000 0.062256 0.997560
1.509000 0.061258 0.997622
1.510000 0.060260 0.997683
1.511000 0.059262 0.997743
1.512000 0.058263 0.997801
1.513000 0.057265 0.997859
1.514000 0.056267 0.997916
1.515000 0.055268 0.997972
1.516000 0.054270 0.998026
1.517000 0.053271 0.998080
1.518000 0.052273 0.998133
1.519000 0.051274 0.998185
1.520000 0.050275 0.998235
1.521000 0.049276 0.998285
1.522000 0.048278 0.998334
1.523000 0.047279 0.998382
1.524000 0.046280 0.998429
1.525000 0.045281 0.998474
1.526000 0.044282 0.998519
1.527000 0.043283 0.998563
1.528000 0.042284 0.998606
1.529000 0.041285 0.998647
1.530000 0.040286 0.998688
1.531000 0.039286 0.998728
1.532000 0.038287 0.998767
1.533000 0.037288 0.998805
1.534000 0.036288 0.998841
1.535000 0.035289 0.998877
1.536000 0.034290 0.998912
1.537000 0.033290 0.998946
1.538000 0.032291 0.998979
1.539000 0.031291 0.999010
1.540000 0.030292 0.999041
1.541000 0.029292 0.999071
1.542000 0.028293 0.999100
1.543000 0.027293 0.999128
1.544000 0.026293 0.999154
1.545000 0.025294 0.999180
1.546000 0.024294 0.999205
1.547000 0.023294 0.999229
1.548000 0.022295 0.999251
1.549000 0.021295 0.999273
1.550000 0.020295 0.999294
1.551000 0.019295 0.999314
1.552000 0.018295 0.999333
1.553000 0.017296 0.999350
1.554000 0.016296 0.999367
1.555000 0.015296 0.999383
1.556000 0.014296 0.999398
1.557000 0.013296 0.999412
1.558000 0.012296 0.999424
1.559000 0.011296 0.999436
1.560000 0.010296 0.999447
1.561000 0.009296 0.999457
1.562000 0.008296 0.999466
1.563000 0.007296 0.999473
1.564000 0.006296 0.999480
1.565000 0.005296 0.999486
1.566000 0.004296 0.999491
1.567000 0.003296 0.999495
1.568000 0.002296 0.999497
1.569000 0.001296 0.999499
1.570000 0.000296 0.999500
1.571000 -0.000704 0.999500
1.572000 -0.001704 0.999499
1.573000 -0.002704 0.999496
1.574000 -0.003704 0.999493
1.575000 -0.004704 0.999489
1.576000 -0.005704 0.999484
1.577000 -0.006704 0.999478
1.578000 -0.007704 0.999470
1.579000 -0.008703 0.999462
1.580000 -0.009703 0.999453
1.581000 -0.010703 0.999443
1.582000 -0.011703 0.999432
1.583000 -0.012703 0.999419
1.584000 -0.013703 0.999406
1.585000 -0.014703 0.999392
1.586000 -0.015703 0.999377
1.587000 -0.016703 0.999361
1.588000 -0.017703 0.999343
1.589000 -0.018703 0.999325
1.590000 -0.019702 0.999306
1.591000 -0.020702 0.999286
1.592000 -0.021702 0.999265
1.593000 -0.022702 0.999242
1.594000 -0.023701 0.999219
1.595000 -0.024701 0.999195
1.596000 -0.025701 0.999170
1.597000 -0.026700 0.999144
1.598000 -0.027700 0.999116
1.599000 -0.028700 0.999088
1.600000 -0.029699 0.999059
1.601000 -0.030699 0.999029
1.602000 -0.031698 0.998998
1.603000 -0.032698 0.998965
1.604000 -0.033697 0.998932
1.605000 -0.034697 0.998898
1.606000 -0.035696 0.998863
1.607000 -0.036695 0.998827
1.608000 -0.037695 0.998789
1.609000 -0.038694 0.998751
1.610000 -0.039693 0.998712
1.611000 -0.040692 0.998672
1.612000 -0.041692 0.998631
1.613000 -0.042691 0.998588
1.614000 -0.043690 0.998545
1.615000 -0.044689 0.998501
1.616000 -0.045688 0.998456
1.617000 -0.046687 0.998410
1.618000 -0.047686 0.998362
1.619000 -0.048684 0.998314
1.620000 -0.049683 0.998265
1.621000 -0.050682 0.998215
1.622000 -0.051681 0.998164
1.623000 -0.052679 0.998112
1.624000 -0.053678 0.998058
1.625000 -0.054676 0.998004
1.626000 -0.055675 0.997949
1.627000 -0.056673 0.997893
1.628000 -0.057672 0.997836
1.629000 -0.058670 0.997777
1.630000 -0.059668 0.997718
1.631000 -0.060666 0.997658
1.632000 -0.061664 0.997597
1.633000 -0.062663 0.997535
1.634000 -0.063661 0.997472
1.635000 -0.064658 0.997407
1.636000 -0.065656 0.997342
1.637000 -0.066654 0.997276
1.638000 -0.067652 0.997209
1.639000 -0.068650 0.997141
1.640000 -0.069647 0.997072
1.641000 -0.070645 0.997002
1.642000 -0.071642 0.996930
1.643000 -0.072640 0.996858
1.644000 -0.073637 0.996785
1.645000 -0.074634 0.996711
1.646000 -0.075631 0.996636
1.647000 -0.076628 0.996560
1.648000 -0.077625 0.996483
1.649000 -0.078622 0.996405
1.650000 -0.079619 0.996325
1.651000 -0.080616 0.996245
1.652000 -0.081613 0.996164
1.653000 -0.082609 0.996082
1.654000 -0.083606 0.995999
1.655000 -0.084602 0.995915
1.656000 -0.085599 0.995830
1.657000 -0.086595 0.995744
1.658000 -0.087591 0.995657
1.659000 -0.088587 0.995568
1.660000 -0.089583 0.995479
1.661000 -0.090579 0.995389
1.662000 -0.091575 0.995298
1.663000 -0.092571 0.995206
1.664000 -0.093567 0.995113
1.665000 -0.094562 0.995019
1.666000 -0.095558 0.994924
1.667000 -0.096553 0.994828
1.668000 -0.097548 0.994731
1.669000 -0.098543 0.994633
1.670000 -0.099538 0.994534
1.671000 -0.100533 0.994434
1.672000 -0.101528 0.994333
1.673000 -0.102523 0.994231
1.674000 -0.103518 0.994128
1.675000 -0.104512 0.994024
1.676000 -0.105507 0.993919
1.677000 -0.106501 0.993813
1.678000 -0.107495 0.993706
1.679000 -0.108490 0.993598
1.680000 -0.109484 0.993489
1.681000 -0.110478 0.993379
1.682000 -0.111471 0.993268
1.683000 -0.112465 0.993156
1.684000 -0.113459 0.993043
1.685000 -0.114452 0.992929
1.686000 -0.115446 0.992814
1.687000 -0.116439 0.992698
1.688000 -0.117432 0.992581
1.689000 -0.118425 0.992463
1.690000 -0.119418 0.992344
1.691000 -0.120411 0.992224
1.692000 -0.121403 0.992103
1.693000 -0.122396 0.991981
1.694000 -0.123388 0.991858
1.695000 -0.124381 0.991735
1.696000 -0.125373 0.991610
1.697000 -0.126365 0.991484
1.698000 -0.127357 0.991357
1.699000 -0.128349 0.991229
1.700000 -0.129340 0.991100
1.701000 -0.130332 0.990970
1.702000 -0.131323 0.990840
1.703000 -0.132314 0.990708
1.704000 -0.133306 0.990575
1.705000 -0.134297 0.990441
1.706000 -0.135287 0.990306
1.707000 -0.136278 0.990171
1.708000 -0.137269 0.990034
1.709000 -0.138259 0.989896
1.710000 -0.139250 0.989757
1.711000 -0.140240 0.989618
1.712000 -0.141230 0.989477
1.713000 -0.142220 0.989335
1.714000 -0.143210 0.989192
1.715000 -0.144199 0.989049
1.716000 -0.145189 0.988904
1.717000 -0.146178 0.988758
1.718000 -0.147167 0.988612
1.719000 -0.148156 0.988464
1.720000 -0.149145 0.988315
1.721000 -0.150134 0.988166
1.722000 -0.151122 0.988015
1.723000 -0.152111 0.987863
1.724000 -0.153099 0.987711
1.725000 -0.154087 0.987557
1.726000 -0.155075 0.987403
1.727000 -0.156063 0.987247
1.728000 -0.157051 0.987091
1.729000 -0.158038 0.986933
1.730000 -0.159026 0.986774
1.731000 -0.160013 0.986615
1.732000 -0.161000 0.986454
1.733000 -0.161987 0.986293
1.734000 -0.162973 0.986130
1.735000 -0.163960 0.985967
1.736000 -0.164946 0.985803
1.737000 -0.165933 0.985637
1.738000 -0.166919 0.985471
1.739000 -0.167904 0.985303
1.740000 -0.168890 0.985135
1.741000 -0.169876 0.984966
1.742000 -0.170861 0.984795
1.743000 -0.171846 0.984624
1.744000 -0.172831 0.984451
1.745000 -0.173816 0.984278
1.746000 -0.174801 0.984104
1.747000 -0.175785 0.983929
1.748000 -0.176770 0.983752
1.749000 -0.177754 0.983575
1.750000 -0.178738 0.983397
1.751000 -0.179722 0.983218
1.752000 -0.180705 0.983037
1.753000 -0.181689 0.982856
1.754000 -0.182672 0.982674
1.755000 -0.183655 0.982491
1.756000 -0.184638 0.982307
1.757000 -0.185621 0.982121
1.758000 -0.186603 0.981935
1.759000 -0.187586 0.981748
1.760000 -0.188568 0.981560
1.761000 -0.189550 0.981371
1.762000 -0.190532 0.981181
1.763000 -0.191513 0.980990
1.764000 -0.192495 0.980798
1.765000 -0.193476 0.980605
1.766000 -0.194457 0.980411
1.767000 -0.195438 0.980216
1.768000 -0.196418 0.980020
1.769000 -0.197399 0.979823
1.770000 -0.198379 0.979625
1.771000 -0.199359 0.979427
1.772000 -0.200339 0.979227
1.773000 -0.201318 0.979026
1.774000 -0.202298 0.978824
1.775000 -0.203277 0.978621
1.776000 -0.204256 0.978418
1.777000 -0.205235 0.978213
1.778000 -0.206213 0.978007
1.779000 -0.207192 0.977800
1.780000 -0.208170 0.977593
1.781000 -0.209148 0.977384
1.782000 -0.210126 0.977174
1.783000 -0.211103 0.976964
1.784000 -0.212081 0.976752
1.785000 -0.213058 0.976540
1.786000 -0.214035 0.976326
1.787000 -0.215011 0.976112
1.788000 -0.215988 0.975896
1.789000 -0.216964 0.975680
1.790000 -0.217940 0.975462
1.791000 -0.218916 0.975244
1.792000 -0.219892 0.975024
1.793000 -0.220867 0.974804
1.794000 -0.221842 0.974583
1.795000 -0.222817 0.974360
1.796000 -0.223792 0.974137
1.797000 -0.224767 0.973913
1.798000 -0.225741 0.973687
1.799000 -0.226715 0.973461
1.800000 -0.227689 0.973234
1.801000 -0.228663 0.973006
1.802000 -0.229636 0.972777
1.803000 -0.230609 0.972547
1.804000 -0.231582 0.972315
1.805000 -0.232555 0.972083
1.806000 -0.233527 0.971850
1.807000 -0.234499 0.971616
1.808000 -0.235471 0.971381
1.809000 -0.236443 0.971145
1.810000 -0.237415 0.970908
1.811000 -0.238386 0.970671
1.812000 -0.239357 0.970432
1.813000 -0.240328 0.970192
1.814000 -0.241298 0.969951
1.815000 -0.242269 0.969709
1.816000 -0.243239 0.969466
1.817000 -0.244209 0.969223
1.818000 -0.245178 0.968978
1.819000 -0.246148 0.968732
1.820000 -0.247117 0.968486
1.821000 -0.248086 0.968238
1.822000 -0.249054 0.967990
1.823000 -0.250023 0.967740
1.824000 -0.250991 0.967490
1.825000 -0.251959 0.967238
1.826000 -0.252926 0.966986
1.827000 -0.253894 0.966732
1.828000 -0.254861 0.966478
1.829000 -0.255828 0.966222
1.830000 -0.256794 0.965966
1.831000 -0.257760 0.965709
1.832000 -0.258727 0.965451
1.833000 -0.259692 0.965191
1.834000 -0.260658 0.964931
1.835000 -0.261623 0.964670
1.836000 -0.262588 0.964408
1.837000 -0.263553 0.964145
1.838000 -0.264518 0.963881
1.839000 -0.265482 0.963616
1.840000 -0.266446 0.963350
1.841000 -0.267409 0.963083
1.842000 -0.268373 0.962815
1.843000 -0.269336 0.962546
1.844000 -0.270299 0.962276
1.845000 -0.271262 0.962006
1.846000 -0.272224 0.961734
1.847000 -0.273186 0.961461
1.848000 -0.274148 0.961188
1.849000 -0.275110 0.960913
1.850000 -0.276071 0.960637
1.851000 -0.277032 0.960361
1.852000 -0.277992 0.960083
1.853000 -0.278953 0.959805
1.854000 -0.279913 0.959525
1.855000 -0.280873 0.959245
1.856000 -0.281833 0.958964
1.857000 -0.282792 0.958681
1.858000 -0.283751 0.958398
1.859000 -0.284710 0.958114
1.860000 -0.285668 0.957829
1.861000 -0.286626 0.957542
1.862000 -0.287584 0.957255
1.863000 -0.288542 0.956967
1.864000 -0.289499 0.956678
1.865000 -0.290456 0.956388
1.866000 -0.291413 0.956097
1.867000 -0.292369 0.955805
1.868000 -0.293326 0.955513
1.869000 -0.294281 0.955219
1.870000 -0.295237 0.954924
1.871000 -0.296192 0.954628
1.872000 -0.297147 0.954332
1.873000 -0.298102 0.954034
1.874000 -0.299056 0.953735
1.875000 -0.300010 0.953436
1.876000 -0.300964 0.953135
1.877000 -0.301918 0.952834
1.878000 -0.302871 0.952532
1.879000 -0.303824 0.952228
1.880000 -0.304776 0.951924
1.881000 -0.305729 0.951619
1.882000 -0.306681 0.951313
1.883000 -0.307632 0.951005
1.884000 -0.308584 0.950697
1.885000 -0.309535 0.950388
1.886000 -0.310485 0.950078
1.887000 -0.311436 0.949767
1.888000 -0.312386 0.949455
1.889000 -0.313336 0.949142
1.890000 -0.314285 0.948829
1.891000 -0.315234 0.948514
1.892000 -0.316183 0.948198
1.893000 -0.317132 0.947882
1.894000 -0.318080 0.947564
1.895000 -0.319028 0.947245
1.896000 -0.319975 0.946926
1.897000 -0.320923 0.946605
1.898000 -0.321870 0.946284
1.899000 -0.322816 0.945962
1.900000 -0.323763 0.945638
1.901000 -0.324709 0.945314
1.902000 -0.325654 0.944989
1.903000 -0.326600 0.944663
1.904000 -0.327545 0.944336
1.905000 -0.328489 0.944008
1.906000 -0.329434 0.943679
1.907000 -0.330378 0.943349
1.908000 -0.331321 0.943018
1.909000 -0.332265 0.942686
1.910000 -0.333208 0.942353
1.911000 -0.334150 0.942020
1.912000 -0.335093 0.941685
1.913000 -0.336035 0.941350
1.914000 -0.336976 0.941013
1.915000 -0.337918 0.940676
1.916000 -0.338859 0.940337
1.917000 -0.339799 0.939998
1.918000 -0.340740 0.939658
1.919000 -0.341680 0.939316
1.920000 -0.342619 0.938974
1.921000 -0.343559 0.938631
1.922000 -0.344498 0.938287
1.923000 -0.345436 0.937942
1.924000 -0.346375 0.937596
1.925000 -0.347312 0.937249
1.926000 -0.348250 0.936902
1.927000 -0.349187 0.936553
1.928000 -0.350124 0.936203
1.929000 -0.351061 0.935853
1.930000 -0.351997 0.935501
1.931000 -0.352933 0.935149
1.932000 -0.353868 0.934795
1.933000 -0.354803 0.934441
1.934000 -0.355738 0.934086
1.935000 -0.356672 0.933730
1.936000 -0.357606 0.933372
1.937000 -0.358540 0.933014
1.938000 -0.359473 0.932655
1.939000 -0.360406 0.932295
1.940000 -0.361339 0.931934
1.941000 -0.362271 0.931573
1.942000 -0.363203 0.931210
1.943000 -0.364135 0.930846
1.944000 -0.365066 0.930482
1.945000 -0.365997 0.930116
1.946000 -0.366927 0.929750
1.947000 -0.367857 0.929382
1.948000 -0.368787 0.929014
1.949000 -0.369716 0.928645
1.950000 -0.370645 0.928275
1.951000 -0.371574 0.927903
1.952000 -0.372502 0.927531
1.953000 -0.373430 0.927158
1.954000 -0.374357 0.926785
1.955000 -0.375284 0.926410
1.956000 -0.376211 0.926034
1.957000 -0.377137 0.925657
1.958000 -0.378063 0.925280
1.959000 -0.378989 0.924901
1.960000 -0.379914 0.924522
1.961000 -0.380839 0.924141
1.962000 -0.381764 0.923760
1.963000 -0.382688 0.923378
1.964000 -0.383611 0.922995
1.965000 -0.384535 0.922611
1.966000 -0.385458 0.922226
1.967000 -0.386380 0.921840
1.968000 -0.387302 0.921453
1.969000 -0.388224 0.921065
1.970000 -0.389145 0.920676
1.971000 -0.390066 0.920287
1.972000 -0.390987 0.919896
1.973000 -0.391907 0.919505
1.974000 -0.392827 0.919112
1.975000 -0.393746 0.918719
1.976000 -0.394665 0.918325
1.977000 -0.395584 0.917930
1.978000 -0.396502 0.917534
1.979000 -0.397420 0.917137
1.980000 -0.398337 0.916739
1.981000 -0.399255 0.916340
1.982000 -0.400171 0.915940
1.983000 -0.401087 0.915540
1.984000 -0.402003 0.915138
1.985000 -0.402919 0.914736
1.986000 -0.403834 0.914332
1.987000 -0.404748 0.913928
1.988000 -0.405663 0.913523
1.989000 -0.406576 0.913117
1.990000 -0.407490 0.912710
1.991000 -0.408403 0.912302
1.992000 -0.409315 0.911893
1.993000 -0.410228 0.911483
1.994000 -0.411139 0.911073
1.995000 -0.412051 0.910661
1.996000 -0.412962 0.910248
1.997000 -0.413872 0.909835
1.998000 -0.414782 0.909421
1.999000 -0.415692 0.909005
2.000000 -0.416601 0.908589
2.001000 -0.417510 0.908172
2.002000 -0.418419 0.907754
2.003000 -0.419327 0.907335
2.004000 -0.420234 0.906916
2.005000 -0.421142 0.906495
2.006000 -0.422048 0.906073
2.007000 -0.422955 0.905651
2.008000 -0.423861 0.905227
2.009000 -0.424766 0.904803
2.010000 -0.425671 0.904378
2.011000 -0.426576 0.903952
2.012000 -0.427480 0.903525
2.013000 -0.428384 0.903097
2.014000 -0.429287 0.902668
2.015000 -0.430190 0.902238
2.016000 -0.431093 0.901808
2.017000 -0.431995 0.901376
2.018000 -0.432897 0.900944
2.019000 -0.433798 0.900510
2.020000 -0.434699 0.900076
2.021000 -0.435599 0.899641
2.022000 -0.436499 0.899205
2.023000 -0.437398 0.898768
2.024000 -0.438297 0.898330
2.025000 -0.439196 0.897891
2.026000 -0.440094 0.897452
2.027000 -0.440992 0.897011
2.028000 -0.441889 0.896570
2.029000 -0.442786 0.896127
2.030000 -0.443682 0.895684
2.031000 -0.444578 0.895240
2.032000 -0.445474 0.894795
2.033000 -0.446369 0.894349
2.034000 -0.447264 0.893902
2.035000 -0.448158 0.893454
2.036000 -0.449052 0.893006
2.037000 -0.449945 0.892556
2.038000 -0.450838 0.892106
2.039000 -0.451730 0.891655
2.040000 -0.452622 0.891202
2.041000 -0.453513 0.890749
2.042000 -0.454405 0.890295
2.043000 -0.455295 0.889841
2.044000 -0.456185 0.889385
2.045000 -0.457075 0.888928
2.046000 -0.457964 0.888471
2.047000 -0.458853 0.888012
2.048000 -0.459741 0.887553
2.049000 -0.460629 0.887093
2.050000 -0.461516 0.886632
2.051000 -0.462403 0.886170
2.052000 -0.463290 0.885707
2.053000 -0.464176 0.885243
2.054000 -0.465061 0.884779
2.055000 -0.465946 0.884313
2.056000 -0.466831 0.883847
2.057000 -0.467715 0.883379
2.058000 -0.468598 0.882911
2.059000 -0.469482 0.882442
2.060000 -0.470364 0.881972
2.061000 -0.471247 0.881502
2.062000 -0.472128 0.881030
2.063000 -0.473010 0.880557
2.064000 -0.473890 0.880084
2.065000 -0.474771 0.879609
2.066000 -0.475651 0.879134
2.067000 -0.476530 0.878658
2.068000 -0.477409 0.878181
2.069000 -0.478287 0.877703
2.070000 -0.479165 0.877225
2.071000 -0.480043 0.876745
2.072000 -0.480920 0.876265
2.073000 -0.481796 0.875783
2.074000 -0.482672 0.875301
2.075000 -0.483548 0.874818
2.076000 -0.484423 0.874334
2.077000 -0.485298 0.873849
2.078000 -0.486172 0.873363
2.079000 -0.487045 0.872877
2.080000 -0.487919 0.872389
2.081000 -0.488791 0.871901
2.082000 -0.489663 0.871412
2.083000 -0.490535 0.870921
2.084000 -0.491406 0.870431
2.085000 -0.492277 0.869939
2.086000 -0.493147 0.869446
2.087000 -0.494017 0.868952
2.088000 -0.494886 0.868458
2.089000 -0.495755 0.867963
2.090000 -0.496623 0.867466
2.091000 -0.497491 0.866969
2.092000 -0.498358 0.866471
2.093000 -0.499225 0.865973
2.094000 -0.500091 0.865473
2.095000 -0.500957 0.864972
2.096000 -0.501822 0.864471
2.097000 -0.502686 0.863969
2.098000 -0.503551 0.863466
2.099000 -0.504414 0.862962
2.100000 -0.505278 0.862457
2.101000 -0.506140 0.861951
2.102000 -0.507002 0.861445
2.103000 -0.507864 0.860937
2.104000 -0.508725 0.860429
2.105000 -0.509586 0.859920
2.106000 -0.510446 0.859410
2.107000 -0.511306 0.858899
2.108000 -0.512165 0.858387
2.109000 -0.513024 0.857874
2.110000 -0.513882 0.857361
2.111000 -0.514739 0.856847
2.112000 -0.515596 0.856332
2.113000 -0.516453 0.855816
2.114000 -0.517309 0.855299
2.115000 -0.518165 0.854781
2.116000 -0.519020 0.854262
2.117000 -0.519874 0.853743
2.118000 -0.520728 0.853223
2.119000 -0.521582 0.852701
2.120000 -0.522435 0.852179
2.121000 -0.523287 0.851657
2.122000 -0.524139 0.851133
2.123000 -0.524990 0.850608
2.124000 -0.525841 0.850083
2.125000 -0.526691 0.849557
2.126000 -0.527541 0.849029
2.127000 -0.528390 0.848502
2.128000 -0.529239 0.847973
2.129000 -0.530087 0.847443
2.130000 -0.530935 0.846913
2.131000 -0.531782 0.846381
2.132000 -0.532629 0.845849
2.133000 -0.533475 0.845316
2.134000 -0.534320 0.844782
2.135000 -0.535165 0.844247
2.136000 -0.536010 0.843712
2.137000 -0.536854 0.843175
2.138000 -0.537697 0.842638
2.139000 -0.538540 0.842100
2.140000 -0.539382 0.841561
2.141000 -0.540224 0.841021
2.142000 -0.541066 0.840480
2.143000 -0.541906 0.839939
2.144000 -0.542746 0.839397
2.145000 -0.543586 0.838853
2.146000 -0.544425 0.838309
2.147000 -0.545264 0.837765
2.148000 -0.546102 0.837219
2.149000 -0.546939 0.836672
2.150000 -0.547776 0.836125
2.151000 -0.548612 0.835577
2.152000 -0.549448 0.835028
2.153000 -0.550283 0.834478
2.154000 -0.551118 0.833927
2.155000 -0.551952 0.833376
2.156000 -0.552786 0.832823
2.157000 -0.553619 0.832270
2.158000 -0.554451 0.831716
2.159000 -0.555283 0.831161
2.160000 -0.556115 0.830606
2.161000 -0.556946 0.830049
2.162000 -0.557776 0.829492
2.163000 -0.558606 0.828933
2.164000 -0.559435 0.828374
2.165000 -0.560263 0.827815
2.166000 -0.561091 0.827254
2.167000 -0.561919 0.826692
2.168000 -0.562746 0.826130
2.169000 -0.563572 0.825567
2.170000 -0.564398 0.825003
2.171000 -0.565223 0.824438
2.172000 -0.566048 0.823872
2.173000 -0.566872 0.823306
2.174000 -0.567695 0.822739
2.175000 -0.568518 0.822171
2.176000 -0.569341 0.821602
2.177000 -0.570162 0.821032
2.178000 -0.570984 0.820461
2.179000 -0.571804 0.819890
2.180000 -0.572624 0.819318
2.181000 -0.573444 0.818745
2.182000 -0.574263 0.818171
2.183000 -0.575081 0.817596
2.184000 -0.575899 0.817021
2.185000 -0.576716 0.816444
2.186000 -0.577533 0.815867
2.187000 -0.578349 0.815289
2.188000 -0.579165 0.814711
2.189000 -0.579980 0.814131
2.190000 -0.580794 0.813551
2.191000 -0.581608 0.812969
2.192000 -0.582421 0.812387
2.193000 -0.583233 0.811805
2.194000 -0.584045 0.811221
2.195000 -0.584857 0.810636
2.196000 -0.585668 0.810051
2.197000 -0.586478 0.809465
2.198000 -0.587288 0.808878
2.199000 -0.588097 0.808291
2.200000 -0.588905 0.807702
2.201000 -0.589713 0.807113
2.202000 -0.590520 0.806523
2.203000 -0.591327 0.805932
2.204000 -0.592133 0.805340
2.205000 -0.592939 0.804747
2.206000 -0.593744 0.804154
2.207000 -0.594548 0.803560
2.208000 -0.595352 0.802965
2.209000 -0.596155 0.802369
2.210000 -0.596958 0.801773
2.211000 -0.597760 0.801175
2.212000 -0.598561 0.800577
2.213000 -0.599362 0.799978
2.214000 -0.600162 0.799378
2.215000 -0.600962 0.798778
2.216000 -0.601761 0.798177
2.217000 -0.602559 0.797574
2.218000 -0.603357 0.796971
2.219000 -0.604154 0.796368
2.220000 -0.604950 0.795763
2.221000 -0.605746 0.795158
2.222000 -0.606542 0.794552
2.223000 -0.607336 0.793945
2.224000 -0.608131 0.793337
2.225000 -0.608924 0.792728
2.226000 -0.609717 0.792119
2.227000 -0.610509 0.791509
2.228000 -0.611301 0.790898
2.229000 -0.612092 0.790286
2.230000 -0.612883 0.789674
2.231000 -0.613673 0.789061
2.232000 -0.614462 0.788447
2.233000 -0.615250 0.787832
2.234000 -0.616038 0.787216
2.235000 -0.616826 0.786600
2.236000 -0.617613 0.785982
2.237000 -0.618399 0.785364
2.238000 -0.619184 0.784746
2.239000 -0.619969 0.784126
2.240000 -0.620754 0.783506
2.241000 -0.621537 0.782885
2.242000 -0.622320 0.782263
2.243000 -0.623103 0.781640
2.244000 -0.623885 0.781016
2.245000 -0.624666 0.780392
2.246000 -0.625446 0.779767
2.247000 -0.626226 0.779141
2.248000 -0.627006 0.778515
2.249000 -0.627784 0.777887
2.250000 -0.628563 0.777259
2.251000 -0.629340 0.776630
2.252000 -0.630117 0.776000
2.253000 -0.630893 0.775370
2.254000 -0.631669 0.774739
2.255000 -0.632443 0.774107
2.256000 -0.633218 0.773474
2.257000 -0.633991 0.772840
2.258000 -0.634764 0.772206
2.259000 -0.635537 0.771571
2.260000 -0.636309 0.770935
2.261000 -0.637080 0.770298
2.262000 -0.637850 0.769660
2.263000 -0.638620 0.769022
2.264000 -0.639389 0.768383
2.265000 -0.640158 0.767743
2.266000 -0.640926 0.767103
2.267000 -0.641693 0.766462
2.268000 -0.642460 0.765820
2.269000 -0.643226 0.765177
2.270000 -0.643991 0.764533
2.271000 -0.644756 0.763889
2.272000 -0.645520 0.763244
2.273000 -0.646283 0.762598
2.274000 -0.647046 0.761951
2.275000 -0.647808 0.761304
2.276000 -0.648570 0.760655
2.277000 -0.649330 0.760006
2.278000 -0.650091 0.759357
2.279000 -0.650850 0.758706
2.280000 -0.651609 0.758055
2.281000 -0.652367 0.757403
2.282000 -0.653125 0.756750
2.283000 -0.653882 0.756097
2.284000 -0.654638 0.755443
2.285000 -0.655394 0.754788
2.286000 -0.656149 0.754132
2.287000 -0.656903 0.753475
2.288000 -0.657656 0.752818
2.289000 -0.658409 0.752160
2.290000 -0.659162 0.751501
2.291000 -0.659913 0.750842
2.292000 -0.660664 0.750181
2.293000 -0.661415 0.749520
2.294000 -0.662165 0.748858
2.295000 -0.662914 0.748196
2.296000 -0.663662 0.747533
2.297000 -0.664410 0.746869
2.298000 -0.665157 0.746204
2.299000 -0.665903 0.745538
2.300000 -0.666649 0.744872
2.301000 -0.667394 0.744205
2.302000 -0.668138 0.743537
2.303000 -0.668882 0.742869
2.304000 -0.669625 0.742199
2.305000 -0.670367 0.741529
2.306000 -0.671109 0.740859
2.307000 -0.671850 0.740187
2.308000 -0.672590 0.739515
2.309000 -0.673330 0.738842
2.310000 -0.674069 0.738168
2.311000 -0.674807 0.737494
2.312000 -0.675545 0.736819
2.313000 -0.676282 0.736143
2.314000 -0.677018 0.735466
2.315000 -0.677754 0.734789
2.316000 -0.678489 0.734111
2.317000 -0.679223 0.733432
2.318000 -0.679957 0.732752
2.319000 -0.680690 0.732072
2.320000 -0.681422 0.731391
2.321000 -0.682153 0.730709
2.322000 -0.682884 0.730027
2.323000 -0.683614 0.729343
2.324000 -0.684344 0.728659
2.325000 -0.685073 0.727975
2.326000 -0.685801 0.727289
2.327000 -0.686528 0.726603
2.328000 -0.687255 0.725916
2.329000 -0.687981 0.725228
2.330000 -0.688707 0.724540
2.331000 -0.689431 0.723851
2.332000 -0.690155 0.723161
2.333000 -0.690879 0.722471
2.334000 -0.691601 0.721780
2.335000 -0.692323 0.721088
2.336000 -0.693044 0.720395
2.337000 -0.693765 0.719701
2.338000 -0.694485 0.719007
2.339000 -0.695204 0.718313
2.340000 -0.695922 0.717617
2.341000 -0.696640 0.716921
2.342000 -0.697357 0.716224
2.343000 -0.698074 0.715526
2.344000 -0.698789 0.714828
2.345000 -0.699504 0.714128
2.346000 -0.700219 0.713429
2.347000 -0.700932 0.712728
2.348000 -0.701645 0.712027
2.349000 -0.702357 0.711325
2.350000 -0.703069 0.710622
2.351000 -0.703779 0.709919
2.352000 -0.704490 0.709214
2.353000 -0.705199 0.708510
2.354000 -0.705908 0.707804
2.355000 -0.706615 0.707098
2.356000 -0.707323 0.706391
2.357000 -0.708029 0.705683
2.358000 -0.708735 0.704975
2.359000 -0.709440 0.704266
2.360000 -0.710145 0.703556
2.361000 -0.710848 0.702845
2.362000 -0.711551 0.702134
2.363000 -0.712254 0.701422
2.364000 -0.712955 0.700710
2.365000 -0.713656 0.699996
2.366000 -0.714356 0.699282
2.367000 -0.715056 0.698568
2.368000 -0.715754 0.697852
2.369000 -0.716452 0.697136
2.370000 -0.717150 0.696419
2.371000 -0.717846 0.695702
2.372000 -0.718542 0.694984
2.373000 -0.719237 0.694265
2.374000 -0.719931 0.693545
2.375000 -0.720625 0.692825
2.376000 -0.721318 0.692104
2.377000 -0.722010 0.691382
2.378000 -0.722702 0.690660
2.379000 -0.723393 0.689937
2.380000 -0.724083 0.689213
2.381000 -0.724772 0.688489
2.382000 -0.725461 0.687764
2.383000 -0.726149 0.687038
2.384000 -0.726836 0.686311
2.385000 -0.727522 0.685584
2.386000 -0.728208 0.684856
2.387000 -0.728893 0.684128
2.388000 -0.729577 0.683398
2.389000 -0.730261 0.682668
2.390000 -0.730944 0.681938
2.391000 -0.731626 0.681207
2.392000 -0.732307 0.680475
2.393000 -0.732988 0.679742
2.394000 -0.733667 0.679009
2.395000 -0.734347 0.678275
2.396000 -0.735025 0.677540
2.397000 -0.735703 0.676805
2.398000 -0.736380 0.676069
2.399000 -0.737056 0.675332
2.400000 -0.737731 0.674594
2.401000 -0.738406 0.673856
2.402000 -0.739080 0.673118
2.403000 -0.739753 0.672378
2.404000 -0.740426 0.671638
2.405000 -0.741098 0.670897
2.406000 -0.741769 0.670156
2.407000 -0.742439 0.669414
2.408000 -0.743108 0.668671
2.409000 -0.743777 0.667928
2.410000 -0.744445 0.667183
2.411000 -0.745113 0.666439
2.412000 -0.745779 0.665693
2.413000 -0.746445 0.664947
2.414000 -0.747110 0.664200
2.415000 -0.747774 0.663453
2.416000 -0.748438 0.662705
2.417000 -0.749101 0.661956
2.418000 -0.749763 0.661207
2.419000 -0.750424 0.660457
2.420000 -0.751085 0.659706
2.421000 -0.751745 0.658954
2.422000 -0.752404 0.658202
2.423000 -0.753062 0.657450
2.424000 -0.753720 0.656696
2.425000 -0.754376 0.655942
2.426000 -0.755032 0.655187
2.427000 -0.755688 0.654432
2.428000 -0.756342 0.653676
2.429000 -0.756996 0.652919
2.430000 -0.757649 0.652162
2.431000 -0.758301 0.651404
2.432000 -0.758953 0.650645
2.433000 -0.759604 0.649886
2.434000 -0.760254 0.649126
2.435000 -0.760903 0.648366
2.436000 -0.761551 0.647604
2.437000 -0.762199 0.646843
2.438000 -0.762846 0.646080
2.439000 -0.763492 0.645317
2.440000 -0.764138 0.644553
2.441000 -0.764782 0.643789
2.442000 -0.765426 0.643023
2.443000 -0.766069 0.642258
2.444000 -0.766712 0.641491
2.445000 -0.767353 0.640724
2.446000 -0.767994 0.639957
2.447000 -0.768634 0.639188
2.448000 -0.769274 0.638419
2.449000 -0.769912 0.637650
2.450000 -0.770550 0.636880
2.451000 -0.771187 0.636109
2.452000 -0.771823 0.635337
2.453000 -0.772459 0.634565
2.454000 -0.773093 0.633792
2.455000 -0.773727 0.633019
2.456000 -0.774360 0.632245
2.457000 -0.774993 0.631470
2.458000 -0.775624 0.630695
2.459000 -0.776255 0.629919
2.460000 -0.776885 0.629142
2.461000 -0.777514 0.628365
2.462000 -0.778143 0.627587
2.463000 -0.778771 0.626809
2.464000 -0.779397 0.626030
2.465000 -0.780024 0.625250
2.466000 -0.780649 0.624470
2.467000 -0.781274 0.623689
2.468000 -0.781897 0.622907
2.469000 -0.782520 0.622125
2.470000 -0.783143 0.621342
2.471000 -0.783764 0.620559
2.472000 -0.784385 0.619775
2.473000 -0.785005 0.618990
2.474000 -0.785624 0.618205
2.475000 -0.786242 0.617419
2.476000 -0.786860 0.616632
2.477000 -0.787476 0.615845
2.478000 -0.788092 0.615057
2.479000 -0.788707 0.614269
2.480000 -0.789322 0.613480
2.481000 -0.789935 0.612690
2.482000 -0.790548 0.611900
2.483000 -0.791160 0.611109
2.484000 -0.791771 0.610318
2.485000 -0.792382 0.609525
2.486000 -0.792991 0.608733
2.487000 -0.793600 0.607939
2.488000 -0.794208 0.607146
2.489000 -0.794816 0.606351
2.490000 -0.795422 0.605556
2.491000 -0.796028 0.604760
2.492000 -0.796633 0.603964
2.493000 -0.797237 0.603167
2.494000 -0.797840 0.602369
2.495000 -0.798442 0.601571
2.496000 -0.799044 0.600773
2.497000 -0.799645 0.599973
2.498000 -0.800245 0.599173
2.499000 -0.800844 0.598373
2.500000 -0.801443 0.597572
2.501000 -0.802040 0.596770
2.502000 -0.802637 0.595967
2.503000 -0.803233 0.595165
2.504000 -0.803829 0.594361
2.505000 -0.804423 0.593557
2.506000 -0.805017 0.592752
2.507000 -0.805610 0.591947
2.508000 -0.806202 0.591141
2.509000 -0.806793 0.590334
2.510000 -0.807383 0.589527
2.511000 -0.807973 0.588720
2.512000 -0.808562 0.587911
2.513000 -0.809150 0.587103
2.514000 -0.809737 0.586293
2.515000 -0.810323 0.585483
2.516000 -0.810909 0.584672
2.517000 -0.811494 0.583861
2.518000 -0.812078 0.583049
2.519000 -0.812661 0.582237
2.520000 -0.813243 0.581424
2.521000 -0.813825 0.580611
2.522000 -0.814405 0.579796
2.523000 -0.814985 0.578982
2.524000 -0.815564 0.578167
2.525000 -0.816142 0.577351
2.526000 -0.816720 0.576534
2.527000 -0.817297 0.575717
2.528000 -0.817872 0.574900
2.529000 -0.818447 0.574081
2.530000 -0.819022 0.573263
2.531000 -0.819595 0.572443
2.532000 -0.820167 0.571624
2.533000 -0.820739 0.570803
2.534000 -0.821310 0.569982
2.535000 -0.821880 0.569160
2.536000 -0.822449 0.568338
2.537000 -0.823018 0.567516
2.538000 -0.823585 0.566692
2.539000 -0.824152 0.565868
2.540000 -0.824718 0.565044
2.541000 -0.825283 0.564219
2.542000 -0.825848 0.563393
2.543000 -0.826411 0.562567
2.544000 -0.826974 0.561741
2.545000 -0.827536 0.560913
2.546000 -0.828097 0.560086
2.547000 -0.828657 0.559257
2.548000 -0.829216 0.558428
2.549000 -0.829775 0.557599
2.550000 -0.830332 0.556769
2.551000 -0.830889 0.555938
2.552000 -0.831445 0.555107
2.553000 -0.832000 0.554275
2.554000 -0.832555 0.553443
2.555000 -0.833108 0.552610
2.556000 -0.833661 0.551777
2.557000 -0.834213 0.550943
2.558000 -0.834764 0.550108
2.559000 -0.835314 0.549273
2.560000 -0.835863 0.548438
2.561000 -0.836412 0.547601
2.562000 -0.836960 0.546765
2.563000 -0.837506 0.545928
2.564000 -0.838052 0.545090
2.565000 -0.838598 0.544251
2.566000 -0.839142 0.543413
2.567000 -0.839685 0.542573
2.568000 -0.840228 0.541733
2.569000 -0.840770 0.540893
2.570000 -0.841311 0.540052
2.571000 -0.841851 0.539210
2.572000 -0.842390 0.538368
2.573000 -0.842929 0.537525
2.574000 -0.843466 0.536682
2.575000 -0.844003 0.535838
2.576000 -0.844539 0.534994
2.577000 -0.845074 0.534149
2.578000 -0.845608 0.533304
2.579000 -0.846142 0.532458
2.580000 -0.846674 0.531612
2.581000 -0.847206 0.530765
2.582000 -0.847737 0.529917
2.583000 -0.848267 0.529069
2.584000 -0.848796 0.528221
2.585000 -0.849324 0.527372
2.586000 -0.849852 0.526522
2.587000 -0.850378 0.525672
2.588000 -0.850904 0.524821
2.589000 -0.851429 0.523970
2.590000 -0.851953 0.523118
2.591000 -0.852476 0.522266
2.592000 -0.852998 0.521414
2.593000 -0.853520 0.520560
2.594000 -0.854041 0.519706
2.595000 -0.854560 0.518852
2.596000 -0.855079 0.517997
2.597000 -0.855597 0.517142
2.598000 -0.856114 0.516286
2.599000 -0.856631 0.515430
2.600000 -0.857146 0.514573
2.601000 -0.857661 0.513715
2.602000 -0.858175 0.512858
2.603000 -0.858688 0.511999
2.604000 -0.859200 0.511140
2.605000 -0.859711 0.510281
2.606000 -0.860221 0.509421
2.607000 -0.860731 0.508560
2.608000 -0.861239 0.507699
2.609000 -0.861747 0.506838
2.610000 -0.862254 0.505976
2.611000 -0.862760 0.505113
2.612000 -0.863265 0.504250
2.613000 -0.863770 0.503387
2.614000 -0.864273 0.502523
2.615000 -0.864776 0.501658
2.616000 -0.865277 0.500793
2.617000 -0.865778 0.499928
2.618000 -0.866278 0.499062
2.619000 -0.866777 0.498195
2.620000 -0.867276 0.497328
2.621000 -0.867773 0.496461
2.622000 -0.868270 0.495593
2.623000 -0.868765 0.494724
2.624000 -0.869260 0.493855
2.625000 -0.869754 0.492986
2.626000 -0.870247 0.492116
2.627000 -0.870739 0.491245
2.628000 -0.871231 0.490374
2.629000 -0.871721 0.489503
2.630000 -0.872211 0.488631
2.631000 -0.872699 0.487758
2.632000 -0.873187 0.486885
2.633000 -0.873674 0.486012
2.634000 -0.874160 0.485138
2.635000 -0.874645 0.484263
2.636000 -0.875130 0.483389
2.637000 -0.875613 0.482513
2.638000 -0.876096 0.481637
2.639000 -0.876577 0.480761
2.640000 -0.877058 0.479884
2.641000 -0.877538 0.479007
2.642000 -0.878017 0.478129
2.643000 -0.878495 0.477251
2.644000 -0.878973 0.476372
2.645000 -0.879449 0.475493
2.646000 -0.879925 0.474613
2.647000 -0.880399 0.473733
2.648000 -0.880873 0.472852
2.649000 -0.881346 0.471971
2.650000 -0.881818 0.471090
2.651000 -0.882289 0.470208
2.652000 -0.882759 0.469325
2.653000 -0.883229 0.468442
2.654000 -0.883697 0.467559
2.655000 -0.884165 0.466675
2.656000 -0.884632 0.465790
2.657000 -0.885098 0.464905
2.658000 -0.885563 0.464020
2.659000 -0.886027 0.463134
2.660000 -0.886490 0.462248
2.661000 -0.886952 0.461361
2.662000 -0.887414 0.460474
2.663000 -0.887874 0.459587
2.664000 -0.888334 0.458698
2.665000 -0.888792 0.457810
2.666000 -0.889250 0.456921
2.667000 -0.889707 0.456031
2.668000 -0.890163 0.455141
2.669000 -0.890619 0.454251
2.670000 -0.891073 0.453360
2.671000 -0.891526 0.452469
2.672000 -0.891979 0.451577
2.673000 -0.892430 0.450685
2.674000 -0.892881 0.449792
2.675000 -0.893331 0.448899
2.676000 -0.893780 0.448006
2.677000 -0.894228 0.447112
2.678000 -0.894675 0.446217
2.679000 -0.895121 0.445322
2.680000 -0.895567 0.444427
2.681000 -0.896011 0.443531
2.682000 -0.896455 0.442635
2.683000 -0.896898 0.441738
2.684000 -0.897339 0.440841
2.685000 -0.897780 0.439944
2.686000 -0.898220 0.439046
2.687000 -0.898659 0.438147
2.688000 -0.899098 0.437248
2.689000 -0.899535 0.436349
2.690000 -0.899971 0.435449
2.691000 -0.900407 0.434549
2.692000 -0.900841 0.433648
2.693000 -0.901275 0.432747
2.694000 -0.901708 0.431846
2.695000 -0.902140 0.430944
2.696000 -0.902571 0.430042
2.697000 -0.903001 0.429139
2.698000 -0.903430 0.428236
2.699000 -0.903858 0.427332
2.700000 -0.904286 0.426428
2.701000 -0.904712 0.425523
2.702000 -0.905138 0.424618
2.703000 -0.905562 0.423713
2.704000 -0.905986 0.422807
2.705000 -0.906409 0.421901
2.706000 -0.906831 0.420994
2.707000 -0.907252 0.420087
2.708000 -0.907672 0.419180
2.709000 -0.908091 0.418272
2.710000 -0.908510 0.417364
2.711000 -0.908927 0.416455
2.712000 -0.909344 0.415546
2.713000 -0.909759 0.414636
2.714000 -0.910174 0.413726
2.715000 -0.910588 0.412816
2.716000 -0.911000 0.411905
2.717000 -0.911412 0.410994
2.718000 -0.911823 0.410082
2.719000 -0.912234 0.409170
2.720000 -0.912643 0.408258
2.721000 -0.913051 0.407345
2.722000 -0.913458 0.406432
2.723000 -0.913865 0.405518
2.724000 -0.914271 0.404604
2.725000 -0.914675 0.403690
2.726000 -0.915079 0.402775
2.727000 -0.915482 0.401859
2.728000 -0.915884 0.400944
2.729000 -0.916285 0.400028
2.730000 -0.916685 0.399111
2.731000 -0.917084 0.398194
2.732000 -0.917482 0.397277
2.733000 -0.917879 0.396359
2.734000 -0.918276 0.395441
2.735000 -0.918671 0.394523
2.736000 -0.919066 0.393604
2.737000 -0.919459 0.392685
2.738000 -0.919852 0.391765
2.739000 -0.920244 0.390845
2.740000 -0.920635 0.389925
2.741000 -0.921025 0.389004
2.742000 -0.921414 0.388082
2.743000 -0.921802 0.387161
2.744000 -0.922189 0.386239
2.745000 -0.922576 0.385316
2.746000 -0.922961 0.384394
2.747000 -0.923345 0.383471
2.748000 -0.923729 0.382547
2.749000 -0.924111 0.381623
2.750000 -0.924493 0.380699
2.751000 -0.924874 0.379774
2.752000 -0.925254 0.378849
2.753000 -0.925632 0.377924
2.754000 -0.926010 0.376998
2.755000 -0.926387 0.376072
2.756000 -0.926764 0.375145
2.757000 -0.927139 0.374218
2.758000 -0.927513 0.373291
2.759000 -0.927886 0.372363
2.760000 -0.928259 0.371435
2.761000 -0.928630 0.370507
2.762000 -0.929001 0.369578
2.763000 -0.929370 0.368649
2.764000 -0.929739 0.367719
2.765000 -0.930107 0.366789
2.766000 -0.930474 0.365859
2.767000 -0.930840 0.364928
2.768000 -0.931204 0.363997
2.769000 -0.931569 0.363066
2.770000 -0.931932 0.362134
2.771000 -0.932294 0.361202
2.772000 -0.932655 0.360269
2.773000 -0.933015 0.359337
2.774000 -0.933375 0.358403
2.775000 -0.933733 0.357470
2.776000 -0.934091 0.356536
2.777000 -0.934447 0.355602
2.778000 -0.934803 0.354667
2.779000 -0.935158 0.353732
2.780000 -0.935511 0.352797
2.781000 -0.935864 0.351861
2.782000 -0.936216 0.350925
2.783000 -0.936567 0.349989
2.784000 -0.936917 0.349052
2.785000 -0.937266 0.348115
2.786000 -0.937614 0.347177
2.787000 -0.937961 0.346239
2.788000 -0.938308 0.345301
2.789000 -0.938653 0.344363
2.790000 -0.938997 0.343424
2.791000 -0.939341 0.342485
2.792000 -0.939683 0.341545
2.793000 -0.940025 0.340605
2.794000 -0.940366 0.339665
2.795000 -0.940705 0.338725
2.796000 -0.941044 0.337784
2.797000 -0.941382 0.336843
2.798000 -0.941719 0.335901
2.799000 -0.942055 0.334959
2.800000 -0.942390 0.334017
2.801000 -0.942724 0.333074
2.802000 -0.943057 0.332132
2.803000 -0.943389 0.331188
2.804000 -0.943720 0.330245
2.805000 -0.944050 0.329301
2.806000 -0.944380 0.328357
2.807000 -0.944708 0.327412
2.808000 -0.945036 0.326467
2.809000 -0.945362 0.325522
2.810000 -0.945688 0.324577
2.811000 -0.946012 0.323631
2.812000 -0.946336 0.322685
2.813000 -0.946659 0.321738
2.814000 -0.946980 0.320791
2.815000 -0.947301 0.319844
2.816000 -0.947621 0.318897
2.817000 -0.947940 0.317949
2.818000 -0.948258 0.317001
2.819000 -0.948575 0.316052
2.820000 -0.948891 0.315104
2.821000 -0.949206 0.314155
2.822000 -0.949520 0.313205
2.823000 -0.949834 0.312255
2.824000 -0.950146 0.311305
2.825000 -0.950457 0.310355
2.826000 -0.950768 0.309405
2.827000 -0.951077 0.308454
2.828000 -0.951386 0.307502
2.829000 -0.951693 0.306551
2.830000 -0.952000 0.305599
2.831000 -0.952305 0.304647
2.832000 -0.952610 0.303694
2.833000 -0.952914 0.302742
2.834000 -0.953216 0.301789
2.835000 -0.953518 0.300835
2.836000 -0.953819 0.299882
2.837000 -0.954119 0.298928
2.838000 -0.954418 0.297973
2.839000 -0.954716 0.297019
2.840000 -0.955013 0.296064
2.841000 -0.955309 0.295109
2.842000 -0.955604 0.294153
2.843000 -0.955898 0.293198
2.844000 -0.956192 0.292241
2.845000 -0.956484 0.291285
2.846000 -0.956775 0.290329
2.847000 -0.957066 0.289372
2.848000 -0.957355 0.288414
2.849000 -0.957643 0.287457
2.850000 -0.957931 0.286499
2.851000 -0.958217 0.285541
2.852000 -0.958503 0.284583
2.853000 -0.958787 0.283624
2.854000 -0.959071 0.282665
2.855000 -0.959354 0.281706
2.856000 -0.959636 0.280746
2.857000 -0.959916 0.279787
2.858000 -0.960196 0.278827
2.859000 -0.960475 0.277866
2.860000 -0.960753 0.276906
2.861000 -0.961030 0.275945
2.862000 -0.961306 0.274984
2.863000 -0.961581 0.274022
2.864000 -0.961855 0.273060
2.865000 -0.962128 0.272098
2.866000 -0.962400 0.271136
2.867000 -0.962671 0.270174
2.868000 -0.962941 0.269211
2.869000 -0.963211 0.268248
2.870000 -0.963479 0.267284
2.871000 -0.963746 0.266321
2.872000 -0.964012 0.265357
2.873000 -0.964278 0.264393
2.874000 -0.964542 0.263428
2.875000 -0.964806 0.262464
2.876000 -0.965068 0.261499
2.877000 -0.965330 0.260533
2.878000 -0.965590 0.259568
2.879000 -0.965850 0.258602
2.880000 -0.966108 0.257636
2.881000 -0.966366 0.256670
2.882000 -0.966623 0.255704
2.883000 -0.966879 0.254737
2.884000 -0.967133 0.253770
2.885000 -0.967387 0.252803
2.886000 -0.967640 0.251835
2.887000 -0.967892 0.250867
2.888000 -0.968143 0.249899
2.889000 -0.968393 0.248931
2.890000 -0.968641 0.247963
2.891000 -0.968889 0.246994
2.892000 -0.969136 0.246025
2.893000 -0.969383 0.245055
2.894000 -0.969628 0.244086
2.895000 -0.969872 0.243116
2.896000 -0.970115 0.242146
2.897000 -0.970357 0.241176
2.898000 -0.970598 0.240206
2.899000 -0.970838 0.239235
2.900000 -0.971078 0.238264
2.901000 -0.971316 0.237293
2.902000 -0.971553 0.236321
2.903000 -0.971790 0.235350
2.904000 -0.972025 0.234378
2.905000 -0.972259 0.233405
2.906000 -0.972493 0.232433
2.907000 -0.972725 0.231460
2.908000 -0.972957 0.230488
2.909000 -0.973187 0.229515
2.910000 -0.973417 0.228541
2.911000 -0.973645 0.227568
2.912000 -0.973873 0.226594
2.913000 -0.974099 0.225620
2.914000 -0.974325 0.224646
2.915000 -0.974550 0.223671
2.916000 -0.974773 0.222697
2.917000 -0.974996 0.221722
2.918000 -0.975218 0.220747
2.919000 -0.975439 0.219771
2.920000 -0.975658 0.218796
2.921000 -0.975877 0.217820
2.922000 -0.976095 0.216844
2.923000 -0.976312 0.215868
2.924000 -0.976528 0.214891
2.925000 -0.976743 0.213915
2.926000 -0.976957 0.212938
2.927000 -0.977170 0.211961
2.928000 -0.977382 0.210984
2.929000 -0.977592 0.210006
2.930000 -0.977803 0.209028
2.931000 -0.978012 0.208051
2.932000 -0.978220 0.207072
2.933000 -0.978427 0.206094
2.934000 -0.978633 0.205116
2.935000 -0.978838 0.204137
2.936000 -0.979042 0.203158
2.937000 -0.979245 0.202179
2.938000 -0.979447 0.201199
2.939000 -0.979649 0.200220
2.940000 -0.979849 0.199240
2.941000 -0.980048 0.198260
2.942000 -0.980246 0.197280
2.943000 -0.980444 0.196300
2.944000 -0.980640 0.195319
2.945000 -0.980835 0.194338
2.946000 -0.981030 0.193357
2.947000 -0.981223 0.192376
2.948000 -0.981415 0.191395
2.949000 -0.981607 0.190413
2.950000 -0.981797 0.189432
2.951000 -0.981987 0.188450
2.952000 -0.982175 0.187468
2.953000 -0.982363 0.186486
2.954000 -0.982549 0.185503
2.955000 -0.982735 0.184520
2.956000 -0.982919 0.183538
2.957000 -0.983103 0.182555
2.958000 -0.983285 0.181571
2.959000 -0.983467 0.180588
2.960000 -0.983647 0.179604
2.961000 -0.983827 0.178621
2.962000 -0.984006 0.177637
2.963000 -0.984183 0.176653
2.964000 -0.984360 0.175668
2.965000 -0.984536 0.174684
2.966000 -0.984710 0.173699
2.967000 -0.984884 0.172715
2.968000 -0.985057 0.171730
2.969000 -0.985229 0.170744
2.970000 -0.985399 0.169759
2.971000 -0.985569 0.168774
2.972000 -0.985738 0.167788
2.973000 -0.985906 0.166802
2.974000 -0.986072 0.165816
2.975000 -0.986238 0.164830
2.976000 -0.986403 0.163844
2.977000 -0.986567 0.162857
2.978000 -0.986730 0.161871
2.979000 -0.986892 0.160884
2.980000 -0.987053 0.159897
2.981000 -0.987212 0.158910
2.982000 -0.987371 0.157922
2.983000 -0.987529 0.156935
2.984000 -0.987686 0.155947
2.985000 -0.987842 0.154960
2.986000 -0.987997 0.153972
2.987000 -0.988151 0.152984
2.988000 -0.988304 0.151995
2.989000 -0.988456 0.151007
2.990000 -0.988607 0.150018
2.991000 -0.988757 0.149030
2.992000 -0.988906 0.148041
2.993000 -0.989054 0.147052
2.994000 -0.989201 0.146063
2.995000 -0.989347 0.145074
2.996000 -0.989492 0.144084
2.997000 -0.989637 0.143095
2.998000 -0.989780 0.142105
2.999000 -0.989922 0.141115
3.000000 -0.990063 0.140125
3.001000 -0.990203 0.139135
3.002000 -0.990342 0.138145
3.003000 -0.990480 0.137154
3.004000 -0.990617 0.136164
3.005000 -0.990754 0.135173
3.006000 -0.990889 0.134182
3.007000 -0.991023 0.133191
3.008000 -0.991156 0.132200
3.009000 -0.991288 0.131209
3.010000 -0.991420 0.130218
3.011000 -0.991550 0.129226
3.012000 -0.991679 0.128234
3.013000 -0.991807 0.127243
3.014000 -0.991935 0.126251
3.015000 -0.992061 0.125259
3.016000 -0.992186 0.124267
3.017000 -0.992310 0.123274
3.018000 -0.992434 0.122282
3.019000 -0.992556 0.121290
3.020000 -0.992677 0.120297
3.021000 -0.992797 0.119304
3.022000 -0.992917 0.118311
3.023000 -0.993035 0.117318
3.024000 -0.993152 0.116325
3.025000 -0.993269 0.115332
3.026000 -0.993384 0.114339
3.027000 -0.993498 0.113345
3.028000 -0.993612 0.112352
3.029000 -0.993724 0.111358
3.030000 -0.993836 0.110364
3.031000 -0.993946 0.109370
3.032000 -0.994055 0.108376
3.033000 -0.994164 0.107382
3.034000 -0.994271 0.106388
3.035000 -0.994377 0.105394
3.036000 -0.994483 0.104399
3.037000 -0.994587 0.103405
3.038000 -0.994691 0.102410
3.039000 -0.994793 0.101415
3.040000 -0.994894 0.100421
3.041000 -0.994995 0.099426
3.042000 -0.995094 0.098431
3.043000 -0.995193 0.097435
3.044000 -0.995290 0.096440
3.045000 -0.995387 0.095445
3.046000 -0.995482 0.094449
3.047000 -0.995577 0.093454
3.048000 -0.995670 0.092458
3.049000 -0.995762 0.091463
3.050000 -0.995854 0.090467
3.051000 -0.995944 0.089471
3.052000 -0.996034 0.088475
3.053000 -0.996122 0.087479
3.054000 -0.996210 0.086483
3.055000 -0.996296 0.085486
3.056000 -0.996382 0.084490
3.057000 -0.996466 0.083494
3.058000 -0.996550 0.082497
3.059000 -0.996632 0.081500
3.060000 -0.996714 0.080504
3.061000 -0.996794 0.079507
3.062000 -0.996874 0.078510
3.063000 -0.996952 0.077513
3.064000 -0.997030 0.076516
3.065000 -0.997106 0.075519
3.066000 -0.997182 0.074522
3.067000 -0.997256 0.073525
3.068000 -0.997330 0.072528
3.069000 -0.997402 0.071530
3.070000 -0.997474 0.070533
3.071000 -0.997544 0.069535
3.072000 -0.997614 0.068538
3.073000 -0.997683 0.067540
3.074000 -0.997750 0.066542
3.075000 -0.997817 0.065545
3.076000 -0.997882 0.064547
3.077000 -0.997947 0.063549
3.078000 -0.998010 0.062551
3.079000 -0.998073 0.061553
3.080000 -0.998134 0.060555
3.081000 -0.998195 0.059556
3.082000 -0.998254 0.058558
3.083000 -0.998313 0.057560
3.084000 -0.998371 0.056562
3.085000 -0.998427 0.055563
3.086000 -0.998483 0.054565
3.087000 -0.998537 0.053566
3.088000 -0.998591 0.052568
3.089000 -0.998643 0.051569
3.090000 -0.998695 0.050570
3.091000 -0.998746 0.049572
3.092000 -0.998795 0.048573
3.093000 -0.998844 0.047574
3.094000 -0.998891 0.046575
3.095000 -0.998938 0.045576
3.096000 -0.998983 0.044577
3.097000 -0.999028 0.043578
3.098000 -0.999072 0.042579
3.099000 -0.999114 0.041580
3.100000 -0.999156 0.040581
3.101000 -0.999196 0.039582
3.102000 -0.999236 0.038583
3.103000 -0.999275 0.037583
3.104000 -0.999312 0.036584
3.105000 -0.999349 0.035585
3.106000 -0.999384 0.034585
3.107000 -0.999419 0.033586
3.108000 -0.999452 0.032587
3.109000 -0.999485 0.031587
3.110000 -0.999517 0.030588
3.111000 -0.999547 0.029588
3.112000 -0.999577 0.028589
3.113000 -0.999605 0.027589
3.114000 -0.999633 0.026589
3.115000 -0.999660 0.025590
3.116000 -0.999685 0.024590
3.117000 -0.999710 0.023590
3.118000 -0.999733 0.022591
3.119000 -0.999756 0.021591
3.120000 -0.999778 0.020591
3.121000 -0.999798 0.019591
3.122000 -0.999818 0.018591
3.123000 -0.999836 0.017592
3.124000 -0.999854 0.016592
3.125000 -0.999870 0.015592
3.126000 -0.999886 0.014592
3.127000 -0.999901 0.013592
3.128000 -0.999914 0.012592
3.129000 -0.999927 0.011592
3.130000 -0.999938 0.010592
3.131000 -0.999949 0.009592
3.132000 -0.999959 0.008593
3.133000 -0.999967 0.007593
3.134000 -0.999975 0.006593
3.135000 -0.999981 0.005593
3.136000 -0.999987 0.004593
3.137000 -0.999992 0.003593
3.138000 -0.999995 0.002593
3.139000 -0.999998 0.001593
3.140000 -0.999999 0.000593
3.141000 -1.000000 -0.000407
3.142000 -1.000000 -0.001407
3.143000 -0.999998 -0.002407
3.144000 -0.999996 -0.003407
3.145000 -0.999992 -0.004407
3.146000 -0.999988 -0.005407
3.147000 -0.999983 -0.006407
3.148000 -0.999976 -0.007407
3.149000 -0.999969 -0.008407
3.150000 -0.999960 -0.009407
3.151000 -0.999951 -0.010407
3.152000 -0.999940 -0.011407
3.153000 -0.999929 -0.012407
3.154000 -0.999917 -0.013407
3.155000 -0.999903 -0.014407
3.156000 -0.999889 -0.015407
3.157000 -0.999873 -0.016407
3.158000 -0.999857 -0.017407
3.159000 -0.999840 -0.018406
3.160000 -0.999821 -0.019406
3.161000 -0.999802 -0.020406
3.162000 -0.999781 -0.021406
3.163000 -0.999760 -0.022406
3.164000 -0.999738 -0.023405
3.165000 -0.999714 -0.024405
3.166000 -0.999690 -0.025405
3.167000 -0.999664 -0.026404
3.168000 -0.999638 -0.027404
3.169000 -0.999611 -0.028404
3.170000 -0.999582 -0.029403
3.171000 -0.999553 -0.030403
3.172000 -0.999522 -0.031402
3.173000 -0.999491 -0.032402
3.174000 -0.999459 -0.033401
3.175000 -0.999425 -0.034401
3.176000 -0.999391 -0.035400
3.177000 -0.999355 -0.036400
3.178000 -0.999319 -0.037399
3.179000 -0.999282 -0.038398
3.180000 -0.999243 -0.039398
3.181000 -0.999204 -0.040397
3.182000 -0.999163 -0.041396
3.183000 -0.999122 -0.042395
3.184000 -0.999080 -0.043394
3.185000 -0.999036 -0.044393
3.186000 -0.998992 -0.045392
3.187000 -0.998946 -0.046391
3.188000 -0.998900 -0.047390
3.189000 -0.998853 -0.048389
3.190000 -0.998804 -0.049388
3.191000 -0.998755 -0.050387
3.192000 -0.998704 -0.051385
3.193000 -0.998653 -0.052384
3.194000 -0.998601 -0.053383
3.195000 -0.998547 -0.054381
3.196000 -0.998493 -0.055380
3.197000 -0.998438 -0.056378
3.198000 -0.998381 -0.057377
3.199000 -0.998324 -0.058375
3.200000 -0.998265 -0.059373
3.201000 -0.998206 -0.060372
3.202000 -0.998146 -0.061370
3.203000 -0.998084 -0.062368
3.204000 -0.998022 -0.063366
3.205000 -0.997959 -0.064364
3.206000 -0.997894 -0.065362
3.207000 -0.997829 -0.066360
3.208000 -0.997762 -0.067357
3.209000 -0.997695 -0.068355
3.210000 -0.997627 -0.069353
3.211000 -0.997557 -0.070350
3.212000 -0.997487 -0.071348
3.213000 -0.997416 -0.072345
3.214000 -0.997343 -0.073343
3.215000 -0.997270 -0.074340
3.216000 -0.997196 -0.075337
3.217000 -0.997120 -0.076334
3.218000 -0.997044 -0.077332
3.219000 -0.996967 -0.078329
3.220000 -0.996888 -0.079325
3.221000 -0.996809 -0.080322
3.222000 -0.996729 -0.081319
3.223000 -0.996647 -0.082316
3.224000 -0.996565 -0.083312
3.225000 -0.996482 -0.084309
3.226000 -0.996397 -0.085305
3.227000 -0.996312 -0.086302
3.228000 -0.996226 -0.087298
3.229000 -0.996139 -0.088294
3.230000 -0.996050 -0.089290
3.231000 -0.995961 -0.090286
3.232000 -0.995871 -0.091282
3.233000 -0.995779 -0.092278
3.234000 -0.995687 -0.093274
3.235000 -0.995594 -0.094269
3.236000 -0.995500 -0.095265
3.237000 -0.995404 -0.096260
3.238000 -0.995308 -0.097256
3.239000 -0.995211 -0.098251
3.240000 -0.995113 -0.099246
3.241000 -0.995013 -0.100241
3.242000 -0.994913 -0.101236
3.243000 -0.994812 -0.102231
3.244000 -0.994710 -0.103226
3.245000 -0.994606 -0.104220
3.246000 -0.994502 -0.105215
3.247000 -0.994397 -0.106209
3.248000 -0.994291 -0.107204
3.249000 -0.994184 -0.108198
3.250000 -0.994075 -0.109192
3.251000 -0.993966 -0.110186
3.252000 -0.993856 -0.111180
3.253000 -0.993745 -0.112174
3.254000 -0.993633 -0.113168
3.255000 -0.993520 -0.114161
3.256000 -0.993405 -0.115155
3.257000 -0.993290 -0.116148
3.258000 -0.993174 -0.117141
3.259000 -0.993057 -0.118134
3.260000 -0.992939 -0.119127
3.261000 -0.992820 -0.120120
3.262000 -0.992700 -0.121113
3.263000 -0.992578 -0.122106
3.264000 -0.992456 -0.123098
3.265000 -0.992333 -0.124091
3.266000 -0.992209 -0.125083
3.267000 -0.992084 -0.126075
3.268000 -0.991958 -0.127067
3.269000 -0.991831 -0.128059
3.270000 -0.991703 -0.129051
3.271000 -0.991574 -0.130042
3.272000 -0.991444 -0.131034
3.273000 -0.991313 -0.132025
3.274000 -0.991181 -0.133016
3.275000 -0.991048 -0.134008
3.276000 -0.990914 -0.134999
3.277000 -0.990779 -0.135989
3.278000 -0.990643 -0.136980
3.279000 -0.990506 -0.137971
3.280000 -0.990368 -0.138961
3.281000 -0.990229 -0.139951
3.282000 -0.990089 -0.140942
3.283000 -0.989948 -0.141932
3.284000 -0.989806 -0.142921
3.285000 -0.989663 -0.143911
3.286000 -0.989519 -0.144901
3.287000 -0.989374 -0.145890
3.288000 -0.989228 -0.146880
3.289000 -0.989082 -0.147869
3.290000 -0.988934 -0.148858
3.291000 -0.988785 -0.149847
3.292000 -0.988635 -0.150835
3.293000 -0.988484 -0.151824
3.294000 -0.988332 -0.152812
3.295000 -0.988180 -0.153800
3.296000 -0.988026 -0.154789
3.297000 -0.987871 -0.155777
3.298000 -0.987715 -0.156764
3.299000 -0.987558 -0.157752
3.300000 -0.987401 -0.158739
3.301000 -0.987242 -0.159727
3.302000 -0.987082 -0.160714
3.303000 -0.986922 -0.161701
3.304000 -0.986760 -0.162688
3.305000 -0.986597 -0.163674
3.306000 -0.986434 -0.164661
3.307000 -0.986269 -0.165647
3.308000 -0.986103 -0.166633
3.309000 -0.985937 -0.167619
3.310000 -0.985769 -0.168605
3.311000 -0.985600 -0.169591
3.312000 -0.985431 -0.170577
3.313000 -0.985260 -0.171562
3.314000 -0.985089 -0.172547
3.315000 -0.984916 -0.173532
3.316000 -0.984743 -0.174517
3.317000 -0.984568 -0.175502
3.318000 -0.984393 -0.176486
3.319000 -0.984216 -0.177470
3.320000 -0.984039 -0.178454
3.321000 -0.983860 -0.179438
3.322000 -0.983681 -0.180422
3.323000 -0.983500 -0.181406
3.324000 -0.983319 -0.182389
3.325000 -0.983137 -0.183372
3.326000 -0.982953 -0.184355
3.327000 -0.982769 -0.185338
3.328000 -0.982584 -0.186321
3.329000 -0.982397 -0.187303
3.330000 -0.982210 -0.188286
3.331000 -0.982022 -0.189268
3.332000 -0.981832 -0.190250
3.333000 -0.981642 -0.191232
3.334000 -0.981451 -0.192213
3.335000 -0.981259 -0.193194
3.336000 -0.981066 -0.194176
3.337000 -0.980871 -0.195157
3.338000 -0.980676 -0.196137
3.339000 -0.980480 -0.197118
3.340000 -0.980283 -0.198098
3.341000 -0.980085 -0.199079
3.342000 -0.979886 -0.200059
3.343000 -0.979686 -0.201038
3.344000 -0.979485 -0.202018
3.345000 -0.979283 -0.202997
3.346000 -0.979080 -0.203976
3.347000 -0.978876 -0.204955
3.348000 -0.978671 -0.205934
3.349000 -0.978465 -0.206913
3.350000 -0.978258 -0.207891
3.351000 -0.978050 -0.208869
3.352000 -0.977841 -0.209847
3.353000 -0.977631 -0.210825
3.354000 -0.977421 -0.211802
3.355000 -0.977209 -0.212780
3.356000 -0.976996 -0.213757
3.357000 -0.976782 -0.214734
3.358000 -0.976568 -0.215710
3.359000 -0.976352 -0.216687
3.360000 -0.976135 -0.217663
3.361000 -0.975918 -0.218639
3.362000 -0.975699 -0.219615
3.363000 -0.975479 -0.220591
3.364000 -0.975259 -0.221566
3.365000 -0.975037 -0.222541
3.366000 -0.974815 -0.223516
3.367000 -0.974591 -0.224491
3.368000 -0.974367 -0.225465
3.369000 -0.974141 -0.226439
3.370000 -0.973915 -0.227414
3.371000 -0.973687 -0.228387
3.372000 -0.973459 -0.229361
3.373000 -0.973230 -0.230334
3.374000 -0.972999 -0.231307
3.375000 -0.972768 -0.232280
3.376000 -0.972536 -0.233253
3.377000 -0.972303 -0.234225
3.378000 -0.972068 -0.235197
3.379000 -0.971833 -0.236169
3.380000 -0.971597 -0.237141
3.381000 -0.971360 -0.238113
3.382000 -0.971122 -0.239084
3.383000 -0.970883 -0.240055
3.384000 -0.970643 -0.241026
3.385000 -0.970402 -0.241996
3.386000 -0.970160 -0.242966
3.387000 -0.969917 -0.243936
3.388000 -0.969673 -0.244906
3.389000 -0.969428 -0.245876
3.390000 -0.969182 -0.246845
3.391000 -0.968935 -0.247814
3.392000 -0.968687 -0.248783
3.393000 -0.968439 -0.249752
3.394000 -0.968189 -0.250720
3.395000 -0.967938 -0.251688
3.396000 -0.967687 -0.252656
3.397000 -0.967434 -0.253623
3.398000 -0.967180 -0.254591
3.399000 -0.966926 -0.255558
3.400000 -0.966670 -0.256524
3.401000 -0.966414 -0.257491
3.402000 -0.966156 -0.258457
3.403000 -0.965898 -0.259423
3.404000 -0.965638 -0.260389
3.405000 -0.965378 -0.261355
3.406000 -0.965117 -0.262320
3.407000 -0.964854 -0.263285
3.408000 -0.964591 -0.264250
3.409000 -0.964327 -0.265214
3.410000 -0.964062 -0.266178
3.411000 -0.963796 -0.267142
3.412000 -0.963528 -0.268106
3.413000 -0.963260 -0.269069
3.414000 -0.962991 -0.270032
3.415000 -0.962721 -0.270995
3.416000 -0.962450 -0.271958
3.417000 -0.962178 -0.272920
3.418000 -0.961905 -0.273882
3.419000 -0.961632 -0.274844
3.420000 -0.961357 -0.275805
3.421000 -0.961081 -0.276767
3.422000 -0.960804 -0.277728
3.423000 -0.960527 -0.278688
3.424000 -0.960248 -0.279649
3.425000 -0.959968 -0.280609
3.426000 -0.959688 -0.281569
3.427000 -0.959406 -0.282528
3.428000 -0.959124 -0.283487
3.429000 -0.958840 -0.284446
3.430000 -0.958556 -0.285405
3.431000 -0.958270 -0.286363
3.432000 -0.957984 -0.287322
3.433000 -0.957697 -0.288279
3.434000 -0.957408 -0.289237
3.435000 -0.957119 -0.290194
3.436000 -0.956829 -0.291151
3.437000 -0.956538 -0.292108
3.438000 -0.956246 -0.293064
3.439000 -0.955953 -0.294020
3.440000 -0.955659 -0.294976
3.441000 -0.955364 -0.295932
3.442000 -0.955068 -0.296887
3.443000 -0.954771 -0.297842
3.444000 -0.954473 -0.298796
3.445000 -0.954174 -0.299751
3.446000 -0.953875 -0.300705
3.447000 -0.953574 -0.301659
3.448000 -0.953272 -0.302612
3.449000 -0.952970 -0.303565
3.450000 -0.952666 -0.304518
3.451000 -0.952362 -0.305470
3.452000 -0.952056 -0.306423
3.453000 -0.951750 -0.307375
3.454000 -0.951443 -0.308326
3.455000 -0.951134 -0.309277
3.456000 -0.950825 -0.310228
3.457000 -0.950515 -0.311179
3.458000 -0.950204 -0.312129
3.459000 -0.949892 -0.313079
3.460000 -0.949579 -0.314029
3.461000 -0.949265 -0.314979
3.462000 -0.948950 -0.315928
3.463000 -0.948634 -0.316877
3.464000 -0.948317 -0.317825
3.465000 -0.947999 -0.318773
3.466000 -0.947680 -0.319721
3.467000 -0.947361 -0.320669
3.468000 -0.947040 -0.321616
3.469000 -0.946718 -0.322563
3.470000 -0.946396 -0.323509
3.471000 -0.946072 -0.324455
3.472000 -0.945748 -0.325401
3.473000 -0.945423 -0.326347
3.474000 -0.945096 -0.327292
3.475000 -0.944769 -0.328237
3.476000 -0.944441 -0.329182
3.477000 -0.944112 -0.330126
3.478000 -0.943781 -0.331070
3.479000 -0.943450 -0.332014
3.480000 -0.943118 -0.332957
3.481000 -0.942786 -0.333900
3.482000 -0.942452 -0.334842
3.483000 -0.942117 -0.335785
3.484000 -0.941781 -0.336727
3.485000 -0.941444 -0.337668
3.486000 -0.941107 -0.338609
3.487000 -0.940768 -0.339550
3.488000 -0.940429 -0.340491
3.489000 -0.940088 -0.341431
3.490000 -0.939747 -0.342371
3.491000 -0.939404 -0.343311
3.492000 -0.939061 -0.344250
3.493000 -0.938717 -0.345189
3.494000 -0.938372 -0.346127
3.495000 -0.938026 -0.347066
3.496000 -0.937679 -0.348004
3.497000 -0.937331 -0.348941
3.498000 -0.936982 -0.349878
3.499000 -0.936632 -0.350815
3.500000 -0.936281 -0.351751
3.501000 -0.935929 -0.352688
3.502000 -0.935577 -0.353623
3.503000 -0.935223 -0.354559
3.504000 -0.934869 -0.355494
3.505000 -0.934513 -0.356428
3.506000 -0.934157 -0.357363
3.507000 -0.933799 -0.358297
3.508000 -0.933441 -0.359230
3.509000 -0.933082 -0.360164
3.510000 -0.932722 -0.361097
3.511000 -0.932361 -0.362029
3.512000 -0.931999 -0.362961
3.513000 -0.931636 -0.363893
3.514000 -0.931272 -0.364825
3.515000 -0.930907 -0.365756
3.516000 -0.930542 -0.366686
3.517000 -0.930175 -0.367617
3.518000 -0.929807 -0.368547
3.519000 -0.929439 -0.369476
3.520000 -0.929069 -0.370406
3.521000 -0.928699 -0.371334
3.522000 -0.928328 -0.372263
3.523000 -0.927955 -0.373191
3.524000 -0.927582 -0.374119
3.525000 -0.927208 -0.375046
3.526000 -0.926833 -0.375973
3.527000 -0.926457 -0.376900
3.528000 -0.926080 -0.377826
3.529000 -0.925703 -0.378752
3.530000 -0.925324 -0.379678
3.531000 -0.924944 -0.380603
3.532000 -0.924564 -0.381527
3.533000 -0.924182 -0.382452
3.534000 -0.923800 -0.383376
3.535000 -0.923416 -0.384299
3.536000 -0.923032 -0.385223
3.537000 -0.922647 -0.386146
3.538000 -0.922261 -0.387068
3.539000 -0.921874 -0.387990
3.540000 -0.921486 -0.388912
3.541000 -0.921097 -0.389833
3.542000 -0.920707 -0.390754
3.543000 -0.920317 -0.391674
3.544000 -0.919925 -0.392595
3.545000 -0.919532 -0.393514
3.546000 -0.919139 -0.394434
3.547000 -0.918744 -0.395353
3.548000 -0.918349 -0.396271
3.549000 -0.917953 -0.397189
3.550000 -0.917556 -0.398107
3.551000 -0.917158 -0.399024
3.552000 -0.916759 -0.399941
3.553000 -0.916359 -0.400858
3.554000 -0.915958 -0.401774
3.555000 -0.915556 -0.402690
3.556000 -0.915154 -0.403605
3.557000 -0.914750 -0.404520
3.558000 -0.914346 -0.405435
3.559000 -0.913940 -0.406349
3.560000 -0.913534 -0.407263
3.561000 -0.913127 -0.408176
3.562000 -0.912719 -0.409089
3.563000 -0.912309 -0.410001
3.564000 -0.911900 -0.410913
3.565000 -0.911489 -0.411825
3.566000 -0.911077 -0.412736
3.567000 -0.910664 -0.413647
3.568000 -0.910251 -0.414558
3.569000 -0.909836 -0.415468
3.570000 -0.909421 -0.416377
3.571000 -0.909004 -0.417287
3.572000 -0.908587 -0.418195
3.573000 -0.908169 -0.419104
3.574000 -0.907750 -0.420012
3.575000 -0.907330 -0.420919
3.576000 -0.906909 -0.421826
3.577000 -0.906487 -0.422733
3.578000 -0.906065 -0.423639
3.579000 -0.905641 -0.424545
3.580000 -0.905216 -0.425451
3.581000 -0.904791 -0.426356
3.582000 -0.904365 -0.427260
3.583000 -0.903938 -0.428164
3.584000 -0.903509 -0.429068
3.585000 -0.903080 -0.429971
3.586000 -0.902650 -0.430874
3.587000 -0.902220 -0.431777
3.588000 -0.901788 -0.432679
3.589000 -0.901355 -0.433580
3.590000 -0.900922 -0.434481
3.591000 -0.900487 -0.435382
3.592000 -0.900052 -0.436282
3.593000 -0.899616 -0.437182
3.594000 -0.899179 -0.438082
3.595000 -0.898741 -0.438981
3.596000 -0.898302 -0.439879
3.597000 -0.897862 -0.440777
3.598000 -0.897421 -0.441675
3.599000 -0.896980 -0.442572
3.600000 -0.896537 -0.443469
3.601000 -0.896094 -0.444365
3.602000 -0.895649 -0.445261
3.603000 -0.895204 -0.446156
3.604000 -0.894758 -0.447051
3.605000 -0.894311 -0.447946
3.606000 -0.893863 -0.448840
3.607000 -0.893414 -0.449734
3.608000 -0.892965 -0.450627
3.609000 -0.892514 -0.451520
3.610000 -0.892063 -0.452412
3.611000 -0.891610 -0.453304
3.612000 -0.891157 -0.454195
3.613000 -0.890703 -0.455086
3.614000 -0.890248 -0.455976
3.615000 -0.889792 -0.456867
3.616000 -0.889335 -0.457756
3.617000 -0.888877 -0.458645
3.618000 -0.888419 -0.459534
3.619000 -0.887959 -0.460422
3.620000 -0.887499 -0.461310
3.621000 -0.887038 -0.462197
3.622000 -0.886576 -0.463084
3.623000 -0.886112 -0.463970
3.624000 -0.885649 -0.464856
3.625000 -0.885184 -0.465741
3.626000 -0.884718 -0.466626
3.627000 -0.884252 -0.467511
3.628000 -0.883784 -0.468395
3.629000 -0.883316 -0.469278
3.630000 -0.882847 -0.470162
3.631000 -0.882376 -0.471044
3.632000 -0.881905 -0.471926
3.633000 -0.881434 -0.472808
3.634000 -0.880961 -0.473689
3.635000 -0.880487 -0.474570
3.636000 -0.880013 -0.475450
3.637000 -0.879537 -0.476330
3.638000 -0.879061 -0.477209
3.639000 -0.878584 -0.478088
3.640000 -0.878106 -0.478966
3.641000 -0.877627 -0.479844
3.642000 -0.877147 -0.480722
3.643000 -0.876666 -0.481599
3.644000 -0.876185 -0.482475
3.645000 -0.875703 -0.483351
3.646000 -0.875219 -0.484226
3.647000 -0.874735 -0.485101
3.648000 -0.874250 -0.485976
3.649000 -0.873764 -0.486850
3.650000 -0.873277 -0.487723
3.651000 -0.872790 -0.488596
3.652000 -0.872301 -0.489469
3.653000 -0.871812 -0.490341
3.654000 -0.871321 -0.491213
3.655000 -0.870830 -0.492084
3.656000 -0.870338 -0.492954
3.657000 -0.869845 -0.493824
3.658000 -0.869352 -0.494694
3.659000 -0.868857 -0.495563
3.660000 -0.868362 -0.496432
3.661000 -0.867865 -0.497300
3.662000 -0.867368 -0.498167
3.663000 -0.866870 -0.499034
3.664000 -0.866371 -0.499901
3.665000 -0.865871 -0.500767
3.666000 -0.865370 -0.501633
3.667000 -0.864869 -0.502498
3.668000 -0.864366 -0.503363
3.669000 -0.863863 -0.504227
3.670000 -0.863359 -0.505090
3.671000 -0.862854 -0.505953
3.672000 -0.862348 -0.506816
3.673000 -0.861841 -0.507678
3.674000 -0.861334 -0.508540
3.675000 -0.860825 -0.509401
3.676000 -0.860316 -0.510261
3.677000 -0.859806 -0.511121
3.678000 -0.859295 -0.511981
3.679000 -0.858783 -0.512840
3.680000 -0.858270 -0.513699
3.681000 -0.857756 -0.514557
3.682000 -0.857242 -0.515414
3.683000 -0.856726 -0.516271
3.684000 -0.856210 -0.517127
3.685000 -0.855693 -0.517983
3.686000 -0.855175 -0.518839
3.687000 -0.854657 -0.519694
3.688000 -0.854137 -0.520548
3.689000 -0.853616 -0.521402
3.690000 -0.853095 -0.522255
3.691000 -0.852573 -0.523108
3.692000 -0.852050 -0.523961
3.693000 -0.851526 -0.524812
3.694000 -0.851001 -0.525664
3.695000 -0.850476 -0.526514
3.696000 -0.849949 -0.527365
3.697000 -0.849422 -0.528214
3.698000 -0.848894 -0.529063
3.699000 -0.848365 -0.529912
3.700000 -0.847835 -0.530760
3.701000 -0.847304 -0.531608
3.702000 -0.846773 -0.532455
3.703000 -0.846240 -0.533301
3.704000 -0.845707 -0.534147
3.705000 -0.845173 -0.534993
3.706000 -0.844638 -0.535838
3.707000 -0.844102 -0.536682
3.708000 -0.843566 -0.537526
3.709000 -0.843028 -0.538369
3.710000 -0.842490 -0.539212
3.711000 -0.841951 -0.540054
3.712000 -0.841411 -0.540896
3.713000 -0.840870 -0.541737
3.714000 -0.840328 -0.542577
3.715000 -0.839786 -0.543418
3.716000 -0.839243 -0.544257
3.717000 -0.838698 -0.545096
3.718000 -0.838153 -0.545934
3.719000 -0.837608 -0.546772
3.720000 -0.837061 -0.547610
3.721000 -0.836513 -0.548446
3.722000 -0.835965 -0.549283
3.723000 -0.835416 -0.550118
3.724000 -0.834866 -0.550954
3.725000 -0.834315 -0.551788
3.726000 -0.833763 -0.552622
3.727000 -0.833211 -0.553456
3.728000 -0.832657 -0.554289
3.729000 -0.832103 -0.555121
3.730000 -0.831548 -0.555953
3.731000 -0.830992 -0.556784
3.732000 -0.830435 -0.557615
3.733000 -0.829878 -0.558445
3.734000 -0.829320 -0.559275
3.735000 -0.828760 -0.560104
3.736000 -0.828200 -0.560932
3.737000 -0.827640 -0.561760
3.738000 -0.827078 -0.562587
3.739000 -0.826515 -0.563414
3.740000 -0.825952 -0.564240
3.741000 -0.825388 -0.565066
3.742000 -0.824823 -0.565891
3.743000 -0.824257 -0.566716
3.744000 -0.823690 -0.567540
3.745000 -0.823123 -0.568363
3.746000 -0.822555 -0.569186
3.747000 -0.821986 -0.570008
3.748000 -0.821416 -0.570830
3.749000 -0.820845 -0.571651
3.750000 -0.820273 -0.572472
3.751000 -0.819701 -0.573292
3.752000 -0.819128 -0.574111
3.753000 -0.818554 -0.574930
3.754000 -0.817979 -0.575748
3.755000 -0.817403 -0.576566
3.756000 -0.816827 -0.577383
3.757000 -0.816250 -0.578199
3.758000 -0.815671 -0.579015
3.759000 -0.815093 -0.579831
3.760000 -0.814513 -0.580646
3.761000 -0.813932 -0.581460
3.762000 -0.813351 -0.582273
3.763000 -0.812769 -0.583086
3.764000 -0.812186 -0.583899
3.765000 -0.811602 -0.584711
3.766000 -0.811017 -0.585522
3.767000 -0.810432 -0.586333
3.768000 -0.809846 -0.587143
3.769000 -0.809259 -0.587953
3.770000 -0.808671 -0.588762
3.771000 -0.808082 -0.589570
3.772000 -0.807493 -0.590378
3.773000 -0.806902 -0.591185
3.774000 -0.806311 -0.591992
3.775000 -0.805719 -0.592798
3.776000 -0.805127 -0.593603
3.777000 -0.804533 -0.594408
3.778000 -0.803939 -0.595212
3.779000 -0.803344 -0.596016
3.780000 -0.802748 -0.596819
3.781000 -0.802151 -0.597621
3.782000 -0.801554 -0.598423
3.783000 -0.800955 -0.599224
3.784000 -0.800356 -0.600025
3.785000 -0.799756 -0.600825
3.786000 -0.799155 -0.601624
3.787000 -0.798554 -0.602423
3.788000 -0.797952 -0.603222
3.789000 -0.797348 -0.604019
3.790000 -0.796745 -0.604816
3.791000 -0.796140 -0.605613
3.792000 -0.795534 -0.606409
3.793000 -0.794928 -0.607204
3.794000 -0.794321 -0.607998
3.795000 -0.793713 -0.608792
3.796000 -0.793104 -0.609586
3.797000 -0.792495 -0.610379
3.798000 -0.791885 -0.611171
3.799000 -0.791273 -0.611962
3.800000 -0.790662 -0.612753
3.801000 -0.790049 -0.613544
3.802000 -0.789436 -0.614333
3.803000 -0.788821 -0.615123
3.804000 -0.788206 -0.615911
3.805000 -0.787590 -0.616699
3.806000 -0.786974 -0.617486
3.807000 -0.786357 -0.618273
3.808000 -0.785738 -0.619059
3.809000 -0.785119 -0.619844
3.810000 -0.784500 -0.620629
3.811000 -0.783879 -0.621413
3.812000 -0.783258 -0.622197
3.813000 -0.782636 -0.622980
3.814000 -0.782013 -0.623762
3.815000 -0.781389 -0.624544
3.816000 -0.780765 -0.625325
3.817000 -0.780140 -0.626105
3.818000 -0.779514 -0.626885
3.819000 -0.778887 -0.627664
3.820000 -0.778259 -0.628443
3.821000 -0.777631 -0.629221
3.822000 -0.777002 -0.629998
3.823000 -0.776372 -0.630775
3.824000 -0.775741 -0.631551
3.825000 -0.775110 -0.632326
3.826000 -0.774478 -0.633101
3.827000 -0.773845 -0.633875
3.828000 -0.773211 -0.634649
3.829000 -0.772576 -0.635422
3.830000 -0.771941 -0.636194
3.831000 -0.771305 -0.636966
3.832000 -0.770668 -0.637737
3.833000 -0.770030 -0.638507
3.834000 -0.769392 -0.639277
3.835000 -0.768753 -0.640046
3.836000 -0.768113 -0.640814
3.837000 -0.767472 -0.641582
3.838000 -0.766831 -0.642349
3.839000 -0.766189 -0.643116
3.840000 -0.765546 -0.643882
3.841000 -0.764902 -0.644647
3.842000 -0.764257 -0.645411
3.843000 -0.763612 -0.646175
3.844000 -0.762966 -0.646939
3.845000 -0.762319 -0.647701
3.846000 -0.761672 -0.648463
3.847000 -0.761023 -0.649225
3.848000 -0.760374 -0.649985
3.849000 -0.759724 -0.650745
3.850000 -0.759074 -0.651505
3.851000 -0.758422 -0.652264
3.852000 -0.757770 -0.653022
3.853000 -0.757117 -0.653779
3.854000 -0.756464 -0.654536
3.855000 -0.755809 -0.655292
3.856000 -0.755154 -0.656047
3.857000 -0.754498 -0.656802
3.858000 -0.753841 -0.657556
3.859000 -0.753184 -0.658310
3.860000 -0.752526 -0.659063
3.861000 -0.751867 -0.659815
3.862000 -0.751207 -0.660567
3.863000 -0.750547 -0.661317
3.864000 -0.749885 -0.662068
3.865000 -0.749224 -0.662817
3.866000 -0.748561 -0.663566
3.867000 -0.747897 -0.664314
3.868000 -0.747233 -0.665062
3.869000 -0.746568 -0.665809
3.870000 -0.745903 -0.666555
3.871000 -0.745236 -0.667301
3.872000 -0.744569 -0.668046
3.873000 -0.743901 -0.668790
3.874000 -0.743232 -0.669533
3.875000 -0.742563 -0.670276
3.876000 -0.741893 -0.671018
3.877000 -0.741222 -0.671760
3.878000 -0.740550 -0.672501
3.879000 -0.739878 -0.673241
3.880000 -0.739205 -0.673981
3.881000 -0.738531 -0.674720
3.882000 -0.737856 -0.675458
3.883000 -0.737181 -0.676195
3.884000 -0.736505 -0.676932
3.885000 -0.735828 -0.677668
3.886000 -0.735151 -0.678404
3.887000 -0.734472 -0.679139
3.888000 -0.733793 -0.679873
3.889000 -0.733114 -0.680606
3.890000 -0.732433 -0.681339
3.891000 -0.731752 -0.682071
3.892000 -0.731070 -0.682802
3.893000 -0.730387 -0.683533
3.894000 -0.729704 -0.684263
3.895000 -0.729020 -0.684993
3.896000 -0.728335 -0.685721
3.897000 -0.727649 -0.686449
3.898000 -0.726963 -0.687177
3.899000 -0.726276 -0.687903
3.900000 -0.725588 -0.688629
3.901000 -0.724900 -0.689354
3.902000 -0.724211 -0.690079
3.903000 -0.723521 -0.690803
3.904000 -0.722830 -0.691526
3.905000 -0.722139 -0.692248
3.906000 -0.721446 -0.692970
3.907000 -0.720754 -0.693691
3.908000 -0.720060 -0.694412
3.909000 -0.719366 -0.695131
3.910000 -0.718671 -0.695850
3.911000 -0.717975 -0.696569
3.912000 -0.717279 -0.697286
3.913000 -0.716582 -0.698003
3.914000 -0.715884 -0.698720
3.915000 -0.715185 -0.699435
3.916000 -0.714486 -0.700150
3.917000 -0.713786 -0.700864
3.918000 -0.713085 -0.701577
3.919000 -0.712384 -0.702290
3.920000 -0.711682 -0.703002
3.921000 -0.710979 -0.703714
3.922000 -0.710275 -0.704424
3.923000 -0.709571 -0.705134
3.924000 -0.708866 -0.705843
3.925000 -0.708160 -0.706552
3.926000 -0.707454 -0.707260
3.927000 -0.706747 -0.707967
3.928000 -0.706039 -0.708673
3.929000 -0.705330 -0.709379
3.930000 -0.704621 -0.710084
3.931000 -0.703911 -0.710788
3.932000 -0.703200 -0.711492
3.933000 -0.702489 -0.712194
3.934000 -0.701777 -0.712897
3.935000 -0.701064 -0.713598
3.936000 -0.700351 -0.714299
3.937000 -0.699637 -0.714999
3.938000 -0.698922 -0.715698
3.939000 -0.698206 -0.716397
3.940000 -0.697490 -0.717094
3.941000 -0.696773 -0.717792
3.942000 -0.696055 -0.718488
3.943000 -0.695337 -0.719184
3.944000 -0.694618 -0.719879
3.945000 -0.693898 -0.720573
3.946000 -0.693178 -0.721266
3.947000 -0.692457 -0.721959
3.948000 -0.691735 -0.722651
3.949000 -0.691013 -0.723343
3.950000 -0.690289 -0.724033
3.951000 -0.689565 -0.724723
3.952000 -0.688841 -0.725413
3.953000 -0.688116 -0.726101
3.954000 -0.687390 -0.726789
3.955000 -0.686663 -0.727476
3.956000 -0.685936 -0.728162
3.957000 -0.685208 -0.728848
3.958000 -0.684479 -0.729532
3.959000 -0.683750 -0.730217
3.960000 -0.683020 -0.730900
3.961000 -0.682289 -0.731583
3.962000 -0.681557 -0.732265
3.963000 -0.680825 -0.732946
3.964000 -0.680093 -0.733626
3.965000 -0.679359 -0.734306
3.966000 -0.678625 -0.734985
3.967000 -0.677890 -0.735663
3.968000 -0.677155 -0.736341
3.969000 -0.676418 -0.737018
3.970000 -0.675682 -0.737694
3.971000 -0.674944 -0.738369
3.972000 -0.674206 -0.739043
3.973000 -0.673467 -0.739717
3.974000 -0.672727 -0.740390
3.975000 -0.671987 -0.741063
3.976000 -0.671246 -0.741734
3.977000 -0.670505 -0.742405
3.978000 -0.669762 -0.743075
3.979000 -0.669020 -0.743745
3.980000 -0.668276 -0.744413
3.981000 -0.667532 -0.745081
3.982000 -0.666787 -0.745748
3.983000 -0.666041 -0.746415
3.984000 -0.665295 -0.747081
3.985000 -0.664548 -0.747745
3.986000 -0.663801 -0.748410
3.987000 -0.663052 -0.749073
3.988000 -0.662303 -0.749736
3.989000 -0.661554 -0.750398
3.990000 -0.660804 -0.751059
3.991000 -0.660053 -0.751719
3.992000 -0.659301 -0.752379
3.993000 -0.658549 -0.753038
3.994000 -0.657796 -0.753696
3.995000 -0.657043 -0.754353
3.996000 -0.656288 -0.755010
3.997000 -0.655534 -0.755666
3.998000 -0.654778 -0.756321
3.999000 -0.654022 -0.756976
4.000000 -0.653265 -0.757629
4.001000 -0.652508 -0.758282
4.002000 -0.651750 -0.758934
4.003000 -0.650991 -0.759586
4.004000 -0.650231 -0.760236
4.005000 -0.649471 -0.760886
4.006000 -0.648711 -0.761535
4.007000 -0.647949 -0.762184
4.008000 -0.647187 -0.762831
4.009000 -0.646425 -0.763478
4.010000 -0.645661 -0.764124
4.011000 -0.644897 -0.764769
4.012000 -0.644133 -0.765414
4.013000 -0.643367 -0.766057
4.014000 -0.642602 -0.766700
4.015000 -0.641835 -0.767343
4.016000 -0.641068 -0.767984
4.017000 -0.640300 -0.768625
4.018000 -0.639532 -0.769265
4.019000 -0.638763 -0.769904
4.020000 -0.637993 -0.770542
4.021000 -0.637222 -0.771180
4.022000 -0.636451 -0.771817
4.023000 -0.635680 -0.772453
4.024000 -0.634908 -0.773088
4.025000 -0.634135 -0.773723
4.026000 -0.633361 -0.774356
4.027000 -0.632587 -0.774989
4.028000 -0.631812 -0.775622
4.029000 -0.631037 -0.776253
4.030000 -0.630261 -0.776884
4.031000 -0.629484 -0.777513
4.032000 -0.628707 -0.778143
4.033000 -0.627929 -0.778771
4.034000 -0.627150 -0.779398
4.035000 -0.626371 -0.780025
4.036000 -0.625591 -0.780651
4.037000 -0.624811 -0.781276
4.038000 -0.624029 -0.781901
4.039000 -0.623248 -0.782524
4.040000 -0.622465 -0.783147
4.041000 -0.621682 -0.783769
4.042000 -0.620899 -0.784391
4.043000 -0.620115 -0.785011
4.044000 -0.619330 -0.785631
4.045000 -0.618544 -0.786250
4.046000 -0.617758 -0.786868
4.047000 -0.616972 -0.787485
4.048000 -0.616184 -0.788102
4.049000 -0.615397 -0.788718
4.050000 -0.614608 -0.789333
4.051000 -0.613819 -0.789947
4.052000 -0.613029 -0.790560
4.053000 -0.612239 -0.791173
4.054000 -0.611448 -0.791785
4.055000 -0.610656 -0.792396
4.056000 -0.609864 -0.793006
4.057000 -0.609071 -0.793616
4.058000 -0.608278 -0.794224
4.059000 -0.607484 -0.794832
4.060000 -0.606689 -0.795439
4.061000 -0.605894 -0.796046
4.062000 -0.605098 -0.796651
4.063000 -0.604302 -0.797256
4.064000 -0.603504 -0.797860
4.065000 -0.602707 -0.798463
4.066000 -0.601909 -0.799065
4.067000 -0.601110 -0.799667
4.068000 -0.600310 -0.800267
4.069000 -0.599510 -0.800867
4.070000 -0.598709 -0.801466
4.071000 -0.597908 -0.802065
4.072000 -0.597106 -0.802662
4.073000 -0.596304 -0.803259
4.074000 -0.595501 -0.803855
4.075000 -0.594697 -0.804450
4.076000 -0.593893 -0.805044
4.077000 -0.593088 -0.805638
4.078000 -0.592283 -0.806230
4.079000 -0.591477 -0.806822
4.080000 -0.590670 -0.807413
4.081000 -0.589863 -0.808003
4.082000 -0.589055 -0.808593
4.083000 -0.588247 -0.809182
4.084000 -0.587438 -0.809769
4.085000 -0.586628 -0.810356
4.086000 -0.585818 -0.810943
4.087000 -0.585007 -0.811528
4.088000 -0.584196 -0.812113
4.089000 -0.583384 -0.812696
4.090000 -0.582571 -0.813279
4.091000 -0.581758 -0.813862
4.092000 -0.580945 -0.814443
4.093000 -0.580131 -0.815024
4.094000 -0.579316 -0.815603
4.095000 -0.578500 -0.816182
4.096000 -0.577684 -0.816760
4.097000 -0.576868 -0.817338
4.098000 -0.576051 -0.817914
4.099000 -0.575233 -0.818490
4.100000 -0.574415 -0.819064
4.101000 -0.573596 -0.819638
4.102000 -0.572776 -0.820212
4.103000 -0.571956 -0.820784
4.104000 -0.571136 -0.821356
4.105000 -0.570315 -0.821926
4.106000 -0.569493 -0.822496
4.107000 -0.568671 -0.823065
4.108000 -0.567848 -0.823634
4.109000 -0.567024 -0.824201
4.110000 -0.566200 -0.824768
4.111000 -0.565376 -0.825333
4.112000 -0.564551 -0.825898
4.113000 -0.563725 -0.826462
4.114000 -0.562899 -0.827026
4.115000 -0.562072 -0.827588
4.116000 -0.561245 -0.828150
4.117000 -0.560417 -0.828711
4.118000 -0.559588 -0.829271
4.119000 -0.558759 -0.829830
4.120000 -0.557930 -0.830388
4.121000 -0.557099 -0.830946
4.122000 -0.556269 -0.831502
4.123000 -0.555437 -0.832058
4.124000 -0.554606 -0.832613
4.125000 -0.553773 -0.833168
4.126000 -0.552940 -0.833721
4.127000 -0.552107 -0.834273
4.128000 -0.551273 -0.834825
4.129000 -0.550438 -0.835376
4.130000 -0.549603 -0.835926
4.131000 -0.548767 -0.836475
4.132000 -0.547931 -0.837024
4.133000 -0.547094 -0.837571
4.134000 -0.546257 -0.838118
4.135000 -0.545419 -0.838664
4.136000 -0.544581 -0.839209
4.137000 -0.543742 -0.839753
4.138000 -0.542902 -0.840296
4.139000 -0.542062 -0.840839
4.140000 -0.541221 -0.841380
4.141000 -0.540380 -0.841921
4.142000 -0.539539 -0.842461
4.143000 -0.538696 -0.843000
4.144000 -0.537854 -0.843538
4.145000 -0.537010 -0.844076
4.146000 -0.536166 -0.844612
4.147000 -0.535322 -0.845148
4.148000 -0.534477 -0.845683
4.149000 -0.533632 -0.846217
4.150000 -0.532786 -0.846750
4.151000 -0.531939 -0.847283
4.152000 -0.531092 -0.847814
4.153000 -0.530244 -0.848345
4.154000 -0.529396 -0.848875
4.155000 -0.528548 -0.849404
4.156000 -0.527699 -0.849932
4.157000 -0.526849 -0.850459
4.158000 -0.525999 -0.850985
4.159000 -0.525148 -0.851511
4.160000 -0.524297 -0.852036
4.161000 -0.523445 -0.852560
4.162000 -0.522593 -0.853083
4.163000 -0.521740 -0.853605
4.164000 -0.520886 -0.854126
4.165000 -0.520032 -0.854647
4.166000 -0.519178 -0.855166
4.167000 -0.518323 -0.855685
4.168000 -0.517468 -0.856203
4.169000 -0.516612 -0.856720
4.170000 -0.515755 -0.857236
4.171000 -0.514898 -0.857751
4.172000 -0.514041 -0.858266
4.173000 -0.513183 -0.858779
4.174000 -0.512324 -0.859292
4.175000 -0.511465 -0.859804
4.176000 -0.510606 -0.860315
4.177000 -0.509745 -0.860825
4.178000 -0.508885 -0.861335
4.179000 -0.508024 -0.861843
4.180000 -0.507162 -0.862351
4.181000 -0.506300 -0.862857
4.182000 -0.505437 -0.863363
4.183000 -0.504574 -0.863868
4.184000 -0.503711 -0.864372
4.185000 -0.502847 -0.864876
4.186000 -0.501982 -0.865378
4.187000 -0.501117 -0.865880
4.188000 -0.500251 -0.866380
4.189000 -0.499385 -0.866880
4.190000 -0.498518 -0.867379
4.191000 -0.497651 -0.867877
4.192000 -0.496784 -0.868374
4.193000 -0.495916 -0.868871
4.194000 -0.495047 -0.869366
4.195000 -0.494178 -0.869861
4.196000 -0.493308 -0.870355
4.197000 -0.492438 -0.870847
4.198000 -0.491568 -0.871339
4.199000 -0.490696 -0.871831
4.200000 -0.489825 -0.872321
4.201000 -0.488953 -0.872810
4.202000 -0.488080 -0.873299
4.203000 -0.487207 -0.873786
4.204000 -0.486334 -0.874273
4.205000 -0.485460 -0.874759
4.206000 -0.484585 -0.875244
4.207000 -0.483710 -0.875728
4.208000 -0.482835 -0.876211
4.209000 -0.481959 -0.876694
4.210000 -0.481082 -0.877175
4.211000 -0.480205 -0.877656
4.212000 -0.479328 -0.878136
4.213000 -0.478450 -0.878615
4.214000 -0.477572 -0.879093
4.215000 -0.476693 -0.879570
4.216000 -0.475814 -0.880046
4.217000 -0.474934 -0.880521
4.218000 -0.474054 -0.880996
4.219000 -0.473173 -0.881470
4.220000 -0.472292 -0.881942
4.221000 -0.471410 -0.882414
4.222000 -0.470528 -0.882885
4.223000 -0.469645 -0.883355
4.224000 -0.468762 -0.883824
4.225000 -0.467879 -0.884293
4.226000 -0.466995 -0.884760
4.227000 -0.466110 -0.885227
4.228000 -0.465225 -0.885692
4.229000 -0.464340 -0.886157
4.230000 -0.463454 -0.886621
4.231000 -0.462567 -0.887084
4.232000 -0.461681 -0.887546
4.233000 -0.460793 -0.888007
4.234000 -0.459906 -0.888468
4.235000 -0.459017 -0.888927
4.236000 -0.458129 -0.889386
4.237000 -0.457240 -0.889844
4.238000 -0.456350 -0.890300
4.239000 -0.455460 -0.890756
4.240000 -0.454570 -0.891211
4.241000 -0.453679 -0.891665
4.242000 -0.452787 -0.892119
4.243000 -0.451895 -0.892571
4.244000 -0.451003 -0.893022
4.245000 -0.450110 -0.893473
4.246000 -0.449217 -0.893923
4.247000 -0.448324 -0.894371
4.248000 -0.447429 -0.894819
4.249000 -0.446535 -0.895266
4.250000 -0.445640 -0.895712
4.251000 -0.444744 -0.896158
4.252000 -0.443849 -0.896602
4.253000 -0.442952 -0.897045
4.254000 -0.442055 -0.897488
4.255000 -0.441158 -0.897929
4.256000 -0.440261 -0.898370
4.257000 -0.439363 -0.898810
4.258000 -0.438464 -0.899249
4.259000 -0.437565 -0.899687
4.260000 -0.436666 -0.900124
4.261000 -0.435766 -0.900560
4.262000 -0.434865 -0.900995
4.263000 -0.433965 -0.901430
4.264000 -0.433064 -0.901863
4.265000 -0.432162 -0.902296
4.266000 -0.431260 -0.902728
4.267000 -0.430358 -0.903158
4.268000 -0.429455 -0.903588
4.269000 -0.428551 -0.904017
4.270000 -0.427648 -0.904445
4.271000 -0.426744 -0.904873
4.272000 -0.425839 -0.905299
4.273000 -0.424934 -0.905724
4.274000 -0.424029 -0.906149
4.275000 -0.423123 -0.906572
4.276000 -0.422216 -0.906995
4.277000 -0.421310 -0.907417
4.278000 -0.420403 -0.907838
4.279000 -0.419495 -0.908258
4.280000 -0.418587 -0.908677
4.281000 -0.417679 -0.909095
4.282000 -0.416770 -0.909512
4.283000 -0.415861 -0.909928
4.284000 -0.414951 -0.910344
4.285000 -0.414041 -0.910758
4.286000 -0.413130 -0.911172
4.287000 -0.412220 -0.911585
4.288000 -0.411308 -0.911996
4.289000 -0.410397 -0.912407
4.290000 -0.409484 -0.912817
4.291000 -0.408572 -0.913226
4.292000 -0.407659 -0.913634
4.293000 -0.406746 -0.914041
4.294000 -0.405832 -0.914448
4.295000 -0.404918 -0.914853
4.296000 -0.404003 -0.915258
4.297000 -0.403088 -0.915661
4.298000 -0.402173 -0.916064
4.299000 -0.401257 -0.916465
4.300000 -0.400341 -0.916866
4.301000 -0.399424 -0.917266
4.302000 -0.398507 -0.917665
4.303000 -0.397590 -0.918063
4.304000 -0.396672 -0.918460
4.305000 -0.395754 -0.918857
4.306000 -0.394836 -0.919252
4.307000 -0.393917 -0.919646
4.308000 -0.392997 -0.920040
4.309000 -0.392078 -0.920432
4.310000 -0.391157 -0.920824
4.311000 -0.390237 -0.921214
4.312000 -0.389316 -0.921604
4.313000 -0.388395 -0.921993
4.314000 -0.387473 -0.922381
4.315000 -0.386551 -0.922768
4.316000 -0.385628 -0.923154
4.317000 -0.384706 -0.923539
4.318000 -0.383782 -0.923924
4.319000 -0.382859 -0.924307
4.320000 -0.381935 -0.924689
4.321000 -0.381010 -0.925071
4.322000 -0.380086 -0.925451
4.323000 -0.379161 -0.925831
4.324000 -0.378235 -0.926210
4.325000 -0.377309 -0.926587
4.326000 -0.376383 -0.926964
4.327000 -0.375456 -0.927340
4.328000 -0.374529 -0.927715
4.329000 -0.373602 -0.928089
4.330000 -0.372674 -0.928462
4.331000 -0.371746 -0.928835
4.332000 -0.370817 -0.929206
4.333000 -0.369888 -0.929576
4.334000 -0.368959 -0.929946
4.335000 -0.368030 -0.930314
4.336000 -0.367100 -0.930682
4.337000 -0.366169 -0.931048
4.338000 -0.365238 -0.931414
4.339000 -0.364307 -0.931779
4.340000 -0.363376 -0.932143
4.341000 -0.362444 -0.932506
4.342000 -0.361512 -0.932868
4.343000 -0.360579 -0.933229
4.344000 -0.359646 -0.933589
4.345000 -0.358713 -0.933948
4.346000 -0.357780 -0.934306
4.347000 -0.356846 -0.934663
4.348000 -0.355911 -0.935020
4.349000 -0.354976 -0.935375
4.350000 -0.354041 -0.935730
4.351000 -0.353106 -0.936083
4.352000 -0.352170 -0.936436
4.353000 -0.351234 -0.936788
4.354000 -0.350298 -0.937138
4.355000 -0.349361 -0.937488
4.356000 -0.348424 -0.937837
4.357000 -0.347486 -0.938185
4.358000 -0.346548 -0.938532
4.359000 -0.345610 -0.938878
4.360000 -0.344672 -0.939223
4.361000 -0.343733 -0.939568
4.362000 -0.342793 -0.939911
4.363000 -0.341854 -0.940253
4.364000 -0.340914 -0.940595
4.365000 -0.339974 -0.940935
4.366000 -0.339033 -0.941274
4.367000 -0.338092 -0.941613
4.368000 -0.337151 -0.941951
4.369000 -0.336209 -0.942287
4.370000 -0.335267 -0.942623
4.371000 -0.334325 -0.942958
4.372000 -0.333382 -0.943292
4.373000 -0.332439 -0.943625
4.374000 -0.331496 -0.943957
4.375000 -0.330552 -0.944288
4.376000 -0.329609 -0.944618
4.377000 -0.328664 -0.944947
4.378000 -0.327720 -0.945275
4.379000 -0.326775 -0.945602
4.380000 -0.325829 -0.945929
4.381000 -0.324884 -0.946254
4.382000 -0.323938 -0.946578
4.383000 -0.322992 -0.946902
4.384000 -0.322045 -0.947224
4.385000 -0.321098 -0.947546
4.386000 -0.320151 -0.947867
4.387000 -0.319204 -0.948186
4.388000 -0.318256 -0.948505
4.389000 -0.317307 -0.948823
4.390000 -0.316359 -0.949140
4.391000 -0.315410 -0.949455
4.392000 -0.314461 -0.949770
4.393000 -0.313512 -0.950084
4.394000 -0.312562 -0.950397
4.395000 -0.311612 -0.950709
4.396000 -0.310662 -0.951021
4.397000 -0.309711 -0.951331
4.398000 -0.308760 -0.951640
4.399000 -0.307809 -0.951948
4.400000 -0.306857 -0.952256
4.401000 -0.305905 -0.952562
4.402000 -0.304953 -0.952867
4.403000 -0.304000 -0.953172
4.404000 -0.303047 -0.953475
4.405000 -0.302094 -0.953778
4.406000 -0.301141 -0.954080
4.407000 -0.300187 -0.954380
4.408000 -0.299233 -0.954680
4.409000 -0.298279 -0.954979
4.410000 -0.297324 -0.955277
4.411000 -0.296369 -0.955573
4.412000 -0.295414 -0.955869
4.413000 -0.294459 -0.956164
4.414000 -0.293503 -0.956458
4.415000 -0.292547 -0.956751
4.416000 -0.291590 -0.957043
4.417000 -0.290634 -0.957334
4.418000 -0.289677 -0.957625
4.419000 -0.288719 -0.957914
4.420000 -0.287762 -0.958202
4.421000 -0.286804 -0.958489
4.422000 -0.285846 -0.958776
4.423000 -0.284887 -0.959061
4.424000 -0.283929 -0.959345
4.425000 -0.282970 -0.959629
4.426000 -0.282010 -0.959911
4.427000 -0.281051 -0.960193
4.428000 -0.280091 -0.960473
4.429000 -0.279131 -0.960753
4.430000 -0.278170 -0.961032
4.431000 -0.277210 -0.961309
4.432000 -0.276249 -0.961586
4.433000 -0.275288 -0.961862
4.434000 -0.274326 -0.962137
4.435000 -0.273364 -0.962411
4.436000 -0.272402 -0.962683
4.437000 -0.271440 -0.962955
4.438000 -0.270477 -0.963226
4.439000 -0.269515 -0.963496
4.440000 -0.268551 -0.963765
4.441000 -0.267588 -0.964033
4.442000 -0.266624 -0.964301
4.443000 -0.265660 -0.964567
4.444000 -0.264696 -0.964832
4.445000 -0.263732 -0.965096
4.446000 -0.262767 -0.965359
4.447000 -0.261802 -0.965622
4.448000 -0.260837 -0.965883
4.449000 -0.259871 -0.966143
4.450000 -0.258906 -0.966403
4.451000 -0.257939 -0.966661
4.452000 -0.256973 -0.966919
4.453000 -0.256007 -0.967175
4.454000 -0.255040 -0.967431
4.455000 -0.254073 -0.967685
4.456000 -0.253105 -0.967939
4.457000 -0.252138 -0.968191
4.458000 -0.251170 -0.968443
4.459000 -0.250202 -0.968694
4.460000 -0.249234 -0.968943
4.461000 -0.248265 -0.969192
4.462000 -0.247296 -0.969440
4.463000 -0.246327 -0.969687
4.464000 -0.245358 -0.969933
4.465000 -0.244388 -0.970177
4.466000 -0.243419 -0.970421
4.467000 -0.242449 -0.970664
4.468000 -0.241478 -0.970906
4.469000 -0.240508 -0.971147
4.470000 -0.239537 -0.971387
4.471000 -0.238566 -0.971626
4.472000 -0.237595 -0.971864
4.473000 -0.236623 -0.972102
4.474000 -0.235652 -0.972338
4.475000 -0.234680 -0.972573
4.476000 -0.233707 -0.972807
4.477000 -0.232735 -0.973040
4.478000 -0.231762 -0.973272
4.479000 -0.230789 -0.973504
4.480000 -0.229816 -0.973734
4.481000 -0.228843 -0.973963
4.482000 -0.227869 -0.974192
4.483000 -0.226896 -0.974419
4.484000 -0.225922 -0.974646
4.485000 -0.224947 -0.974871
4.486000 -0.223973 -0.975095
4.487000 -0.222998 -0.975319
4.488000 -0.222023 -0.975541
4.489000 -0.221048 -0.975763
4.490000 -0.220073 -0.975984
4.491000 -0.219097 -0.976203
4.492000 -0.218121 -0.976422
4.493000 -0.217145 -0.976639
4.494000 -0.216169 -0.976856
4.495000 -0.215192 -0.977072
4.496000 -0.214216 -0.977286
4.497000 -0.213239 -0.977500
4.498000 -0.212262 -0.977713
4.499000 -0.211284 -0.977925
4.500000 -0.210307 -0.978135
4.501000 -0.209329 -0.978345
4.502000 -0.208351 -0.978554
4.503000 -0.207373 -0.978762
4.504000 -0.206395 -0.978969
4.505000 -0.205416 -0.979175
4.506000 -0.204437 -0.979380
4.507000 -0.203458 -0.979584
4.508000 -0.202479 -0.979787
4.509000 -0.201500 -0.979989
4.510000 -0.200520 -0.980190
4.511000 -0.199540 -0.980390
4.512000 -0.198560 -0.980589
4.513000 -0.197580 -0.980787
4.514000 -0.196600 -0.980984
4.515000 -0.195619 -0.981180
4.516000 -0.194639 -0.981375
4.517000 -0.193658 -0.981569
4.518000 -0.192676 -0.981762
4.519000 -0.191695 -0.981955
4.520000 -0.190713 -0.982146
4.521000 -0.189732 -0.982336
4.522000 -0.188750 -0.982525
4.523000 -0.187768 -0.982713
4.524000 -0.186785 -0.982901
4.525000 -0.185803 -0.983087
4.526000 -0.184820 -0.983272
4.527000 -0.183837 -0.983457
4.528000 -0.182854 -0.983640
4.529000 -0.181871 -0.983822
4.530000 -0.180888 -0.984004
4.531000 -0.179904 -0.984184
4.532000 -0.178920 -0.984364
4.533000 -0.177936 -0.984542
4.534000 -0.176952 -0.984719
4.535000 -0.175968 -0.984896
4.536000 -0.174983 -0.985071
4.537000 -0.173999 -0.985246
4.538000 -0.173014 -0.985419
4.539000 -0.172029 -0.985592
4.540000 -0.171044 -0.985763
4.541000 -0.170058 -0.985934
4.542000 -0.169073 -0.986104
4.543000 -0.168087 -0.986272
4.544000 -0.167101 -0.986440
4.545000 -0.166115 -0.986606
4.546000 -0.165129 -0.986772
4.547000 -0.164143 -0.986937
4.548000 -0.163156 -0.987100
4.549000 -0.162170 -0.987263
4.550000 -0.161183 -0.987425
4.551000 -0.160196 -0.987585
4.552000 -0.159209 -0.987745
4.553000 -0.158221 -0.987904
4.554000 -0.157234 -0.988061
4.555000 -0.156246 -0.988218
4.556000 -0.155258 -0.988374
4.557000 -0.154270 -0.988529
4.558000 -0.153282 -0.988682
4.559000 -0.152294 -0.988835
4.560000 -0.151306 -0.988987
4.561000 -0.150317 -0.989138
4.562000 -0.149328 -0.989288
4.563000 -0.148339 -0.989437
4.564000 -0.147350 -0.989584
4.565000 -0.146361 -0.989731
4.566000 -0.145372 -0.989877
4.567000 -0.144382 -0.990022
4.568000 -0.143393 -0.990166
4.569000 -0.142403 -0.990309
4.570000 -0.141413 -0.990451
4.571000 -0.140423 -0.990592
4.572000 -0.139433 -0.990732
4.573000 -0.138443 -0.990870
4.574000 -0.137452 -0.991008
4.575000 -0.136462 -0.991145
4.576000 -0.135471 -0.991281
4.577000 -0.134480 -0.991416
4.578000 -0.133489 -0.991550
4.579000 -0.132498 -0.991683
4.580000 -0.131507 -0.991815
4.581000 -0.130515 -0.991946
4.582000 -0.129524 -0.992076
4.583000 -0.128532 -0.992205
4.584000 -0.127541 -0.992333
4.585000 -0.126549 -0.992460
4.586000 -0.125557 -0.992586
4.587000 -0.124565 -0.992712
4.588000 -0.123572 -0.992836
4.589000 -0.122580 -0.992959
4.590000 -0.121587 -0.993081
4.591000 -0.120595 -0.993202
4.592000 -0.119602 -0.993322
4.593000 -0.118609 -0.993441
4.594000 -0.117616 -0.993559
4.595000 -0.116623 -0.993676
4.596000 -0.115630 -0.993792
4.597000 -0.114636 -0.993908
4.598000 -0.113643 -0.994022
4.599000 -0.112649 -0.994135
4.600000 -0.111656 -0.994247
4.601000 -0.110662 -0.994358
4.602000 -0.109668 -0.994468
4.603000 -0.108674 -0.994577
4.604000 -0.107680 -0.994686
4.605000 -0.106685 -0.994793
4.606000 -0.105691 -0.994899
4.607000 -0.104697 -0.995004
4.608000 -0.103702 -0.995108
4.609000 -0.102707 -0.995212
4.610000 -0.101713 -0.995314
4.611000 -0.100718 -0.995415
4.612000 -0.099723 -0.995515
4.613000 -0.098728 -0.995615
4.614000 -0.097733 -0.995713
4.615000 -0.096737 -0.995810
4.616000 -0.095742 -0.995906
4.617000 -0.094747 -0.996001
4.618000 -0.093751 -0.996096
4.619000 -0.092755 -0.996189
4.620000 -0.091760 -0.996281
4.621000 -0.090764 -0.996372
4.622000 -0.089768 -0.996463
4.623000 -0.088772 -0.996552
4.624000 -0.087776 -0.996640
4.625000 -0.086780 -0.996728
4.626000 -0.085783 -0.996814
4.627000 -0.084787 -0.996899
4.628000 -0.083791 -0.996983
4.629000 -0.082794 -0.997067
4.630000 -0.081797 -0.997149
4.631000 -0.080801 -0.997230
4.632000 -0.079804 -0.997311
4.633000 -0.078807 -0.997390
4.634000 -0.077810 -0.997468
4.635000 -0.076813 -0.997546
4.636000 -0.075816 -0.997622
4.637000 -0.074819 -0.997697
4.638000 -0.073822 -0.997771
4.639000 -0.072824 -0.997845
4.640000 -0.071827 -0.997917
4.641000 -0.070830 -0.997988
4.642000 -0.069832 -0.998059
4.643000 -0.068834 -0.998128
4.644000 -0.067837 -0.998196
4.645000 -0.066839 -0.998264
4.646000 -0.065841 -0.998330
4.647000 -0.064843 -0.998395
4.648000 -0.063845 -0.998460
4.649000 -0.062847 -0.998523
4.650000 -0.061849 -0.998586
4.651000 -0.060851 -0.998647
4.652000 -0.059853 -0.998707
4.653000 -0.058855 -0.998767
4.654000 -0.057857 -0.998825
4.655000 -0.056858 -0.998882
4.656000 -0.055860 -0.998939
4.657000 -0.054861 -0.998994
4.658000 -0.053863 -0.999048
4.659000 -0.052864 -0.999102
4.660000 -0.051866 -0.999154
4.661000 -0.050867 -0.999205
4.662000 -0.049868 -0.999256
4.663000 -0.048869 -0.999305
4.664000 -0.047871 -0.999354
4.665000 -0.046872 -0.999401
4.666000 -0.045873 -0.999447
4.667000 -0.044874 -0.999493
4.668000 -0.043875 -0.999537
4.669000 -0.042876 -0.999580
4.670000 -0.041877 -0.999623
4.671000 -0.040878 -0.999664
4.672000 -0.039878 -0.999705
4.673000 -0.038879 -0.999744
4.674000 -0.037880 -0.999782
4.675000 -0.036881 -0.999820
4.676000 -0.035881 -0.999856
4.677000 -0.034882 -0.999891
4.678000 -0.033882 -0.999926
4.679000 -0.032883 -0.999959
4.680000 -0.031883 -0.999992
4.681000 -0.030884 -1.000023
4.682000 -0.029884 -1.000053
4.683000 -0.028885 -1.000083
4.684000 -0.027885 -1.000111
4.685000 -0.026886 -1.000139
4.686000 -0.025886 -1.000165
4.687000 -0.024886 -1.000190
4.688000 -0.023887 -1.000215
4.689000 -0.022887 -1.000238
4.690000 -0.021887 -1.000260
4.691000 -0.020887 -1.000282
4.692000 -0.019888 -1.000302
4.693000 -0.018888 -1.000322
4.694000 -0.017888 -1.000340
4.695000 -0.016888 -1.000357
4.696000 -0.015888 -1.000374
4.697000 -0.014888 -1.000389
4.698000 -0.013888 -1.000404
4.699000 -0.012889 -1.000417
4.700000 -0.011889 -1.000429
4.701000 -0.010889 -1.000441
4.702000 -0.009889 -1.000451
4.703000 -0.008889 -1.000461
4.704000 -0.007889 -1.000469
4.705000 -0.006889 -1.000476
4.706000 -0.005889 -1.000483
4.707000 -0.004889 -1.000488
4.708000 -0.003889 -1.000492
4.709000 -0.002889 -1.000496
4.710000 -0.001889 -1.000498
4.711000 -0.000889 -1.000500
4.712000 0.000111 -1.000500
4.713000 0.001111 -1.000499
4.714000 0.002111 -1.000498
4.715000 0.003111 -1.000495
4.716000 0.004111 -1.000492
4.717000 0.005111 -1.000487
4.718000 0.006111 -1.000481
4.719000 0.007111 -1.000475
4.720000 0.008111 -1.000467
4.721000 0.009111 -1.000459
4.722000 0.010111 -1.000449
4.723000 0.011111 -1.000438
4.724000 0.012111 -1.000427
4.725000 0.013111 -1.000414
4.726000 0.014111 -1.000400
4.727000 0.015111 -1.000386
4.728000 0.016110 -1.000370
4.729000 0.017110 -1.000354
4.730000 0.018110 -1.000336
4.731000 0.019110 -1.000317
4.732000 0.020110 -1.000298
4.733000 0.021110 -1.000277
4.734000 0.022109 -1.000256
4.735000 0.023109 -1.000233
4.736000 0.024109 -1.000209
4.737000 0.025108 -1.000185
4.738000 0.026108 -1.000159
4.739000 0.027108 -1.000133
4.740000 0.028107 -1.000105
4.741000 0.029107 -1.000076
4.742000 0.030107 -1.000047
4.743000 0.031106 -1.000016
4.744000 0.032106 -0.999985
4.745000 0.033105 -0.999952
4.746000 0.034104 -0.999918
4.747000 0.035104 -0.999884
4.748000 0.036103 -0.999848
4.749000 0.037103 -0.999812
4.750000 0.038102 -0.999774
4.751000 0.039101 -0.999735
4.752000 0.040100 -0.999696
4.753000 0.041100 -0.999655
4.754000 0.042099 -0.999614
4.755000 0.043098 -0.999571
4.756000 0.044097 -0.999527
4.757000 0.045096 -0.999483
4.758000 0.046095 -0.999437
4.759000 0.047094 -0.999391
4.760000 0.048093 -0.999343
4.761000 0.049091 -0.999294
4.762000 0.050090 -0.999245
4.763000 0.051089 -0.999194
4.764000 0.052088 -0.999143
4.765000 0.053086 -0.999090
4.766000 0.054085 -0.999036
4.767000 0.055083 -0.998982
4.768000 0.056082 -0.998926
4.769000 0.057080 -0.998870
4.770000 0.058078 -0.998812
4.771000 0.059077 -0.998753
4.772000 0.060075 -0.998694
4.773000 0.061073 -0.998633
4.774000 0.062071 -0.998572
4.775000 0.063069 -0.998509
4.776000 0.064067 -0.998446
4.777000 0.065065 -0.998381
4.778000 0.066063 -0.998316
4.779000 0.067061 -0.998249
4.780000 0.068058 -0.998181
4.781000 0.069056 -0.998113
4.782000 0.070054 -0.998043
4.783000 0.071051 -0.997973
4.784000 0.072049 -0.997901
4.785000 0.073046 -0.997829
4.786000 0.074043 -0.997755
4.787000 0.075041 -0.997681
4.788000 0.076038 -0.997605
4.789000 0.077035 -0.997528
4.790000 0.078032 -0.997451
4.791000 0.079029 -0.997372
4.792000 0.080025 -0.997293
4.793000 0.081022 -0.997212
4.794000 0.082019 -0.997131
4.795000 0.083015 -0.997048
4.796000 0.084012 -0.996965
4.797000 0.085008 -0.996880
4.798000 0.086005 -0.996795
4.799000 0.087001 -0.996708
4.800000 0.087997 -0.996621
4.801000 0.088993 -0.996532
4.802000 0.089989 -0.996443
4.803000 0.090985 -0.996352
4.804000 0.091981 -0.996261
4.805000 0.092977 -0.996168
4.806000 0.093972 -0.996075
4.807000 0.094968 -0.995980
4.808000 0.095963 -0.995885
4.809000 0.096959 -0.995788
4.810000 0.097954 -0.995691
4.811000 0.098949 -0.995593
4.812000 0.099944 -0.995493
4.813000 0.100939 -0.995393
4.814000 0.101934 -0.995291
4.815000 0.102928 -0.995189
4.816000 0.103923 -0.995085
4.817000 0.104918 -0.994981
4.818000 0.105912 -0.994876
4.819000 0.106906 -0.994769
4.820000 0.107901 -0.994662
4.821000 0.108895 -0.994553
4.822000 0.109889 -0.994444
4.823000 0.110883 -0.994334
4.824000 0.111876 -0.994222
4.825000 0.112870 -0.994110
4.826000 0.113864 -0.993996
4.827000 0.114857 -0.993882
4.828000 0.115850 -0.993767
4.829000 0.116844 -0.993650
4.830000 0.117837 -0.993533
4.831000 0.118830 -0.993415
4.832000 0.119823 -0.993295
4.833000 0.120815 -0.993175
4.834000 0.121808 -0.993054
4.835000 0.122800 -0.992931
4.836000 0.123793 -0.992808
4.837000 0.124785 -0.992684
4.838000 0.125777 -0.992559
4.839000 0.126769 -0.992432
4.840000 0.127761 -0.992305
4.841000 0.128753 -0.992177
4.842000 0.129744 -0.992048
4.843000 0.130736 -0.991917
4.844000 0.131727 -0.991786
4.845000 0.132718 -0.991654
4.846000 0.133709 -0.991521
4.847000 0.134700 -0.991386
4.848000 0.135691 -0.991251
4.849000 0.136682 -0.991115
4.850000 0.137672 -0.990978
4.851000 0.138663 -0.990840
4.852000 0.139653 -0.990701
4.853000 0.140643 -0.990560
4.854000 0.141633 -0.990419
4.855000 0.142623 -0.990277
4.856000 0.143613 -0.990134
4.857000 0.144602 -0.989990
4.858000 0.145592 -0.989845
4.859000 0.146581 -0.989699
4.860000 0.147570 -0.989552
4.861000 0.148559 -0.989404
4.862000 0.149548 -0.989255
4.863000 0.150537 -0.989104
4.864000 0.151525 -0.988953
4.865000 0.152514 -0.988801
4.866000 0.153502 -0.988648
4.867000 0.154490 -0.988494
4.868000 0.155478 -0.988339
4.869000 0.156466 -0.988183
4.870000 0.157453 -0.988027
4.871000 0.158441 -0.987869
4.872000 0.159428 -0.987710
4.873000 0.160415 -0.987550
4.874000 0.161402 -0.987389
4.875000 0.162389 -0.987227
4.876000 0.163375 -0.987064
4.877000 0.164362 -0.986900
4.878000 0.165348 -0.986735
4.879000 0.166334 -0.986569
4.880000 0.167320 -0.986403
4.881000 0.168306 -0.986235
4.882000 0.169292 -0.986066
4.883000 0.170277 -0.985896
4.884000 0.171263 -0.985725
4.885000 0.172248 -0.985554
4.886000 0.173233 -0.985381
4.887000 0.174218 -0.985207
4.888000 0.175202 -0.985033
4.889000 0.176187 -0.984857
4.890000 0.177171 -0.984680
4.891000 0.178155 -0.984502
4.892000 0.179139 -0.984324
4.893000 0.180123 -0.984144
4.894000 0.181106 -0.983964
4.895000 0.182090 -0.983782
4.896000 0.183073 -0.983599
4.897000 0.184056 -0.983416
4.898000 0.185039 -0.983231
4.899000 0.186021 -0.983046
4.900000 0.187004 -0.982859
4.901000 0.187986 -0.982672
4.902000 0.188968 -0.982483
4.903000 0.189950 -0.982294
4.904000 0.190932 -0.982103
4.905000 0.191913 -0.981912
4.906000 0.192894 -0.981720
4.907000 0.193876 -0.981526
4.908000 0.194856 -0.981332
4.909000 0.195837 -0.981136
4.910000 0.196818 -0.980940
4.911000 0.197798 -0.980743
4.912000 0.198778 -0.980545
4.913000 0.199758 -0.980345
4.914000 0.200738 -0.980145
4.915000 0.201717 -0.979944
4.916000 0.202697 -0.979742
4.917000 0.203676 -0.979538
4.918000 0.204655 -0.979334
4.919000 0.205634 -0.979129
4.920000 0.206612 -0.978923
4.921000 0.207590 -0.978716
4.922000 0.208569 -0.978508
4.923000 0.209546 -0.978299
4.924000 0.210524 -0.978089
4.925000 0.211502 -0.977878
4.926000 0.212479 -0.977666
4.927000 0.213456 -0.977453
4.928000 0.214433 -0.977239
4.929000 0.215409 -0.977024
4.930000 0.216386 -0.976808
4.931000 0.217362 -0.976591
4.932000 0.218338 -0.976373
4.933000 0.219314 -0.976154
4.934000 0.220289 -0.975935
4.935000 0.221265 -0.975714
4.936000 0.222240 -0.975492
4.937000 0.223215 -0.975269
4.938000 0.224189 -0.975046
4.939000 0.225164 -0.974821
4.940000 0.226138 -0.974595
4.941000 0.227112 -0.974369
4.942000 0.228086 -0.974141
4.943000 0.229059 -0.973913
4.944000 0.230033 -0.973683
4.945000 0.231006 -0.973452
4.946000 0.231978 -0.973221
4.947000 0.232951 -0.972989
4.948000 0.233923 -0.972755
4.949000 0.234896 -0.972521
4.950000 0.235867 -0.972285
4.951000 0.236839 -0.972049
4.952000 0.237811 -0.971812
4.953000 0.238782 -0.971573
4.954000 0.239753 -0.971334
4.955000 0.240723 -0.971094
4.956000 0.241694 -0.970853
4.957000 0.242664 -0.970610
4.958000 0.243634 -0.970367
4.959000 0.244604 -0.970123
4.960000 0.245573 -0.969878
4.961000 0.246543 -0.969632
4.962000 0.247512 -0.969385
4.963000 0.248480 -0.969137
4.964000 0.249449 -0.968888
4.965000 0.250417 -0.968638
4.966000 0.251385 -0.968387
4.967000 0.252353 -0.968135
4.968000 0.253320 -0.967882
4.969000 0.254288 -0.967629
4.970000 0.255255 -0.967374
4.971000 0.256221 -0.967118
4.972000 0.257188 -0.966861
4.973000 0.258154 -0.966604
4.974000 0.259120 -0.966345
4.975000 0.260086 -0.966086
4.976000 0.261051 -0.965825
4.977000 0.262017 -0.965563
4.978000 0.262981 -0.965301
4.979000 0.263946 -0.965037
4.980000 0.264911 -0.964773
4.981000 0.265875 -0.964508
4.982000 0.266839 -0.964241
4.983000 0.267802 -0.963974
4.984000 0.268765 -0.963706
4.985000 0.269729 -0.963436
4.986000 0.270691 -0.963166
4.987000 0.271654 -0.962895
4.988000 0.272616 -0.962623
4.989000 0.273578 -0.962350
4.990000 0.274540 -0.962076
4.991000 0.275501 -0.961801
4.992000 0.276462 -0.961525
4.993000 0.277423 -0.961248
4.994000 0.278384 -0.960970
4.995000 0.279344 -0.960691
4.996000 0.280304 -0.960411
4.997000 0.281264 -0.960130
4.998000 0.282224 -0.959849
4.999000 0.283183 -0.959566
5.000000 0.284142 -0.959282
5.001000 0.285100 -0.958998
5.002000 0.286059 -0.958712
5.003000 0.287017 -0.958426
5.004000 0.287975 -0.958138
5.005000 0.288932 -0.957850
5.006000 0.289889 -0.957560
5.007000 0.290846 -0.957270
5.008000 0.291803 -0.956979
5.009000 0.292759 -0.956686
5.010000 0.293715 -0.956393
5.011000 0.294671 -0.956099
5.012000 0.295626 -0.955804
5.013000 0.296582 -0.955508
5.014000 0.297536 -0.955211
5.015000 0.298491 -0.954913
5.016000 0.299445 -0.954614
5.017000 0.300399 -0.954314
5.018000 0.301353 -0.954013
5.019000 0.302306 -0.953711
5.020000 0.303259 -0.953408
5.021000 0.304212 -0.953104
5.022000 0.305164 -0.952800
5.023000 0.306117 -0.952494
5.024000 0.307068 -0.952188
5.025000 0.308020 -0.951880
5.026000 0.308971 -0.951571
5.027000 0.309922 -0.951262
5.028000 0.310873 -0.950952
5.029000 0.311823 -0.950640
5.030000 0.312773 -0.950328
5.031000 0.313723 -0.950015
5.032000 0.314672 -0.949701
5.033000 0.315621 -0.949385
5.034000 0.316570 -0.949069
5.035000 0.317518 -0.948752
5.036000 0.318466 -0.948434
5.037000 0.319414 -0.948115
5.038000 0.320362 -0.947795
5.039000 0.321309 -0.947475
5.040000 0.322255 -0.947153
5.041000 0.323202 -0.946830
5.042000 0.324148 -0.946506
5.043000 0.325094 -0.946182
5.044000 0.326040 -0.945856
5.045000 0.326985 -0.945530
5.046000 0.327930 -0.945202
5.047000 0.328874 -0.944874
5.048000 0.329818 -0.944544
5.049000 0.330762 -0.944214
5.050000 0.331706 -0.943883
5.051000 0.332649 -0.943551
5.052000 0.333592 -0.943218
5.053000 0.334534 -0.942884
5.054000 0.335477 -0.942549
5.055000 0.336418 -0.942213
5.056000 0.337360 -0.941876
5.057000 0.338301 -0.941538
5.058000 0.339242 -0.941199
5.059000 0.340183 -0.940859
5.060000 0.341123 -0.940519
5.061000 0.342063 -0.940177
5.062000 0.343002 -0.939835
5.063000 0.343941 -0.939491
5.064000 0.344880 -0.939147
5.065000 0.345819 -0.938801
5.066000 0.346757 -0.938455
5.067000 0.347695 -0.938108
5.068000 0.348632 -0.937760
5.069000 0.349569 -0.937411
5.070000 0.350506 -0.937061
5.071000 0.351442 -0.936710
5.072000 0.352378 -0.936358
5.073000 0.353314 -0.936005
5.074000 0.354249 -0.935651
5.075000 0.355184 -0.935296
5.076000 0.356119 -0.934941
5.077000 0.357053 -0.934584
5.078000 0.357987 -0.934227
5.079000 0.358921 -0.933868
5.080000 0.359854 -0.933509
5.081000 0.360787 -0.933148
5.082000 0.361719 -0.932787
5.083000 0.362651 -0.932425
5.084000 0.363583 -0.932062
5.085000 0.364514 -0.931698
5.086000 0.365445 -0.931333
5.087000 0.366376 -0.930967
5.088000 0.367306 -0.930600
5.089000 0.368236 -0.930232
5.090000 0.369166 -0.929864
5.091000 0.370095 -0.929494
5.092000 0.371024 -0.929123
5.093000 0.371952 -0.928752
5.094000 0.372880 -0.928380
5.095000 0.373808 -0.928006
5.096000 0.374735 -0.927632
5.097000 0.375662 -0.927257
5.098000 0.376589 -0.926881
5.099000 0.377515 -0.926504
5.100000 0.378441 -0.926126
5.101000 0.379366 -0.925747
5.102000 0.380291 -0.925367
5.103000 0.381216 -0.924986
5.104000 0.382140 -0.924604
5.105000 0.383064 -0.924222
5.106000 0.383988 -0.923838
5.107000 0.384911 -0.923454
5.108000 0.385834 -0.923069
5.109000 0.386756 -0.922682
5.110000 0.387678 -0.922295
5.111000 0.388599 -0.921907
5.112000 0.389521 -0.921518
5.113000 0.390442 -0.921128
5.114000 0.391362 -0.920737
5.115000 0.392282 -0.920345
5.116000 0.393202 -0.919952
5.117000 0.394121 -0.919559
5.118000 0.395040 -0.919164
5.119000 0.395958 -0.918769
5.120000 0.396876 -0.918372
5.121000 0.397794 -0.917975
5.122000 0.398711 -0.917577
5.123000 0.399628 -0.917177
5.124000 0.400545 -0.916777
5.125000 0.401461 -0.916376
5.126000 0.402376 -0.915974
5.127000 0.403292 -0.915572
5.128000 0.404206 -0.915168
5.129000 0.405121 -0.914763
5.130000 0.406035 -0.914358
5.131000 0.406949 -0.913951
5.132000 0.407862 -0.913544
5.133000 0.408775 -0.913135
5.134000 0.409687 -0.912726
5.135000 0.410599 -0.912316
5.136000 0.411511 -0.911905
5.137000 0.412422 -0.911493
5.138000 0.413333 -0.911080
5.139000 0.414243 -0.910666
5.140000 0.415153 -0.910252
5.141000 0.416063 -0.909836
5.142000 0.416972 -0.909420
5.143000 0.417881 -0.909002
5.144000 0.418789 -0.908584
5.145000 0.419697 -0.908164
5.146000 0.420604 -0.907744
5.147000 0.421511 -0.907323
5.148000 0.422418 -0.906901
5.149000 0.423324 -0.906478
5.150000 0.424230 -0.906055
5.151000 0.425135 -0.905630
5.152000 0.426040 -0.905204
5.153000 0.426944 -0.904778
5.154000 0.427849 -0.904351
5.155000 0.428752 -0.903922
5.156000 0.429655 -0.903493
5.157000 0.430558 -0.903063
5.158000 0.431461 -0.902632
5.159000 0.432362 -0.902200
5.160000 0.433264 -0.901767
5.161000 0.434165 -0.901333
5.162000 0.435066 -0.900899
5.163000 0.435966 -0.900463
5.164000 0.436866 -0.900027
5.165000 0.437765 -0.899590
5.166000 0.438664 -0.899151
5.167000 0.439562 -0.898712
5.168000 0.440460 -0.898272
5.169000 0.441358 -0.897831
5.170000 0.442255 -0.897390
5.171000 0.443151 -0.896947
5.172000 0.444048 -0.896503
5.173000 0.444943 -0.896059
5.174000 0.445839 -0.895613
5.175000 0.446734 -0.895167
5.176000 0.447628 -0.894720
5.177000 0.448522 -0.894272
5.178000 0.449416 -0.893823
5.179000 0.450309 -0.893373
5.180000 0.451201 -0.892922
5.181000 0.452094 -0.892471
5.182000 0.452985 -0.892018
5.183000 0.453877 -0.891565
5.184000 0.454767 -0.891110
5.185000 0.455658 -0.890655
5.186000 0.456548 -0.890199
5.187000 0.457437 -0.889742
5.188000 0.458326 -0.889284
5.189000 0.459215 -0.888825
5.190000 0.460103 -0.888366
5.191000 0.460991 -0.887905
5.192000 0.461878 -0.887444
5.193000 0.462764 -0.886981
5.194000 0.463651 -0.886518
5.195000 0.464536 -0.886054
5.196000 0.465422 -0.885589
5.197000 0.466307 -0.885123
5.198000 0.467191 -0.884656
5.199000 0.468075 -0.884189
5.200000 0.468958 -0.883720
5.201000 0.469841 -0.883251
5.202000 0.470724 -0.882781
5.203000 0.471606 -0.882309
5.204000 0.472488 -0.881837
5.205000 0.473369 -0.881365
5.206000 0.474249 -0.880891
5.207000 0.475129 -0.880416
5.208000 0.476009 -0.879940
5.209000 0.476888 -0.879464
5.210000 0.477767 -0.878987
5.211000 0.478645 -0.878508
5.212000 0.479523 -0.878029
5.213000 0.480400 -0.877549
5.214000 0.481277 -0.877069
5.215000 0.482153 -0.876587
5.216000 0.483029 -0.876104
5.217000 0.483905 -0.875621
5.218000 0.484780 -0.875136
5.219000 0.485654 -0.874651
5.220000 0.486528 -0.874165
5.221000 0.487401 -0.873678
5.222000 0.488274 -0.873190
5.223000 0.489147 -0.872702
5.224000 0.490019 -0.872212
5.225000 0.490890 -0.871722
5.226000 0.491761 -0.871230
5.227000 0.492632 -0.870738
5.228000 0.493502 -0.870245
5.229000 0.494371 -0.869751
5.230000 0.495240 -0.869256
5.231000 0.496109 -0.868761
5.232000 0.496977 -0.868264
5.233000 0.497844 -0.867767
5.234000 0.498711 -0.867268
5.235000 0.499578 -0.866769
5.236000 0.500444 -0.866269
5.237000 0.501309 -0.865768
5.238000 0.502174 -0.865267
5.239000 0.503039 -0.864764
5.240000 0.503903 -0.864261
5.241000 0.504766 -0.863756
5.242000 0.505629 -0.863251
5.243000 0.506492 -0.862745
5.244000 0.507354 -0.862238
5.245000 0.508215 -0.861730
5.246000 0.509076 -0.861222
5.247000 0.509937 -0.860712
5.248000 0.510797 -0.860202
5.249000 0.511656 -0.859690
5.250000 0.512515 -0.859178
5.251000 0.513373 -0.858665
5.252000 0.514231 -0.858152
5.253000 0.515089 -0.857637
5.254000 0.515946 -0.857121
5.255000 0.516802 -0.856605
5.256000 0.517658 -0.856088
5.257000 0.518513 -0.855570
5.258000 0.519368 -0.855051
5.259000 0.520222 -0.854531
5.260000 0.521076 -0.854010
5.261000 0.521929 -0.853489
5.262000 0.522782 -0.852967
5.263000 0.523634 -0.852443
5.264000 0.524486 -0.851919
5.265000 0.525337 -0.851394
5.266000 0.526188 -0.850869
5.267000 0.527038 -0.850342
5.268000 0.527887 -0.849815
5.269000 0.528736 -0.849286
5.270000 0.529585 -0.848757
5.271000 0.530433 -0.848227
5.272000 0.531280 -0.847696
5.273000 0.532127 -0.847164
5.274000 0.532974 -0.846632
5.275000 0.533820 -0.846099
5.276000 0.534665 -0.845564
5.277000 0.535510 -0.845029
5.278000 0.536354 -0.844493
5.279000 0.537198 -0.843956
5.280000 0.538041 -0.843419
5.281000 0.538884 -0.842880
5.282000 0.539726 -0.842341
5.283000 0.540567 -0.841801
5.284000 0.541408 -0.841260
5.285000 0.542249 -0.840718
5.286000 0.543089 -0.840175
5.287000 0.543928 -0.839632
5.288000 0.544767 -0.839088
5.289000 0.545605 -0.838542
5.290000 0.546443 -0.837996
5.291000 0.547280 -0.837450
5.292000 0.548117 -0.836902
5.293000 0.548953 -0.836353
5.294000 0.549789 -0.835804
5.295000 0.550624 -0.835254
5.296000 0.551458 -0.834703
5.297000 0.552292 -0.834151
5.298000 0.553125 -0.833598
5.299000 0.553958 -0.833045
5.300000 0.554791 -0.832490
5.301000 0.555622 -0.831935
5.302000 0.556453 -0.831379
5.303000 0.557284 -0.830822
5.304000 0.558114 -0.830264
5.305000 0.558944 -0.829706
5.306000 0.559772 -0.829146
5.307000 0.560601 -0.828586
5.308000 0.561429 -0.828025
5.309000 0.562256 -0.827463
5.310000 0.563083 -0.826901
5.311000 0.563909 -0.826337
5.312000 0.564734 -0.825773
5.313000 0.565559 -0.825208
5.314000 0.566384 -0.824642
5.315000 0.567207 -0.824075
5.316000 0.568031 -0.823507
5.317000 0.568853 -0.822939
5.318000 0.569676 -0.822370
5.319000 0.570497 -0.821800
5.320000 0.571318 -0.821229
5.321000 0.572139 -0.820657
5.322000 0.572959 -0.820084
5.323000 0.573778 -0.819511
5.324000 0.574597 -0.818937
5.325000 0.575415 -0.818362
5.326000 0.576232 -0.817786
5.327000 0.577049 -0.817209
5.328000 0.577866 -0.816632
5.329000 0.578682 -0.816054
5.330000 0.579497 -0.815475
5.331000 0.580312 -0.814895
5.332000 0.581126 -0.814314
5.333000 0.581939 -0.813732
5.334000 0.582752 -0.813150
5.335000 0.583564 -0.812567
5.336000 0.584376 -0.811983
5.337000 0.585187 -0.811398
5.338000 0.585998 -0.810813
5.339000 0.586808 -0.810226
5.340000 0.587617 -0.809639
5.341000 0.588426 -0.809051
5.342000 0.589235 -0.808462
5.343000 0.590042 -0.807872
5.344000 0.590849 -0.807282
5.345000 0.591656 -0.806691
5.346000 0.592462 -0.806099
5.347000 0.593267 -0.805506
5.348000 0.594072 -0.804912
5.349000 0.594876 -0.804318
5.350000 0.595679 -0.803722
5.351000 0.596482 -0.803126
5.352000 0.597285 -0.802529
5.353000 0.598086 -0.801932
5.354000 0.598887 -0.801333
5.355000 0.599688 -0.800734
5.356000 0.600488 -0.800134
5.357000 0.601287 -0.799533
5.358000 0.602086 -0.798931
5.359000 0.602884 -0.798329
5.360000 0.603682 -0.797726
5.361000 0.604479 -0.797122
5.362000 0.605275 -0.796517
5.363000 0.606071 -0.795911
5.364000 0.606866 -0.795304
5.365000 0.607660 -0.794697
5.366000 0.608454 -0.794089
5.367000 0.609247 -0.793480
5.368000 0.610040 -0.792871
5.369000 0.610832 -0.792260
5.370000 0.611624 -0.791649
5.371000 0.612414 -0.791037
5.372000 0.613205 -0.790424
5.373000 0.613994 -0.789811
5.374000 0.614783 -0.789196
5.375000 0.615572 -0.788581
5.376000 0.616359 -0.787965
5.377000 0.617147 -0.787348
5.378000 0.617933 -0.786731
5.379000 0.618719 -0.786112
5.380000 0.619504 -0.785493
5.381000 0.620289 -0.784873
5.382000 0.621073 -0.784253
5.383000 0.621857 -0.783631
5.384000 0.622639 -0.783009
5.385000 0.623422 -0.782386
5.386000 0.624203 -0.781762
5.387000 0.624984 -0.781138
5.388000 0.625764 -0.780512
5.389000 0.626544 -0.779886
5.390000 0.627323 -0.779259
5.391000 0.628102 -0.778631
5.392000 0.628879 -0.778003
5.393000 0.629657 -0.777374
5.394000 0.630433 -0.776744
5.395000 0.631209 -0.776113
5.396000 0.631984 -0.775481
5.397000 0.632759 -0.774849
5.398000 0.633533 -0.774216
5.399000 0.634307 -0.773582
5.400000 0.635079 -0.772947
5.401000 0.635851 -0.772312
5.402000 0.636623 -0.771675
5.403000 0.637394 -0.771038
5.404000 0.638164 -0.770401
5.405000 0.638934 -0.769762
5.406000 0.639703 -0.769123
5.407000 0.640471 -0.768483
5.408000 0.641238 -0.767842
5.409000 0.642005 -0.767200
5.410000 0.642772 -0.766558
5.411000 0.643538 -0.765915
5.412000 0.644303 -0.765271
5.413000 0.645067 -0.764626
5.414000 0.645831 -0.763981
5.415000 0.646594 -0.763334
5.416000 0.647357 -0.762687
5.417000 0.648118 -0.762040
5.418000 0.648880 -0.761391
5.419000 0.649640 -0.760742
5.420000 0.650400 -0.760092
5.421000 0.651159 -0.759441
5.422000 0.651918 -0.758790
5.423000 0.652676 -0.758137
5.424000 0.653433 -0.757484
5.425000 0.654190 -0.756830
5.426000 0.654946 -0.756176
5.427000 0.655701 -0.755520
5.428000 0.656456 -0.754864
5.429000 0.657210 -0.754208
5.430000 0.657963 -0.753550
5.431000 0.658716 -0.752892
5.432000 0.659468 -0.752233
5.433000 0.660220 -0.751573
5.434000 0.660970 -0.750912
5.435000 0.661720 -0.750251
5.436000 0.662470 -0.749589
5.437000 0.663219 -0.748926
5.438000 0.663967 -0.748262
5.439000 0.664714 -0.747598
5.440000 0.665461 -0.746933
5.441000 0.666207 -0.746267
5.442000 0.666952 -0.745600
5.443000 0.667697 -0.744933
5.444000 0.668441 -0.744265
5.445000 0.669185 -0.743596
5.446000 0.669928 -0.742927
5.447000 0.670670 -0.742256
5.448000 0.671411 -0.741585
5.449000 0.672152 -0.740914
5.450000 0.672892 -0.740241
5.451000 0.673631 -0.739568
5.452000 0.674370 -0.738894
5.453000 0.675108 -0.738219
5.454000 0.675845 -0.737544
5.455000 0.676582 -0.736867
5.456000 0.677318 -0.736190
5.457000 0.678054 -0.735513
5.458000 0.678788 -0.734834
5.459000 0.679522 -0.734155
5.460000 0.680256 -0.733475
5.461000 0.680988 -0.732795
5.462000 0.681720 -0.732113
5.463000 0.682451 -0.731431
5.464000 0.683182 -0.730748
5.465000 0.683912 -0.730065
5.466000 0.684641 -0.729380
5.467000 0.685370 -0.728695
5.468000 0.686097 -0.728010
5.469000 0.686825 -0.727323
5.470000 0.687551 -0.726636
5.471000 0.688277 -0.725948
5.472000 0.689002 -0.725260
5.473000 0.689726 -0.724570
5.474000 0.690450 -0.723880
5.475000 0.691173 -0.723189
5.476000 0.691896 -0.722498
5.477000 0.692617 -0.721805
5.478000 0.693338 -0.721113
5.479000 0.694058 -0.720419
5.480000 0.694778 -0.719724
5.481000 0.695497 -0.719029
5.482000 0.696215 -0.718333
5.483000 0.696933 -0.717637
5.484000 0.697649 -0.716940
5.485000 0.698365 -0.716242
5.486000 0.699081 -0.715543
5.487000 0.699795 -0.714843
5.488000 0.700509 -0.714143
5.489000 0.701223 -0.713442
5.490000 0.701935 -0.712741
5.491000 0.702647 -0.712038
5.492000 0.703358 -0.711335
5.493000 0.704069 -0.710632
5.494000 0.704779 -0.709927
5.495000 0.705488 -0.709222
5.496000 0.706196 -0.708516
5.497000 0.706904 -0.707810
5.498000 0.707611 -0.707103
5.499000 0.708317 -0.706395
5.500000 0.709023 -0.705686
5.501000 0.709727 -0.704977
5.502000 0.710432 -0.704266
5.503000 0.711135 -0.703556
5.504000 0.711838 -0.702844
5.505000 0.712540 -0.702132
5.506000 0.713241 -0.701419
5.507000 0.713941 -0.700706
5.508000 0.714641 -0.699991
5.509000 0.715340 -0.699276
5.510000 0.716039 -0.698561
5.511000 0.716737 -0.697844
5.512000 0.717434 -0.697127
5.513000 0.718130 -0.696409
5.514000 0.718825 -0.695691
5.515000 0.719520 -0.694972
5.516000 0.720214 -0.694252
5.517000 0.720908 -0.693531
5.518000 0.721600 -0.692810
5.519000 0.722292 -0.692088
5.520000 0.722984 -0.691365
5.521000 0.723674 -0.690642
5.522000 0.724364 -0.689918
5.523000 0.725053 -0.689193
5.524000 0.725741 -0.688468
5.525000 0.726429 -0.687742
5.526000 0.727116 -0.687015
5.527000 0.727802 -0.686288
5.528000 0.728487 -0.685559
5.529000 0.729172 -0.684831
5.530000 0.729856 -0.684101
5.531000 0.730539 -0.683371
5.532000 0.731222 -0.682640
5.533000 0.731903 -0.681908
5.534000 0.732584 -0.681176
5.535000 0.733265 -0.680443
5.536000 0.733944 -0.679710
5.537000 0.734623 -0.678975
5.538000 0.735301 -0.678240
5.539000 0.735979 -0.677505
5.540000 0.736655 -0.676769
5.541000 0.737331 -0.676032
5.542000 0.738006 -0.675294
5.543000 0.738681 -0.674556
5.544000 0.739355 -0.673816
5.545000 0.740027 -0.673077
5.546000 0.740700 -0.672336
5.547000 0.741371 -0.671595
5.548000 0.742042 -0.670854
5.549000 0.742712 -0.670111
5.550000 0.743381 -0.669368
5.551000 0.744050 -0.668625
5.552000 0.744717 -0.667880
5.553000 0.745384 -0.667135
5.554000 0.746051 -0.666389
5.555000 0.746716 -0.665643
5.556000 0.747381 -0.664896
5.557000 0.748045 -0.664148
5.558000 0.748708 -0.663400
5.559000 0.749371 -0.662651
5.560000 0.750032 -0.661901
5.561000 0.750694 -0.661151
5.562000 0.751354 -0.660400
5.563000 0.752013 -0.659648
5.564000 0.752672 -0.658896
5.565000 0.753330 -0.658143
5.566000 0.753987 -0.657389
5.567000 0.754644 -0.656635
5.568000 0.755300 -0.655880
5.569000 0.755955 -0.655124
5.570000 0.756609 -0.654368
5.571000 0.757262 -0.653611
5.572000 0.757915 -0.652853
5.573000 0.758567 -0.652095
5.574000 0.759218 -0.651336
5.575000 0.759869 -0.650577
5.576000 0.760518 -0.649816
5.577000 0.761167 -0.649056
5.578000 0.761816 -0.648294
5.579000 0.762463 -0.647532
5.580000 0.763110 -0.646769
5.581000 0.763756 -0.646006
5.582000 0.764401 -0.645242
5.583000 0.765045 -0.644477
5.584000 0.765689 -0.643712
5.585000 0.766331 -0.642946
5.586000 0.766973 -0.642179
5.587000 0.767615 -0.641412
5.588000 0.768255 -0.640644
5.589000 0.768895 -0.639875
5.590000 0.769534 -0.639106
5.591000 0.770172 -0.638336
5.592000 0.770810 -0.637566
5.593000 0.771446 -0.636794
5.594000 0.772082 -0.636023
5.595000 0.772717 -0.635250
5.596000 0.773352 -0.634477
5.597000 0.773985 -0.633704
5.598000 0.774618 -0.632929
5.599000 0.775250 -0.632154
5.600000 0.775882 -0.631379
5.601000 0.776512 -0.630603
5.602000 0.777142 -0.629826
5.603000 0.777771 -0.629048
5.604000 0.778399 -0.628270
5.605000 0.779026 -0.627492
5.606000 0.779653 -0.626712
5.607000 0.780279 -0.625932
5.608000 0.780904 -0.625152
5.609000 0.781528 -0.624370
5.610000 0.782151 -0.623589
5.611000 0.782774 -0.622806
5.612000 0.783396 -0.622023
5.613000 0.784017 -0.621239
5.614000 0.784638 -0.620455
5.615000 0.785257 -0.619670
5.616000 0.785876 -0.618884
5.617000 0.786494 -0.618098
5.618000 0.787111 -0.617311
5.619000 0.787727 -0.616524
5.620000 0.788343 -0.615736
5.621000 0.788958 -0.614947
5.622000 0.789572 -0.614158
5.623000 0.790185 -0.613368
5.624000 0.790798 -0.612578
5.625000 0.791409 -0.611787
5.626000 0.792020 -0.610995
5.627000 0.792630 -0.610203
5.628000 0.793240 -0.609410
5.629000 0.793848 -0.608616
5.630000 0.794456 -0.607822
5.631000 0.795063 -0.607027
5.632000 0.795669 -0.606232
5.633000 0.796274 -0.605436
5.634000 0.796879 -0.604639
5.635000 0.797483 -0.603842
5.636000 0.798086 -0.603044
5.637000 0.798688 -0.602246
5.638000 0.799289 -0.601447
5.639000 0.799890 -0.600647
5.640000 0.800489 -0.599847
5.641000 0.801088 -0.599046
5.642000 0.801686 -0.598245
5.643000 0.802284 -0.597443
5.644000 0.802880 -0.596640
5.645000 0.803476 -0.595837
5.646000 0.804071 -0.595033
5.647000 0.804665 -0.594229
5.648000 0.805258 -0.593424
5.649000 0.805851 -0.592619
5.650000 0.806443 -0.591812
5.651000 0.807034 -0.591006
5.652000 0.807624 -0.590198
5.653000 0.808213 -0.589390
5.654000 0.808801 -0.588582
5.655000 0.809389 -0.587773
5.656000 0.809976 -0.586963
5.657000 0.810562 -0.586153
5.658000 0.811147 -0.585342
5.659000 0.811732 -0.584531
5.660000 0.812315 -0.583719
5.661000 0.812898 -0.582906
5.662000 0.813480 -0.582093
5.663000 0.814061 -0.581279
5.664000 0.814642 -0.580465
5.665000 0.815221 -0.579650
5.666000 0.815800 -0.578834
5.667000 0.816378 -0.578018
5.668000 0.816955 -0.577201
5.669000 0.817531 -0.576384
5.670000 0.818107 -0.575566
5.671000 0.818682 -0.574748
5.672000 0.819255 -0.573929
5.673000 0.819828 -0.573110
5.674000 0.820401 -0.572289
5.675000 0.820972 -0.571469
5.676000 0.821543 -0.570647
5.677000 0.822112 -0.569826
5.678000 0.822681 -0.569003
5.679000 0.823249 -0.568180
5.680000 0.823817 -0.567357
5.681000 0.824383 -0.566533
5.682000 0.824949 -0.565708
5.683000 0.825513 -0.564883
5.684000 0.826077 -0.564057
5.685000 0.826640 -0.563231
5.686000 0.827203 -0.562404
5.687000 0.827764 -0.561576
5.688000 0.828325 -0.560748
5.689000 0.828885 -0.559920
5.690000 0.829444 -0.559090
5.691000 0.830002 -0.558261
5.692000 0.830559 -0.557430
5.693000 0.831116 -0.556600
5.694000 0.831672 -0.555768
5.695000 0.832226 -0.554936
5.696000 0.832780 -0.554104
5.697000 0.833334 -0.553271
5.698000 0.833886 -0.552437
5.699000 0.834437 -0.551603
5.700000 0.834988 -0.550768
5.701000 0.835538 -0.549933
5.702000 0.836087 -0.549097
5.703000 0.836635 -0.548261
5.704000 0.837183 -0.547424
5.705000 0.837729 -0.546586
5.706000 0.838275 -0.545748
5.707000 0.838820 -0.544910
5.708000 0.839364 -0.544071
5.709000 0.839907 -0.543231
5.710000 0.840449 -0.542391
5.711000 0.840990 -0.541550
5.712000 0.841531 -0.540709
5.713000 0.842071 -0.539867
5.714000 0.842610 -0.539025
5.715000 0.843148 -0.538182
5.716000 0.843685 -0.537338
5.717000 0.844222 -0.536495
5.718000 0.844757 -0.535650
5.719000 0.845292 -0.534805
5.720000 0.845826 -0.533959
5.721000 0.846359 -0.533113
5.722000 0.846891 -0.532267
5.723000 0.847422 -0.531420
5.724000 0.847953 -0.530572
5.725000 0.848482 -0.529724
5.726000 0.849011 -0.528875
5.727000 0.849539 -0.528026
5.728000 0.850066 -0.527176
5.729000 0.850593 -0.526326
5.730000 0.851118 -0.525475
5.731000 0.851643 -0.524623
5.732000 0.852166 -0.523771
5.733000 0.852689 -0.522919
5.734000 0.853211 -0.522066
5.735000 0.853732 -0.521213
5.736000 0.854253 -0.520359
5.737000 0.854772 -0.519504
5.738000 0.855291 -0.518649
5.739000 0.855808 -0.517793
5.740000 0.856325 -0.516937
5.741000 0.856841 -0.516081
5.742000 0.857356 -0.515224
5.743000 0.857871 -0.514366
5.744000 0.858384 -0.513508
5.745000 0.858897 -0.512649
5.746000 0.859408 -0.511790
5.747000 0.859919 -0.510930
5.748000 0.860429 -0.510070
5.749000 0.860938 -0.509210
5.750000 0.861447 -0.508348
5.751000 0.861954 -0.507487
5.752000 0.862461 -0.506625
5.753000 0.862966 -0.505762
5.754000 0.863471 -0.504899
5.755000 0.863975 -0.504035
5.756000 0.864478 -0.503171
5.757000 0.864980 -0.502306
5.758000 0.865482 -0.501441
5.759000 0.865982 -0.500575
5.760000 0.866482 -0.499709
5.761000 0.866981 -0.498842
5.762000 0.867479 -0.497975
5.763000 0.867976 -0.497107
5.764000 0.868472 -0.496239
5.765000 0.868967 -0.495370
5.766000 0.869462 -0.494501
5.767000 0.869955 -0.493631
5.768000 0.870448 -0.492761
5.769000 0.870940 -0.491890
5.770000 0.871431 -0.491019
5.771000 0.871921 -0.490147
5.772000 0.872410 -0.489275
5.773000 0.872898 -0.488403
5.774000 0.873386 -0.487529
5.775000 0.873872 -0.486656
5.776000 0.874358 -0.485782
5.777000 0.874843 -0.484907
5.778000 0.875327 -0.484032
5.779000 0.875810 -0.483156
5.780000 0.876292 -0.482280
5.781000 0.876773 -0.481404
5.782000 0.877254 -0.480527
5.783000 0.877734 -0.479649
5.784000 0.878212 -0.478771
5.785000 0.878690 -0.477893
5.786000 0.879167 -0.477014
5.787000 0.879643 -0.476135
5.788000 0.880118 -0.475255
5.789000 0.880593 -0.474374
5.790000 0.881066 -0.473494
5.791000 0.881539 -0.472612
5.792000 0.882010 -0.471730
5.793000 0.882481 -0.470848
5.794000 0.882951 -0.469966
5.795000 0.883420 -0.469082
5.796000 0.883888 -0.468199
5.797000 0.884355 -0.467315
5.798000 0.884822 -0.466430
5.799000 0.885287 -0.465545
5.800000 0.885752 -0.464659
5.801000 0.886216 -0.463773
5.802000 0.886678 -0.462887
5.803000 0.887140 -0.462000
5.804000 0.887601 -0.461113
5.805000 0.888062 -0.460225
5.806000 0.888521 -0.459337
5.807000 0.888979 -0.458448
5.808000 0.889437 -0.457559
5.809000 0.889893 -0.456669
5.810000 0.890349 -0.455779
5.811000 0.890804 -0.454888
5.812000 0.891258 -0.453997
5.813000 0.891711 -0.453106
5.814000 0.892163 -0.452214
5.815000 0.892614 -0.451321
5.816000 0.893065 -0.450429
5.817000 0.893514 -0.449535
5.818000 0.893963 -0.448642
5.819000 0.894410 -0.447747
5.820000 0.894857 -0.446853
5.821000 0.895303 -0.445958
5.822000 0.895748 -0.445062
5.823000 0.896192 -0.444166
5.824000 0.896635 -0.443270
5.825000 0.897078 -0.442373
5.826000 0.897519 -0.441476
5.827000 0.897960 -0.440578
5.828000 0.898399 -0.439680
5.829000 0.898838 -0.438781
5.830000 0.899276 -0.437882
5.831000 0.899713 -0.436982
5.832000 0.900149 -0.436083
5.833000 0.900584 -0.435182
5.834000 0.901018 -0.434281
5.835000 0.901452 -0.433380
5.836000 0.901884 -0.432478
5.837000 0.902316 -0.431576
5.838000 0.902746 -0.430674
5.839000 0.903176 -0.429771
5.840000 0.903605 -0.428867
5.841000 0.904033 -0.427964
5.842000 0.904460 -0.427059
5.843000 0.904886 -0.426155
5.844000 0.905311 -0.425250
5.845000 0.905735 -0.424344
5.846000 0.906159 -0.423438
5.847000 0.906581 -0.422532
5.848000 0.907003 -0.421625
5.849000 0.907423 -0.420718
5.850000 0.907843 -0.419810
5.851000 0.908262 -0.418902
5.852000 0.908680 -0.417994
5.853000 0.909097 -0.417085
5.854000 0.909513 -0.416175
5.855000 0.909928 -0.415266
5.856000 0.910343 -0.414356
5.857000 0.910756 -0.413445
5.858000 0.911169 -0.412534
5.859000 0.911580 -0.411623
5.860000 0.911991 -0.410711
5.861000 0.912401 -0.409799
5.862000 0.912809 -0.408886
5.863000 0.913217 -0.407973
5.864000 0.913624 -0.407060
5.865000 0.914030 -0.406146
5.866000 0.914436 -0.405232
5.867000 0.914840 -0.404317
5.868000 0.915243 -0.403402
5.869000 0.915646 -0.402487
5.870000 0.916047 -0.401571
5.871000 0.916448 -0.400654
5.872000 0.916848 -0.399738
5.873000 0.917246 -0.398821
5.874000 0.917644 -0.397903
5.875000 0.918041 -0.396985
5.876000 0.918437 -0.396067
5.877000 0.918832 -0.395149
5.878000 0.919226 -0.394230
5.879000 0.919620 -0.393310
5.880000 0.920012 -0.392390
5.881000 0.920404 -0.391470
5.882000 0.920794 -0.390549
5.883000 0.921184 -0.389628
5.884000 0.921572 -0.388707
5.885000 0.921960 -0.387785
5.886000 0.922347 -0.386863
5.887000 0.922733 -0.385941
5.888000 0.923118 -0.385018
5.889000 0.923502 -0.384094
5.890000 0.923885 -0.383171
5.891000 0.924267 -0.382247
5.892000 0.924648 -0.381322
5.893000 0.925029 -0.380397
5.894000 0.925408 -0.379472
5.895000 0.925787 -0.378547
5.896000 0.926164 -0.377621
5.897000 0.926541 -0.376694
5.898000 0.926917 -0.375767
5.899000 0.927291 -0.374840
5.900000 0.927665 -0.373913
5.901000 0.928038 -0.372985
5.902000 0.928410 -0.372057
5.903000 0.928781 -0.371128
5.904000 0.929152 -0.370199
5.905000 0.929521 -0.369270
5.906000 0.929889 -0.368340
5.907000 0.930257 -0.367410
5.908000 0.930623 -0.366480
5.909000 0.930988 -0.365549
5.910000 0.931353 -0.364618
5.911000 0.931717 -0.363686
5.912000 0.932079 -0.362754
5.913000 0.932441 -0.361822
5.914000 0.932802 -0.360889
5.915000 0.933162 -0.359956
5.916000 0.933521 -0.359023
5.917000 0.933879 -0.358089
5.918000 0.934236 -0.357155
5.919000 0.934592 -0.356221
5.920000 0.934948 -0.355286
5.921000 0.935302 -0.354351
5.922000 0.935655 -0.353416
5.923000 0.936008 -0.352480
5.924000 0.936359 -0.351544
5.925000 0.936710 -0.350607
5.926000 0.937059 -0.349670
5.927000 0.937408 -0.348733
5.928000 0.937756 -0.347795
5.929000 0.938103 -0.346857
5.930000 0.938449 -0.345919
5.931000 0.938794 -0.344980
5.932000 0.939138 -0.344042
5.933000 0.939481 -0.343102
5.934000 0.939823 -0.342163
5.935000 0.940164 -0.341223
5.936000 0.940504 -0.340282
5.937000 0.940844 -0.339342
5.938000 0.941182 -0.338401
5.939000 0.941519 -0.337459
5.940000 0.941856 -0.336517
5.941000 0.942191 -0.335575
5.942000 0.942526 -0.334633
5.943000 0.942860 -0.333690
5.944000 0.943192 -0.332747
5.945000 0.943524 -0.331804
5.946000 0.943855 -0.330860
5.947000 0.944185 -0.329916
5.948000 0.944514 -0.328972
5.949000 0.944842 -0.328027
5.950000 0.945169 -0.327082
5.951000 0.945495 -0.326137
5.952000 0.945820 -0.325191
5.953000 0.946144 -0.324245
5.954000 0.946468 -0.323299
5.955000 0.946790 -0.322352
5.956000 0.947111 -0.321405
5.957000 0.947432 -0.320458
5.958000 0.947751 -0.319511
5.959000 0.948070 -0.318563
5.960000 0.948387 -0.317614
5.961000 0.948704 -0.316666
5.962000 0.949020 -0.315717
5.963000 0.949334 -0.314768
5.964000 0.949648 -0.313818
5.965000 0.949961 -0.312869
5.966000 0.950273 -0.311918
5.967000 0.950584 -0.310968
5.968000 0.950894 -0.310017
5.969000 0.951203 -0.309066
5.970000 0.951511 -0.308115
5.971000 0.951818 -0.307163
5.972000 0.952124 -0.306211
5.973000 0.952430 -0.305259
5.974000 0.952734 -0.304306
5.975000 0.953037 -0.303353
5.976000 0.953340 -0.302400
5.977000 0.953641 -0.301447
5.978000 0.953942 -0.300493
5.979000 0.954241 -0.299539
5.980000 0.954540 -0.298585
5.981000 0.954837 -0.297630
5.982000 0.955134 -0.296675
5.983000 0.955430 -0.295720
5.984000 0.955724 -0.294764
5.985000 0.956018 -0.293808
5.986000 0.956311 -0.292852
5.987000 0.956603 -0.291895
5.988000 0.956894 -0.290939
5.989000 0.957184 -0.289982
5.990000 0.957473 -0.289024
5.991000 0.957761 -0.288067
5.992000 0.958048 -0.287109
5.993000 0.958334 -0.286151
5.994000 0.958619 -0.285192
5.995000 0.958903 -0.284233
5.996000 0.959187 -0.283274
5.997000 0.959469 -0.282315
5.998000 0.959750 -0.281355
5.999000 0.960031 -0.280396
6.000000 0.960310 -0.279435
6.001000 0.960588 -0.278475
6.002000 0.960866 -0.277514
6.003000 0.961142 -0.276553
6.004000 0.961418 -0.275592
6.005000 0.961693 -0.274630
6.006000 0.961966 -0.273669
6.007000 0.962239 -0.272706
6.008000 0.962511 -0.271744
6.009000 0.962781 -0.270781
6.010000 0.963051 -0.269819
6.011000 0.963320 -0.268855
6.012000 0.963588 -0.267892
6.013000 0.963855 -0.266928
6.014000 0.964121 -0.265964
6.015000 0.964386 -0.265000
6.016000 0.964650 -0.264035
6.017000 0.964913 -0.263071
6.018000 0.965175 -0.262106
6.019000 0.965436 -0.261140
6.020000 0.965696 -0.260175
6.021000 0.965955 -0.259209
6.022000 0.966214 -0.258243
6.023000 0.966471 -0.257276
6.024000 0.966727 -0.256310
6.025000 0.966983 -0.255343
6.026000 0.967237 -0.254376
6.027000 0.967490 -0.253409
6.028000 0.967743 -0.252441
6.029000 0.967994 -0.251473
6.030000 0.968245 -0.250505
6.031000 0.968494 -0.249537
6.032000 0.968743 -0.248568
6.033000 0.968990 -0.247599
6.034000 0.969237 -0.246630
6.035000 0.969483 -0.245661
6.036000 0.969727 -0.244691
6.037000 0.969971 -0.243721
6.038000 0.970214 -0.242751
6.039000 0.970455 -0.241781
6.040000 0.970696 -0.240810
6.041000 0.970936 -0.239839
6.042000 0.971175 -0.238868
6.043000 0.971413 -0.237897
6.044000 0.971650 -0.236925
6.045000 0.971886 -0.235954
6.046000 0.972121 -0.234982
6.047000 0.972355 -0.234009
6.048000 0.972588 -0.233037
6.049000 0.972820 -0.232064
6.050000 0.973051 -0.231091
6.051000 0.973281 -0.230118
6.052000 0.973510 -0.229145
6.053000 0.973738 -0.228171
6.054000 0.973965 -0.227197
6.055000 0.974192 -0.226223
6.056000 0.974417 -0.225249
6.057000 0.974641 -0.224274
6.058000 0.974864 -0.223300
6.059000 0.975087 -0.222325
6.060000 0.975308 -0.221349
6.061000 0.975528 -0.220374
6.062000 0.975748 -0.219398
6.063000 0.975966 -0.218423
6.064000 0.976184 -0.217446
6.065000 0.976400 -0.216470
6.066000 0.976616 -0.215494
6.067000 0.976830 -0.214517
6.068000 0.977044 -0.213540
6.069000 0.977256 -0.212563
6.070000 0.977468 -0.211585
6.071000 0.977678 -0.210608
6.072000 0.977888 -0.209630
6.073000 0.978097 -0.208652
6.074000 0.978304 -0.207674
6.075000 0.978511 -0.206696
6.076000 0.978717 -0.205717
6.077000 0.978921 -0.204738
6.078000 0.979125 -0.203759
6.079000 0.979328 -0.202780
6.080000 0.979530 -0.201800
6.081000 0.979730 -0.200821
6.082000 0.979930 -0.199841
6.083000 0.980129 -0.198861
6.084000 0.980327 -0.197881
6.085000 0.980524 -0.196900
6.086000 0.980720 -0.195920
6.087000 0.980915 -0.194939
6.088000 0.981109 -0.193958
6.089000 0.981302 -0.192977
6.090000 0.981494 -0.191995
6.091000 0.981685 -0.191014
6.092000 0.981875 -0.190032
6.093000 0.982064 -0.189050
6.094000 0.982252 -0.188068
6.095000 0.982439 -0.187085
6.096000 0.982625 -0.186103
6.097000 0.982810 -0.185120
6.098000 0.982994 -0.184137
6.099000 0.983177 -0.183154
6.100000 0.983360 -0.182171
6.101000 0.983541 -0.181187
6.102000 0.983721 -0.180204
6.103000 0.983900 -0.179220
6.104000 0.984078 -0.178236
6.105000 0.984256 -0.177252
6.106000 0.984432 -0.176267
6.107000 0.984607 -0.175283
6.108000 0.984781 -0.174298
6.109000 0.984955 -0.173313
6.110000 0.985127 -0.172328
6.111000 0.985298 -0.171343
6.112000 0.985469 -0.170358
6.113000 0.985638 -0.169372
6.114000 0.985806 -0.168386
6.115000 0.985974 -0.167401
6.116000 0.986140 -0.166415
6.117000 0.986306 -0.165428
6.118000 0.986470 -0.164442
6.119000 0.986634 -0.163455
6.120000 0.986796 -0.162469
6.121000 0.986958 -0.161482
6.122000 0.987118 -0.160495
6.123000 0.987277 -0.159508
6.124000 0.987436 -0.158520
6.125000 0.987594 -0.157533
6.126000 0.987750 -0.156545
6.127000 0.987906 -0.155557
6.128000 0.988060 -0.154569
6.129000 0.988214 -0.153581
6.130000 0.988366 -0.152593
6.131000 0.988518 -0.151604
6.132000 0.988669 -0.150616
6.133000 0.988818 -0.149627
6.134000 0.988967 -0.148638
6.135000 0.989114 -0.147649
6.136000 0.989261 -0.146660
6.137000 0.989407 -0.145671
6.138000 0.989551 -0.144681
6.139000 0.989695 -0.143691
6.140000 0.989838 -0.142702
6.141000 0.989980 -0.141712
6.142000 0.990120 -0.140722
6.143000 0.990260 -0.139731
6.144000 0.990399 -0.138741
6.145000 0.990536 -0.137751
6.146000 0.990673 -0.136760
6.147000 0.990809 -0.135769
6.148000 0.990944 -0.134778
6.149000 0.991078 -0.133787
6.150000 0.991210 -0.132796
6.151000 0.991342 -0.131805
6.152000 0.991473 -0.130814
6.153000 0.991603 -0.129822
6.154000 0.991732 -0.128830
6.155000 0.991859 -0.127839
6.156000 0.991986 -0.126847
6.157000 0.992112 -0.125855
6.158000 0.992237 -0.124862
6.159000 0.992361 -0.123870
6.160000 0.992484 -0.122878
6.161000 0.992606 -0.121885
6.162000 0.992726 -0.120893
6.163000 0.992846 -0.119900
6.164000 0.992965 -0.118907
6.165000 0.993083 -0.117914
6.166000 0.993200 -0.116921
6.167000 0.993316 -0.115927
6.168000 0.993431 -0.114934
6.169000 0.993545 -0.113941
6.170000 0.993658 -0.112947
6.171000 0.993770 -0.111953
6.172000 0.993881 -0.110959
6.173000 0.993991 -0.109966
6.174000 0.994100 -0.108971
6.175000 0.994208 -0.107977
6.176000 0.994315 -0.106983
6.177000 0.994421 -0.105989
6.178000 0.994526 -0.104994
6.179000 0.994630 -0.104000
6.180000 0.994733 -0.103005
6.181000 0.994835 -0.102010
6.182000 0.994936 -0.101015
6.183000 0.995036 -0.100020
6.184000 0.995135 -0.099025
6.185000 0.995233 -0.098030
6.186000 0.995330 -0.097035
6.187000 0.995426 -0.096039
6.188000 0.995521 -0.095044
6.189000 0.995615 -0.094048
6.190000 0.995708 -0.093053
6.191000 0.995800 -0.092057
6.192000 0.995891 -0.091061
6.193000 0.995981 -0.090065
6.194000 0.996070 -0.089069
6.195000 0.996158 -0.088073
6.196000 0.996245 -0.087077
6.197000 0.996331 -0.086080
6.198000 0.996416 -0.085084
6.199000 0.996501 -0.084088
6.200000 0.996584 -0.083091
6.201000 0.996666 -0.082095
6.202000 0.996747 -0.081098
6.203000 0.996827 -0.080101
6.204000 0.996906 -0.079104
6.205000 0.996984 -0.078107
6.206000 0.997061 -0.077110
6.207000 0.997137 -0.076113
6.208000 0.997212 -0.075116
6.209000 0.997287 -0.074119
6.210000 0.997360 -0.073121
6.211000 0.997432 -0.072124
6.212000 0.997503 -0.071126
6.213000 0.997573 -0.070129
6.214000 0.997642 -0.069131
6.215000 0.997710 -0.068134
6.216000 0.997777 -0.067136
6.217000 0.997844 -0.066138
6.218000 0.997909 -0.065140
6.219000 0.997973 -0.064142
6.220000 0.998036 -0.063144
6.221000 0.998098 -0.062146
6.222000 0.998159 -0.061148
6.223000 0.998219 -0.060150
6.224000 0.998279 -0.059152
6.225000 0.998337 -0.058153
6.226000 0.998394 -0.057155
6.227000 0.998450 -0.056157
6.228000 0.998505 -0.055158
6.229000 0.998559 -0.054160
6.230000 0.998613 -0.053161
6.231000 0.998665 -0.052162
6.232000 0.998716 -0.051164
6.233000 0.998766 -0.050165
6.234000 0.998815 -0.049166
6.235000 0.998863 -0.048167
6.236000 0.998911 -0.047168
6.237000 0.998957 -0.046169
6.238000 0.999002 -0.045170
6.239000 0.999046 -0.044171
6.240000 0.999089 -0.043172
6.241000 0.999131 -0.042173
6.242000 0.999173 -0.041174
6.243000 0.999213 -0.040175
6.244000 0.999252 -0.039176
6.245000 0.999290 -0.038176
6.246000 0.999327 -0.037177
6.247000 0.999363 -0.036178
6.248000 0.999399 -0.035178
6.249000 0.999433 -0.034179
6.250000 0.999466 -0.033179
6.251000 0.999498 -0.032180
6.252000 0.999529 -0.031180
6.253000 0.999560 -0.030181
6.254000 0.999589 -0.029181
6.255000 0.999617 -0.028182
6.256000 0.999644 -0.027182
6.257000 0.999670 -0.026182
6.258000 0.999695 -0.025183
6.259000 0.999720 -0.024183
6.260000 0.999743 -0.023183
6.261000 0.999765 -0.022184
6.262000 0.999786 -0.021184
6.263000 0.999806 -0.020184
6.264000 0.999826 -0.019184
6.265000 0.999844 -0.018184
6.266000 0.999861 -0.017185
6.267000 0.999877 -0.016185
6.268000 0.999892 -0.015185
6.269000 0.999906 -0.014185
6.270000 0.999920 -0.013185
6.271000 0.999932 -0.012185
6.272000 0.999943 -0.011185
6.273000 0.999953 -0.010185
6.274000 0.999962 -0.009185
6.275000 0.999971 -0.008185
6.276000 0.999978 -0.007185
6.277000 0.999984 -0.006185
6.278000 0.999989 -0.005185
6.279000 0.999993 -0.004185
6.280000 0.999997 -0.003185
6.281000 0.999999 -0.002185
6.282000 1.000000 -0.001185
6.283000 1.000000 -0.000185
6.284000 0.999999 0.000815
6.285000 0.999997 0.001815
6.286000 0.999995 0.002815
6.287000 0.999991 0.003815
6.288000 0.999986 0.004815
6.289000 0.999980 0.005815
6.290000 0.999973 0.006815
6.291000 0.999966 0.007815
6.292000 0.999957 0.008815
6.293000 0.999947 0.009815
6.294000 0.999936 0.010814
6.295000 0.999924 0.011814
6.296000 0.999911 0.012814
6.297000 0.999898 0.013814
6.298000 0.999883 0.014814
6.299000 0.999867 0.015814
6.300000 0.999850 0.016814
6.301000 0.999832 0.017814
6.302000 0.999814 0.018813
6.303000 0.999794 0.019813
6.304000 0.999773 0.020813
6.305000 0.999751 0.021813
6.306000 0.999728 0.022813
6.307000 0.999705 0.023812
6.308000 0.999680 0.024812
6.309000 0.999654 0.025812
6.310000 0.999627 0.026811
6.311000 0.999599 0.027811
6.312000 0.999570 0.028810
6.313000 0.999541 0.029810
6.314000 0.999510 0.030810
6.315000 0.999478 0.031809
6.316000 0.999445 0.032809
6.317000 0.999411 0.033808
6.318000 0.999377 0.034807
6.319000 0.999341 0.035807
6.320000 0.999304 0.036806
6.321000 0.999266 0.037805
6.322000 0.999227 0.038805
6.323000 0.999188 0.039804
6.324000 0.999147 0.040803
6.325000 0.999105 0.041802
6.326000 0.999062 0.042801
6.327000 0.999018 0.043800
6.328000 0.998974 0.044799
6.329000 0.998928 0.045798
6.330000 0.998881 0.046797
6.331000 0.998833 0.047796
6.332000 0.998784 0.048795
6.333000 0.998735 0.049793
6.334000 0.998684 0.050792
6.335000 0.998632 0.051791
6.336000 0.998579 0.052789
6.337000 0.998525 0.053788
6.338000 0.998471 0.054786
6.339000 0.998415 0.055785
6.340000 0.998358 0.056783
6.341000 0.998300 0.057782
6.342000 0.998242 0.058780
6.343000 0.998182 0.059778
6.344000 0.998121 0.060776
6.345000 0.998059 0.061774
6.346000 0.997996 0.062772
6.347000 0.997933 0.063770
6.348000 0.997868 0.064768
6.349000 0.997802 0.065766
6.350000 0.997735 0.066764
6.351000 0.997668 0.067762
6.352000 0.997599 0.068759
6.353000 0.997529 0.069757
6.354000 0.997458 0.070754
6.355000 0.997387 0.071752
6.356000 0.997314 0.072749
6.357000 0.997240 0.073746
6.358000 0.997165 0.074744
6.359000 0.997090 0.075741
6.360000 0.997013 0.076738
6.361000 0.996935 0.077735
6.362000 0.996856 0.078732
6.363000 0.996777 0.079728
6.364000 0.996696 0.080725
6.365000 0.996614 0.081722
6.366000 0.996531 0.082718
6.367000 0.996448 0.083715
6.368000 0.996363 0.084711
6.369000 0.996277 0.085708
6.370000 0.996191 0.086704
6.371000 0.996103 0.087700
6.372000 0.996014 0.088696
6.373000 0.995925 0.089692
6.374000 0.995834 0.090688
6.375000 0.995742 0.091684
6.376000 0.995649 0.092679
6.377000 0.995556 0.093675
6.378000 0.995461 0.094670
6.379000 0.995365 0.095666
6.380000 0.995269 0.096661
6.381000 0.995171 0.097656
6.382000 0.995072 0.098652
6.383000 0.994973 0.099647
6.384000 0.994872 0.100641
6.385000 0.994771 0.101636
6.386000 0.994668 0.102631
6.387000 0.994564 0.103626
6.388000 0.994460 0.104620
6.389000 0.994354 0.105615
6.390000 0.994247 0.106609
6.391000 0.994140 0.107603
6.392000 0.994031 0.108597
6.393000 0.993922 0.109591
6.394000 0.993811 0.110585
6.395000 0.993699 0.111579
6.396000 0.993587 0.112572
6.397000 0.993473 0.113566
6.398000 0.993359 0.114559
6.399000 0.993243 0.115553
6.400000 0.993127 0.116546
6.401000 0.993009 0.117539
6.402000 0.992891 0.118532
6.403000 0.992771 0.119525
6.404000 0.992651 0.120517
6.405000 0.992529 0.121510
6.406000 0.992406 0.122502
6.407000 0.992283 0.123495
6.408000 0.992159 0.124487
6.409000 0.992033 0.125479
6.410000 0.991907 0.126471
6.411000 0.991779 0.127463
6.412000 0.991651 0.128455
6.413000 0.991521 0.129446
6.414000 0.991391 0.130438
6.415000 0.991259 0.131429
6.416000 0.991127 0.132420
6.417000 0.990993 0.133411
6.418000 0.990859 0.134402
6.419000 0.990724 0.135393
6.420000 0.990587 0.136384
6.421000 0.990450 0.137374
6.422000 0.990312 0.138364
6.423000 0.990172 0.139355
6.424000 0.990032 0.140345
6.425000 0.989890 0.141335
6.426000 0.989748 0.142325
6.427000 0.989605 0.143314
6.428000 0.989461 0.144304
6.429000 0.989315 0.145293
6.430000 0.989169 0.146282
6.431000 0.989022 0.147272
6.432000 0.988873 0.148260
6.433000 0.988724 0.149249
6.434000 0.988574 0.150238
6.435000 0.988423 0.151226
6.436000 0.988270 0.152215
6.437000 0.988117 0.153203
6.438000 0.987963 0.154191
6.439000 0.987808 0.155179
6.440000 0.987652 0.156167
6.441000 0.987495 0.157154
6.442000 0.987336 0.158142
6.443000 0.987177 0.159129
6.444000 0.987017 0.160116
6.445000 0.986856 0.161103
6.446000 0.986694 0.162090
6.447000 0.986531 0.163076
6.448000 0.986367 0.164063
6.449000 0.986202 0.165049
6.450000 0.986036 0.166035
6.451000 0.985869 0.167021
6.452000 0.985701 0.168007
6.453000 0.985532 0.168993
6.454000 0.985362 0.169978
6.455000 0.985191 0.170963
6.456000 0.985019 0.171948
6.457000 0.984846 0.172933
6.458000 0.984672 0.173918
6.459000 0.984497 0.174903
6.460000 0.984321 0.175887
6.461000 0.984144 0.176871
6.462000 0.983966 0.177855
6.463000 0.983787 0.178839
6.464000 0.983608 0.179823
6.465000 0.983427 0.180806
6.466000 0.983245 0.181790
6.467000 0.983062 0.182773
6.468000 0.982878 0.183756
6.469000 0.982694 0.184739
6.470000 0.982508 0.185721
6.471000 0.982321 0.186704
6.472000 0.982134 0.187686
6.473000 0.981945 0.188668
6.474000 0.981755 0.189650
6.475000 0.981565 0.190631
6.476000 0.981373 0.191613
6.477000 0.981180 0.192594
6.478000 0.980987 0.193575
6.479000 0.980792 0.194556
6.480000 0.980597 0.195537
6.481000 0.980400 0.196517
6.482000 0.980203 0.197498
6.483000 0.980004 0.198478
6.484000 0.979805 0.199458
6.485000 0.979604 0.200437
6.486000 0.979403 0.201417
6.487000 0.979200 0.202396
6.488000 0.978997 0.203375
6.489000 0.978793 0.204354
6.490000 0.978587 0.205333
6.491000 0.978381 0.206311
6.492000 0.978174 0.207290
6.493000 0.977965 0.208268
6.494000 0.977756 0.209246
6.495000 0.977546 0.210223
6.496000 0.977335 0.211201
6.497000 0.977122 0.212178
6.498000 0.976909 0.213155
6.499000 0.976695 0.214132
6.500000 0.976480 0.215108
6.501000 0.976264 0.216085
6.502000 0.976047 0.217061
6.503000 0.975829 0.218037
6.504000 0.975610 0.219012
6.505000 0.975390 0.219988
6.506000 0.975169 0.220963
6.507000 0.974947 0.221938
6.508000 0.974724 0.222913
6.509000 0.974500 0.223888
6.510000 0.974275 0.224862
6.511000 0.974049 0.225836
6.512000 0.973823 0.226810
6.513000 0.973595 0.227784
6.514000 0.973366 0.228757
6.515000 0.973136 0.229731
6.516000 0.972905 0.230704
6.517000 0.972674 0.231676
6.518000 0.972441 0.232649
6.519000 0.972208 0.233621
6.520000 0.971973 0.234593
6.521000 0.971737 0.235565
6.522000 0.971501 0.236537
6.523000 0.971263 0.237508
6.524000 0.971025 0.238479
6.525000 0.970785 0.239450
6.526000 0.970545 0.240421
6.527000 0.970303 0.241391
6.528000 0.970061 0.242362
6.529000 0.969818 0.243332
6.530000 0.969573 0.244301
6.531000 0.969328 0.245271
6.532000 0.969082 0.246240
6.533000 0.968835 0.247209
6.534000 0.968586 0.248178
6.535000 0.968337 0.249146
6.536000 0.968087 0.250114
6.537000 0.967836 0.251082
6.538000 0.967584 0.252050
6.539000 0.967331 0.253017
6.540000 0.967077 0.253985
6.541000 0.966822 0.254952
6.542000 0.966566 0.255918
6.543000 0.966309 0.256885
6.544000 0.966051 0.257851
6.545000 0.965792 0.258817
6.546000 0.965533 0.259782
6.547000 0.965272 0.260748
6.548000 0.965010 0.261713
6.549000 0.964747 0.262678
6.550000 0.964484 0.263642
6.551000 0.964219 0.264607
6.552000 0.963954 0.265571
6.553000 0.963687 0.266535
6.554000 0.963420 0.267498
6.555000 0.963151 0.268462
6.556000 0.962882 0.269425
6.557000 0.962611 0.270387
6.558000 0.962340 0.271350
6.559000 0.962067 0.272312
6.560000 0.961794 0.273274
6.561000 0.961520 0.274236
6.562000 0.961245 0.275197
6.563000 0.960969 0.276158
6.564000 0.960691 0.277119
6.565000 0.960413 0.278079
6.566000 0.960134 0.279040
6.567000 0.959854 0.280000
6.568000 0.959573 0.280959
6.569000 0.959291 0.281919
6.570000 0.959008 0.282878
6.571000 0.958725 0.283837
6.572000 0.958440 0.284795
6.573000 0.958154 0.285754
6.574000 0.957867 0.286712
6.575000 0.957580 0.287670
6.576000 0.957291 0.288627
6.577000 0.957001 0.289584
6.578000 0.956711 0.290541
6.579000 0.956419 0.291498
6.580000 0.956127 0.292454
6.581000 0.955833 0.293410
6.582000 0.955539 0.294365
6.583000 0.955244 0.295321
6.584000 0.954947 0.296276
6.585000 0.954650 0.297231
6.586000 0.954352 0.298185
6.587000 0.954053 0.299139
6.588000 0.953753 0.300093
6.589000 0.953451 0.301047
6.590000 0.953149 0.302000
6.591000 0.952846 0.302953
6.592000 0.952543 0.303906
6.593000 0.952238 0.304858
6.594000 0.951932 0.305810
6.595000 0.951625 0.306762
6.596000 0.951317 0.307714
6.597000 0.951009 0.308665
6.598000 0.950699 0.309616
6.599000 0.950388 0.310566
6.600000 0.950077 0.311516
6.601000 0.949764 0.312466
6.602000 0.949451 0.313416
6.603000 0.949137 0.314365
6.604000 0.948821 0.315314
6.605000 0.948505 0.316263
6.606000 0.948188 0.317211
6.607000 0.947869 0.318159
6.608000 0.947550 0.319107
6.609000 0.947230 0.320054
6.610000 0.946909 0.321001
6.611000 0.946587 0.321948
6.612000 0.946264 0.322895
6.613000 0.945940 0.323841
6.614000 0.945616 0.324787
6.615000 0.945290 0.325732
6.616000 0.944963 0.326677
6.617000 0.944636 0.327622
6.618000 0.944307 0.328566
6.619000 0.943977 0.329511
6.620000 0.943647 0.330454
6.621000 0.943315 0.331398
6.622000 0.942983 0.332341
6.623000 0.942650 0.333284
6.624000 0.942316 0.334226
6.625000 0.941980 0.335168
6.626000 0.941644 0.336110
6.627000 0.941307 0.337052
6.628000 0.940969 0.337993
6.629000 0.940630 0.338934
6.630000 0.940290 0.339874
6.631000 0.939949 0.340814
6.632000 0.939608 0.341754
6.633000 0.939265 0.342693
6.634000 0.938921 0.343633
6.635000 0.938577 0.344571
6.636000 0.938231 0.345510
6.637000 0.937885 0.346448
6.638000 0.937537 0.347385
6.639000 0.937189 0.348323
6.640000 0.936840 0.349260
6.641000 0.936489 0.350196
6.642000 0.936138 0.351133
6.643000 0.935786 0.352069
6.644000 0.935433 0.353004
6.645000 0.935079 0.353940
6.646000 0.934724 0.354875
6.647000 0.934368 0.355809
6.648000 0.934012 0.356743
6.649000 0.933654 0.357677
6.650000 0.933295 0.358611
6.651000 0.932936 0.359544
6.652000 0.932575 0.360476
6.653000 0.932214 0.361409
6.654000 0.931851 0.362341
6.655000 0.931488 0.363273
6.656000 0.931124 0.364204
6.657000 0.930759 0.365135
6.658000 0.930392 0.366065
6.659000 0.930025 0.366996
6.660000 0.929657 0.367925
6.661000 0.929289 0.368855
6.662000 0.928919 0.369784
6.663000 0.928548 0.370713
6.664000 0.928176 0.371641
6.665000 0.927804 0.372569
6.666000 0.927430 0.373497
6.667000 0.927056 0.374424
6.668000 0.926680 0.375351
6.669000 0.926304 0.376277
6.670000 0.925927 0.377203
6.671000 0.925549 0.378129
6.672000 0.925170 0.379054
6.673000 0.924789 0.379979
6.674000 0.924409 0.380904
6.675000 0.924027 0.381828
6.676000 0.923644 0.382752
6.677000 0.923260 0.383676
6.678000 0.922876 0.384599
6.679000 0.922490 0.385521
6.680000 0.922104 0.386444
6.681000 0.921716 0.387366
6.682000 0.921328 0.388287
6.683000 0.920939 0.389208
6.684000 0.920548 0.390129
6.685000 0.920157 0.391049
6.686000 0.919765 0.391969
6.687000 0.919372 0.392889
6.688000 0.918978 0.393808
6.689000 0.918584 0.394727
6.690000 0.918188 0.395645
6.691000 0.917791 0.396563
6.692000 0.917394 0.397481
6.693000 0.916995 0.398398
6.694000 0.916596 0.399315
6.695000 0.916196 0.400231
6.696000 0.915795 0.401147
6.697000 0.915393 0.402063
6.698000 0.914990 0.402978
6.699000 0.914586 0.403893
6.700000 0.914181 0.404807
6.701000 0.913775 0.405721
6.702000 0.913368 0.406635
6.703000 0.912961 0.407548
6.704000 0.912552 0.408461
6.705000 0.912143 0.409373
6.706000 0.911732 0.410285
6.707000 0.911321 0.411196
6.708000 0.910909 0.412107
6.709000 0.910496 0.413018
6.710000 0.910082 0.413928
6.711000 0.909667 0.414838
6.712000 0.909251 0.415748
6.713000 0.908835 0.416657
6.714000 0.908417 0.417565
6.715000 0.907999 0.418474
6.716000 0.907579 0.419381
6.717000 0.907159 0.420289
6.718000 0.906738 0.421196
6.719000 0.906315 0.422102
6.720000 0.905892 0.423008
6.721000 0.905468 0.423914
6.722000 0.905043 0.424819
6.723000 0.904618 0.425724
6.724000 0.904191 0.426629
6.725000 0.903763 0.427533
6.726000 0.903335 0.428436
6.727000 0.902906 0.429339
6.728000 0.902475 0.430242
6.729000 0.902044 0.431144
6.730000 0.901612 0.432046
6.731000 0.901179 0.432947
6.732000 0.900745 0.433848
6.733000 0.900310 0.434749
6.734000 0.899875 0.435649
6.735000 0.899438 0.436549
6.736000 0.899001 0.437448
6.737000 0.898562 0.438347
6.738000 0.898123 0.439245
6.739000 0.897683 0.440143
6.740000 0.897242 0.441040
6.741000 0.896800 0.441937
6.742000 0.896357 0.442834
6.743000 0.895913 0.443730
6.744000 0.895468 0.444626
6.745000 0.895023 0.445521
6.746000 0.894576 0.446416
6.747000 0.894129 0.447310
6.748000 0.893681 0.448204
6.749000 0.893231 0.449098
6.750000 0.892781 0.449991
6.751000 0.892330 0.450883
6.752000 0.891879 0.451775
6.753000 0.891426 0.452667
6.754000 0.890972 0.453558
6.755000 0.890518 0.454449
6.756000 0.890062 0.455339
6.757000 0.889606 0.456229
6.758000 0.889149 0.457118
6.759000 0.888691 0.458007
6.760000 0.888232 0.458896
6.761000 0.887772 0.459784
6.762000 0.887311 0.460671
6.763000 0.886850 0.461558
6.764000 0.886387 0.462445
6.765000 0.885924 0.463331
6.766000 0.885460 0.464217
6.767000 0.884994 0.465102
6.768000 0.884528 0.465987
6.769000 0.884061 0.466871
6.770000 0.883594 0.467755
6.771000 0.883125 0.468638
6.772000 0.882655 0.469521
6.773000 0.882185 0.470404
6.774000 0.881713 0.471285
6.775000 0.881241 0.472167
6.776000 0.880768 0.473048
6.777000 0.880294 0.473929
6.778000 0.879819 0.474809
6.779000 0.879344 0.475688
6.780000 0.878867 0.476567
6.781000 0.878389 0.477446
6.782000 0.877911 0.478324
6.783000 0.877432 0.479202
6.784000 0.876952 0.480079
6.785000 0.876471 0.480956
6.786000 0.875989 0.481832
6.787000 0.875506 0.482708
6.788000 0.875022 0.483583
6.789000 0.874538 0.484458
6.790000 0.874052 0.485332
6.791000 0.873566 0.486206
6.792000 0.873079 0.487079
6.793000 0.872591 0.487952
6.794000 0.872102 0.488824
6.795000 0.871612 0.489696
6.796000 0.871122 0.490567
6.797000 0.870630 0.491438
6.798000 0.870138 0.492309
6.799000 0.869645 0.493179
6.800000 0.869150 0.494048
6.801000 0.868655 0.494917
6.802000 0.868160 0.495785
6.803000 0.867663 0.496653
6.804000 0.867165 0.497521
6.805000 0.866667 0.498388
6.806000 0.866168 0.499254
6.807000 0.865667 0.500120
6.808000 0.865166 0.500985
6.809000 0.864664 0.501850
6.810000 0.864162 0.502715
6.811000 0.863658 0.503579
6.812000 0.863153 0.504442
6.813000 0.862648 0.505305
6.814000 0.862142 0.506167
6.815000 0.861635 0.507029
6.816000 0.861127 0.507891
6.817000 0.860618 0.508751
6.818000 0.860108 0.509612
6.819000 0.859598 0.510472
6.820000 0.859086 0.511331
6.821000 0.858574 0.512190
6.822000 0.858061 0.513048
6.823000 0.857547 0.513906
6.824000 0.857032 0.514763
6.825000 0.856516 0.515620
6.826000 0.856000 0.516476
6.827000 0.855482 0.517332
6.828000 0.854964 0.518187
6.829000 0.854445 0.519042
6.830000 0.853925 0.519896
6.831000 0.853404 0.520750
6.832000 0.852883 0.521603
6.833000 0.852360 0.522456
6.834000 0.851837 0.523308
6.835000 0.851312 0.524159
6.836000 0.850787 0.525010
6.837000 0.850261 0.525861
6.838000 0.849735 0.526711
6.839000 0.849207 0.527560
6.840000 0.848679 0.528409
6.841000 0.848149 0.529258
6.842000 0.847619 0.530105
6.843000 0.847088 0.530953
6.844000 0.846556 0.531800
6.845000 0.846023 0.532646
6.846000 0.845490 0.533492
6.847000 0.844955 0.534337
6.848000 0.844420 0.535182
6.849000 0.843884 0.536026
6.850000 0.843347 0.536869
6.851000 0.842809 0.537712
6.852000 0.842271 0.538555
6.853000 0.841731 0.539397
6.854000 0.841191 0.540238
6.855000 0.840650 0.541079
6.856000 0.840108 0.541920
6.857000 0.839565 0.542760
6.858000 0.839021 0.543599
6.859000 0.838477 0.544438
6.860000 0.837931 0.545276
6.861000 0.837385 0.546113
6.862000 0.836838 0.546951
6.863000 0.836290 0.547787
6.864000 0.835742 0.548623
6.865000 0.835192 0.549459
6.866000 0.834642 0.550294
6.867000 0.834090 0.551128
6.868000 0.833538 0.551962
6.869000 0.832986 0.552795
6.870000 0.832432 0.553628
6.871000 0.831877 0.554460
6.872000 0.831322 0.555291
6.873000 0.830766 0.556123
6.874000 0.830209 0.556953
6.875000 0.829651 0.557783
6.876000 0.829092 0.558612
6.877000 0.828533 0.559441
6.878000 0.827972 0.560269
6.879000 0.827411 0.561097
6.880000 0.826849 0.561924
6.881000 0.826286 0.562751
6.882000 0.825722 0.563577
6.883000 0.825158 0.564402
6.884000 0.824593 0.565227
6.885000 0.824027 0.566051
6.886000 0.823460 0.566875
6.887000 0.822892 0.567698
6.888000 0.822323 0.568521
6.889000 0.821754 0.569343
6.890000 0.821184 0.570164
6.891000 0.820612 0.570985
6.892000 0.820041 0.571806
6.893000 0.819468 0.572625
6.894000 0.818894 0.573445
6.895000 0.818320 0.574263
6.896000 0.817745 0.575081
6.897000 0.817169 0.575899
6.898000 0.816592 0.576716
6.899000 0.816014 0.577532
6.900000 0.815436 0.578348
6.901000 0.814857 0.579163
6.902000 0.814277 0.579977
6.903000 0.813696 0.580791
6.904000 0.813114 0.581605
6.905000 0.812531 0.582418
6.906000 0.811948 0.583230
6.907000 0.811364 0.584041
6.908000 0.810779 0.584852
6.909000 0.810193 0.585663
6.910000 0.809607 0.586473
6.911000 0.809019 0.587282
6.912000 0.808431 0.588091
6.913000 0.807842 0.588899
6.914000 0.807252 0.589707
6.915000 0.806662 0.590514
6.916000 0.806070 0.591320
6.917000 0.805478 0.592126
6.918000 0.804885 0.592931
6.919000 0.804291 0.593735
6.920000 0.803697 0.594539
6.921000 0.803101 0.595343
6.922000 0.802505 0.596146
6.923000 0.801908 0.596948
6.924000 0.801310 0.597749
6.925000 0.800711 0.598550
6.926000 0.800112 0.599351
6.927000 0.799512 0.600151
6.928000 0.798911 0.600950
6.929000 0.798309 0.601749
6.930000 0.797706 0.602547
6.931000 0.797103 0.603344
6.932000 0.796498 0.604141
6.933000 0.795893 0.604937
6.934000 0.795288 0.605733
6.935000 0.794681 0.606527
6.936000 0.794074 0.607322
6.937000 0.793465 0.608116
6.938000 0.792856 0.608909
6.939000 0.792247 0.609701
6.940000 0.791636 0.610493
6.941000 0.791025 0.611285
6.942000 0.790412 0.612075
6.943000 0.789799 0.612865
6.944000 0.789186 0.613655
6.945000 0.788571 0.614444
6.946000 0.787956 0.615232
6.947000 0.787340 0.616020
6.948000 0.786723 0.616807
6.949000 0.786105 0.617593
6.950000 0.785486 0.618379
6.951000 0.784867 0.619164
6.952000 0.784247 0.619949
6.953000 0.783626 0.620733
6.954000 0.783005 0.621516
6.955000 0.782382 0.622299
6.956000 0.781759 0.623081
6.957000 0.781135 0.623862
6.958000 0.780510 0.624643
6.959000 0.779885 0.625423
6.960000 0.779259 0.626203
6.961000 0.778631 0.626982
6.962000 0.778004 0.627760
6.963000 0.777375 0.628538
6.964000 0.776745 0.629315
6.965000 0.776115 0.630091
6.966000 0.775484 0.630867
6.967000 0.774853 0.631642
6.968000 0.774220 0.632417
6.969000 0.773587 0.633191
6.970000 0.772953 0.633964
6.971000 0.772318 0.634737
6.972000 0.771682 0.635509
6.973000 0.771046 0.636280
6.974000 0.770409 0.637051
6.975000 0.769771 0.637821
6.976000 0.769132 0.638590
6.977000 0.768492 0.639359
6.978000 0.767852 0.640127
6.979000 0.767211 0.640895
6.980000 0.766569 0.641662
6.981000 0.765927 0.642428
6.982000 0.765284 0.643193
6.983000 0.764640 0.643958
6.984000 0.763995 0.644723
6.985000 0.763349 0.645486
6.986000 0.762703 0.646249
6.987000 0.762056 0.647012
6.988000 0.761408 0.647773
6.989000 0.760759 0.648535
6.990000 0.760110 0.649295
6.991000 0.759459 0.650055
6.992000 0.758809 0.650814
6.993000 0.758157 0.651572
6.994000 0.757504 0.652330
6.995000 0.756851 0.653087
6.996000 0.756197 0.653844
6.997000 0.755542 0.654600
6.998000 0.754887 0.655355
6.999000 0.754231 0.656110
7.000000 0.753574 0.656863
7.001000 0.752916 0.657617
7.002000 0.752258 0.658369
7.003000 0.751598 0.659121
7.004000 0.750938 0.659873
7.005000 0.750278 0.660623
7.006000 0.749616 0.661373
7.007000 0.748954 0.662122
7.008000 0.748291 0.662871
7.009000 0.747627 0.663619
7.010000 0.746963 0.664366
7.011000 0.746297 0.665113
7.012000 0.745631 0.665859
7.013000 0.744965 0.666604
7.014000 0.744297 0.667349
7.015000 0.743629 0.668093
7.016000 0.742960 0.668836
7.017000 0.742290 0.669579
7.018000 0.741620 0.670321
7.019000 0.740949 0.671062
7.020000 0.740277 0.671802
7.021000 0.739604 0.672542
7.022000 0.738931 0.673282
7.023000 0.738256 0.674020
7.024000 0.737582 0.674758
7.025000 0.736906 0.675495
7.026000 0.736230 0.676232
7.027000 0.735552 0.676968
7.028000 0.734875 0.677703
7.029000 0.734196 0.678438
7.030000 0.733517 0.679172
7.031000 0.732837 0.679905
7.032000 0.732156 0.680637
7.033000 0.731474 0.681369
7.034000 0.730792 0.682100
7.035000 0.730109 0.682831
7.036000 0.729426 0.683560
7.037000 0.728741 0.684289
7.038000 0.728056 0.685018
7.039000 0.727370 0.685746
7.040000 0.726683 0.686473
7.041000 0.725996 0.687199
7.042000 0.725308 0.687925
7.043000 0.724619 0.688650
7.044000 0.723930 0.689374
7.045000 0.723240 0.690097
7.046000 0.722549 0.690820
7.047000 0.721857 0.691542
7.048000 0.721164 0.692264
7.049000 0.720471 0.692985
7.050000 0.719778 0.693705
7.051000 0.719083 0.694424
7.052000 0.718388 0.695143
7.053000 0.717692 0.695861
7.054000 0.716995 0.696578
7.055000 0.716298 0.697295
7.056000 0.715599 0.698011
7.057000 0.714900 0.698726
7.058000 0.714201 0.699441
7.059000 0.713501 0.700155
7.060000 0.712800 0.700868
7.061000 0.712098 0.701580
7.062000 0.711395 0.702292
7.063000 0.710692 0.703003
7.064000 0.709988 0.703713
7.065000 0.709284 0.704423
7.066000 0.708579 0.705132
7.067000 0.707873 0.705840
7.068000 0.707166 0.706548
7.069000 0.706459 0.707255
7.070000 0.705750 0.707961
7.071000 0.705042 0.708666
7.072000 0.704332 0.709371
7.073000 0.703622 0.710075
7.074000 0.702911 0.710778
7.075000 0.702199 0.711481
7.076000 0.701487 0.712182
7.077000 0.700774 0.712884
7.078000 0.700060 0.713584
7.079000 0.699346 0.714284
7.080000 0.698631 0.714983
7.081000 0.697915 0.715681
7.082000 0.697198 0.716378
7.083000 0.696481 0.717075
7.084000 0.695763 0.717771
7.085000 0.695044 0.718467
7.086000 0.694325 0.719162
7.087000 0.693605 0.719856
7.088000 0.692884 0.720549
7.089000 0.692163 0.721241
7.090000 0.691441 0.721933
7.091000 0.690718 0.722624
7.092000 0.689995 0.723315
7.093000 0.689271 0.724004
7.094000 0.688546 0.724693
7.095000 0.687820 0.725381
7.096000 0.687094 0.726069
7.097000 0.686367 0.726755
7.098000 0.685639 0.727441
7.099000 0.684911 0.728127
7.100000 0.684182 0.728811
7.101000 0.683453 0.729495
7.102000 0.682722 0.730178
7.103000 0.681991 0.730861
7.104000 0.681259 0.731542
7.105000 0.680527 0.732223
7.106000 0.679794 0.732903
7.107000 0.679060 0.733583
7.108000 0.678326 0.734261
7.109000 0.677591 0.734939
7.110000 0.676855 0.735616
7.111000 0.676119 0.736293
7.112000 0.675381 0.736969
7.113000 0.674644 0.737644
7.114000 0.673905 0.738318
7.115000 0.673166 0.738992
7.116000 0.672426 0.739664
7.117000 0.671686 0.740336
7.118000 0.670944 0.741008
7.119000 0.670203 0.741678
7.120000 0.669460 0.742348
7.121000 0.668717 0.743017
7.122000 0.667973 0.743686
7.123000 0.667229 0.744353
7.124000 0.666483 0.745020
7.125000 0.665738 0.745686
7.126000 0.664991 0.746351
7.127000 0.664244 0.747016
7.128000 0.663496 0.747680
7.129000 0.662747 0.748343
7.130000 0.661998 0.749005
7.131000 0.661248 0.749667
7.132000 0.660498 0.750328
7.133000 0.659747 0.750988
7.134000 0.658995 0.751647
7.135000 0.658243 0.752306
7.136000 0.657489 0.752964
7.137000 0.656736 0.753621
7.138000 0.655981 0.754277
7.139000 0.655226 0.754933
7.140000 0.654470 0.755588
7.141000 0.653714 0.756242
7.142000 0.652957 0.756895
7.143000 0.652199 0.757548
7.144000 0.651441 0.758200
7.145000 0.650682 0.758851
7.146000 0.649922 0.759501
7.147000 0.649162 0.760151
7.148000 0.648401 0.760799
7.149000 0.647639 0.761447
7.150000 0.646877 0.762095
7.151000 0.646114 0.762741
7.152000 0.645350 0.763387
7.153000 0.644586 0.764032
7.154000 0.643821 0.764676
7.155000 0.643056 0.765319
7.156000 0.642290 0.765962
7.157000 0.641523 0.766604
7.158000 0.640755 0.767245
7.159000 0.639987 0.767886
7.160000 0.639219 0.768525
7.161000 0.638449 0.769164
7.162000 0.637679 0.769802
7.163000 0.636909 0.770439
7.164000 0.636137 0.771076
7.165000 0.635366 0.771712
7.166000 0.634593 0.772347
7.167000 0.633820 0.772981
7.168000 0.633046 0.773614
7.169000 0.632272 0.774247
7.170000 0.631497 0.774879
7.171000 0.630721 0.775510
7.172000 0.629945 0.776140
7.173000 0.629168 0.776770
7.174000 0.628390 0.777399
7.175000 0.627612 0.778027
7.176000 0.626833 0.778654
7.177000 0.626053 0.779280
7.178000 0.625273 0.779906
7.179000 0.624493 0.780531
7.180000 0.623711 0.781155
7.181000 0.622929 0.781778
7.182000 0.622147 0.782401
7.183000 0.621364 0.783023
7.184000 0.620580 0.783643
7.185000 0.619795 0.784264
7.186000 0.619010 0.784883
7.187000 0.618224 0.785502
7.188000 0.617438 0.786120
7.189000 0.616651 0.786737
7.190000 0.615864 0.787353
7.191000 0.615076 0.787968
7.192000 0.614287 0.788583
7.193000 0.613497 0.789197
7.194000 0.612707 0.789810
7.195000 0.611917 0.790422
7.196000 0.611126 0.791034
7.197000 0.610334 0.791645
7.198000 0.609541 0.792254
7.199000 0.608748 0.792864
7.200000 0.607955 0.793472
7.201000 0.607160 0.794080
7.202000 0.606365 0.794686
7.203000 0.605570 0.795292
7.204000 0.604774 0.795897
7.205000 0.603977 0.796502
7.206000 0.603180 0.797105
7.207000 0.602382 0.797708
7.208000 0.601583 0.798310
7.209000 0.600784 0.798911
7.210000 0.599985 0.799512
7.211000 0.599184 0.800111
7.212000 0.598383 0.800710
7.213000 0.597582 0.801308
7.214000 0.596780 0.801905
7.215000 0.595977 0.802502
7.216000 0.595174 0.803097
7.217000 0.594370 0.803692
7.218000 0.593565 0.804286
7.219000 0.592760 0.804879
7.220000 0.591955 0.805471
7.221000 0.591148 0.806063
7.222000 0.590341 0.806654
7.223000 0.589534 0.807244
7.224000 0.588726 0.807833
7.225000 0.587917 0.808421
7.226000 0.587108 0.809009
7.227000 0.586298 0.809595
7.228000 0.585488 0.810181
7.229000 0.584677 0.810766
7.230000 0.583865 0.811351
7.231000 0.583053 0.811934
7.232000 0.582240 0.812517
7.233000 0.581427 0.813099
7.234000 0.580613 0.813680
7.235000 0.579799 0.814260
7.236000 0.578984 0.814839
7.237000 0.578168 0.815418
7.238000 0.577352 0.815996
7.239000 0.576535 0.816572
7.240000 0.575718 0.817149
7.241000 0.574900 0.817724
7.242000 0.574081 0.818298
7.243000 0.573262 0.818872
7.244000 0.572443 0.819445
7.245000 0.571622 0.820017
7.246000 0.570802 0.820588
7.247000 0.569980 0.821159
7.248000 0.569158 0.821728
7.249000 0.568336 0.822297
7.250000 0.567513 0.822865
7.251000 0.566689 0.823432
7.252000 0.565865 0.823998
7.253000 0.565040 0.824564
7.254000 0.564215 0.825128
7.255000 0.563389 0.825692
7.256000 0.562562 0.826255
7.257000 0.561735 0.826817
7.258000 0.560908 0.827378
7.259000 0.560080 0.827939
7.260000 0.559251 0.828499
7.261000 0.558422 0.829057
7.262000 0.557592 0.829615
7.263000 0.556761 0.830173
7.264000 0.555930 0.830729
7.265000 0.555099 0.831285
7.266000 0.554267 0.831839
7.267000 0.553434 0.832393
7.268000 0.552601 0.832946
7.269000 0.551767 0.833498
7.270000 0.550933 0.834050
7.271000 0.550098 0.834600
7.272000 0.549263 0.835150
7.273000 0.548427 0.835699
7.274000 0.547590 0.836247
7.275000 0.546753 0.836794
7.276000 0.545916 0.837340
7.277000 0.545078 0.837886
7.278000 0.544239 0.838430
7.279000 0.543400 0.838974
7.280000 0.542560 0.839517
7.281000 0.541720 0.840059
7.282000 0.540879 0.840601
7.283000 0.540038 0.841141
7.284000 0.539196 0.841681
7.285000 0.538353 0.842219
7.286000 0.537510 0.842757
7.287000 0.536667 0.843294
7.288000 0.535823 0.843831
7.289000 0.534978 0.844366
7.290000 0.534133 0.844901
7.291000 0.533287 0.845434
7.292000 0.532441 0.845967
7.293000 0.531594 0.846499
7.294000 0.530747 0.847030
7.295000 0.529899 0.847561
7.296000 0.529051 0.848090
7.297000 0.528202 0.848619
7.298000 0.527353 0.849147
7.299000 0.526503 0.849674
7.300000 0.525652 0.850200
7.301000 0.524801 0.850725
7.302000 0.523950 0.851249
7.303000 0.523098 0.851773
7.304000 0.522245 0.852295
7.305000 0.521392 0.852817
7.306000 0.520539 0.853338
7.307000 0.519685 0.853858
7.308000 0.518830 0.854378
7.309000 0.517975 0.854896
7.310000 0.517119 0.855413
7.311000 0.516263 0.855930
7.312000 0.515406 0.856446
7.313000 0.514549 0.856961
7.314000 0.513691 0.857475
7.315000 0.512833 0.857988
7.316000 0.511974 0.858501
7.317000 0.511115 0.859012
7.318000 0.510255 0.859523
7.319000 0.509395 0.860033
7.320000 0.508534 0.860542
7.321000 0.507673 0.861050
7.322000 0.506811 0.861557
7.323000 0.505949 0.862064
7.324000 0.505086 0.862569
7.325000 0.504223 0.863074
7.326000 0.503359 0.863577
7.327000 0.502495 0.864080
7.328000 0.501630 0.864582
7.329000 0.500764 0.865084
7.330000 0.499899 0.865584
7.331000 0.499032 0.866083
7.332000 0.498165 0.866582
7.333000 0.497298 0.867080
7.334000 0.496430 0.867577
7.335000 0.495562 0.868073
7.336000 0.494693 0.868568
7.337000 0.493824 0.869062
7.338000 0.492954 0.869555
7.339000 0.492084 0.870048
7.340000 0.491213 0.870540
7.341000 0.490342 0.871030
7.342000 0.489470 0.871520
7.343000 0.488598 0.872009
7.344000 0.487725 0.872497
7.345000 0.486852 0.872985
7.346000 0.485978 0.873471
7.347000 0.485104 0.873957
7.348000 0.484229 0.874441
7.349000 0.483354 0.874925
7.350000 0.482478 0.875408
7.351000 0.481602 0.875890
7.352000 0.480725 0.876371
7.353000 0.479848 0.876852
7.354000 0.478971 0.877331
7.355000 0.478093 0.877810
7.356000 0.477214 0.878287
7.357000 0.476335 0.878764
7.358000 0.475456 0.879240
7.359000 0.474576 0.879715
7.360000 0.473695 0.880189
7.361000 0.472814 0.880662
7.362000 0.471933 0.881135
7.363000 0.471051 0.881606
7.364000 0.470169 0.882077
7.365000 0.469286 0.882546
7.366000 0.468402 0.883015
7.367000 0.467519 0.883483
7.368000 0.466634 0.883950
7.369000 0.465750 0.884417
7.370000 0.464865 0.884882
7.371000 0.463979 0.885346
7.372000 0.463093 0.885810
7.373000 0.462206 0.886272
7.374000 0.461319 0.886734
7.375000 0.460432 0.887195
7.376000 0.459544 0.887655
7.377000 0.458656 0.888114
7.378000 0.457767 0.888572
7.379000 0.456878 0.889030
7.380000 0.455988 0.889486
7.381000 0.455098 0.889942
7.382000 0.454207 0.890396
7.383000 0.453316 0.890850
7.384000 0.452424 0.891303
7.385000 0.451532 0.891755
7.386000 0.450640 0.892206
7.387000 0.449747 0.892656
7.388000 0.448853 0.893106
7.389000 0.447960 0.893554
7.390000 0.447065 0.894001
7.391000 0.446171 0.894448
7.392000 0.445275 0.894894
7.393000 0.444380 0.895339
7.394000 0.443484 0.895783
7.395000 0.442587 0.896226
7.396000 0.441690 0.896668
7.397000 0.440793 0.897109
7.398000 0.439895 0.897549
7.399000 0.438997 0.897989
7.400000 0.438098 0.898427
7.401000 0.437199 0.898865
7.402000 0.436299 0.899302
7.403000 0.435399 0.899738
7.404000 0.434499 0.900172
7.405000 0.433598 0.900607
7.406000 0.432697 0.901040
7.407000 0.431795 0.901472
7.408000 0.430893 0.901903
7.409000 0.429990 0.902334
7.410000 0.429087 0.902763
7.411000 0.428184 0.903192
7.412000 0.427280 0.903620
7.413000 0.426375 0.904046
7.414000 0.425471 0.904472
7.415000 0.424565 0.904897
7.416000 0.423660 0.905322
7.417000 0.422754 0.905745
7.418000 0.421847 0.906167
7.419000 0.420940 0.906588
7.420000 0.420033 0.907009
7.421000 0.419125 0.907428
7.422000 0.418217 0.907847
7.423000 0.417309 0.908265
7.424000 0.416400 0.908682
7.425000 0.415490 0.909098
7.426000 0.414580 0.909513
7.427000 0.413670 0.909927
7.428000 0.412760 0.910340
7.429000 0.411849 0.910752
7.430000 0.410937 0.911164
7.431000 0.410025 0.911574
7.432000 0.409113 0.911984
7.433000 0.408200 0.912392
7.434000 0.407287 0.912800
7.435000 0.406374 0.913207
7.436000 0.405460 0.913613
7.437000 0.404545 0.914018
7.438000 0.403631 0.914422
7.439000 0.402716 0.914825
7.440000 0.401800 0.915227
7.441000 0.400884 0.915629
7.442000 0.399968 0.916029
7.443000 0.399051 0.916429
7.444000 0.398134 0.916827
7.445000 0.397216 0.917225
7.446000 0.396299 0.917622
7.447000 0.395380 0.918018
7.448000 0.394461 0.918413
7.449000 0.393542 0.918807
7.450000 0.392623 0.919200
7.451000 0.391703 0.919592
7.452000 0.390783 0.919983
7.453000 0.389862 0.920373
7.454000 0.388941 0.920763
7.455000 0.388019 0.921151
7.456000 0.387098 0.921539
7.457000 0.386175 0.921925
7.458000 0.385253 0.922311
7.459000 0.384330 0.922696
7.460000 0.383406 0.923080
7.461000 0.382483 0.923463
7.462000 0.381558 0.923845
7.463000 0.380634 0.924226
7.464000 0.379709 0.924606
7.465000 0.378784 0.924985
7.466000 0.377858 0.925364
7.467000 0.376932 0.925741
7.468000 0.376006 0.926117
7.469000 0.375079 0.926493
7.470000 0.374152 0.926868
7.471000 0.373224 0.927241
7.472000 0.372296 0.927614
7.473000 0.371368 0.927986
7.474000 0.370439 0.928357
7.475000 0.369510 0.928727
7.476000 0.368581 0.929096
7.477000 0.367651 0.929464
7.478000 0.366721 0.929831
7.479000 0.365790 0.930197
7.480000 0.364859 0.930563
7.481000 0.363928 0.930927
7.482000 0.362997 0.931291
7.483000 0.362065 0.931653
7.484000 0.361132 0.932015
7.485000 0.360199 0.932375
7.486000 0.359266 0.932735
7.487000 0.358333 0.933094
7.488000 0.357399 0.933452
7.489000 0.356465 0.933809
7.490000 0.355531 0.934165
7.491000 0.354596 0.934520
7.492000 0.353661 0.934874
7.493000 0.352725 0.935227
7.494000 0.351789 0.935579
7.495000 0.350853 0.935931
7.496000 0.349916 0.936281
7.497000 0.348979 0.936630
7.498000 0.348042 0.936979
7.499000 0.347104 0.937327
7.500000 0.346166 0.937673
7.501000 0.345228 0.938019
7.502000 0.344289 0.938364
7.503000 0.343350 0.938707
7.504000 0.342411 0.939050
7.505000 0.341471 0.939392
7.506000 0.340531 0.939733
7.507000 0.339591 0.940073
7.508000 0.338650 0.940412
7.509000 0.337709 0.940751
7.510000 0.336767 0.941088
7.511000 0.335826 0.941424
7.512000 0.334884 0.941760
7.513000 0.333941 0.942094
7.514000 0.332998 0.942427
7.515000 0.332055 0.942760
7.516000 0.331112 0.943092
7.517000 0.330168 0.943422
7.518000 0.329224 0.943752
7.519000 0.328280 0.944081
7.520000 0.327335 0.944408
7.521000 0.326390 0.944735
7.522000 0.325444 0.945061
7.523000 0.324499 0.945386
7.524000 0.323553 0.945710
7.525000 0.322606 0.946033
7.526000 0.321660 0.946355
7.527000 0.320713 0.946677
7.528000 0.319765 0.946997
7.529000 0.318818 0.947316
7.530000 0.317870 0.947635
7.531000 0.316921 0.947952
7.532000 0.315973 0.948268
7.533000 0.315024 0.948584
7.534000 0.314075 0.948898
7.535000 0.313125 0.949212
7.536000 0.312175 0.949525
7.537000 0.311225 0.949836
7.538000 0.310274 0.950147
7.539000 0.309324 0.950457
7.540000 0.308373 0.950766
7.541000 0.307421 0.951074
7.542000 0.306469 0.951381
7.543000 0.305517 0.951687
7.544000 0.304565 0.951992
7.545000 0.303612 0.952296
7.546000 0.302659 0.952599
7.547000 0.301706 0.952901
7.548000 0.300753 0.953202
7.549000 0.299799 0.953503
7.550000 0.298845 0.953802
7.551000 0.297890 0.954100
7.552000 0.296935 0.954398
7.553000 0.295980 0.954694
7.554000 0.295025 0.954990
7.555000 0.294069 0.955284
7.556000 0.293113 0.955578
7.557000 0.292157 0.955870
7.558000 0.291201 0.956162
7.559000 0.290244 0.956453
7.560000 0.289287 0.956743
7.561000 0.288329 0.957031
7.562000 0.287372 0.957319
7.563000 0.286414 0.957606
7.564000 0.285456 0.957892
7.565000 0.284497 0.958177
7.566000 0.283538 0.958461
7.567000 0.282579 0.958744
7.568000 0.281620 0.959026
7.569000 0.280660 0.959307
7.570000 0.279700 0.959587
7.571000 0.278740 0.959867
7.572000 0.277779 0.960145
7.573000 0.276819 0.960422
7.574000 0.275858 0.960699
7.575000 0.274896 0.960974
7.576000 0.273935 0.961248
7.577000 0.272973 0.961522
7.578000 0.272011 0.961794
7.579000 0.271048 0.962066
7.580000 0.270085 0.962336
7.581000 0.269122 0.962606
7.582000 0.268159 0.962875
7.583000 0.267196 0.963142
7.584000 0.266232 0.963409
7.585000 0.265268 0.963675
7.586000 0.264304 0.963940
7.587000 0.263339 0.964203
7.588000 0.262374 0.964466
7.589000 0.261409 0.964728
7.590000 0.260444 0.964989
7.591000 0.259478 0.965249
7.592000 0.258512 0.965508
7.593000 0.257546 0.965766
7.594000 0.256580 0.966023
7.595000 0.255613 0.966279
7.596000 0.254646 0.966534
7.597000 0.253679 0.966789
7.598000 0.252712 0.967042
7.599000 0.251744 0.967294
7.600000 0.250776 0.967545
7.601000 0.249808 0.967796
7.602000 0.248839 0.968045
7.603000 0.247871 0.968293
7.604000 0.246902 0.968541
7.605000 0.245933 0.968787
7.606000 0.244963 0.969032
7.607000 0.243994 0.969277
7.608000 0.243024 0.969520
7.609000 0.242053 0.969763
7.610000 0.241083 0.970005
7.611000 0.240112 0.970245
7.612000 0.239142 0.970485
7.613000 0.238171 0.970723
7.614000 0.237199 0.970961
7.615000 0.236228 0.971198
7.616000 0.235256 0.971434
7.617000 0.234284 0.971668
7.618000 0.233311 0.971902
7.619000 0.232339 0.972135
7.620000 0.231366 0.972367
7.621000 0.230393 0.972598
7.622000 0.229420 0.972828
7.623000 0.228447 0.973057
7.624000 0.227473 0.973284
7.625000 0.226499 0.973511
7.626000 0.225525 0.973737
7.627000 0.224550 0.973963
7.628000 0.223576 0.974187
7.629000 0.222601 0.974410
7.630000 0.221626 0.974632
7.631000 0.220651 0.974853
7.632000 0.219675 0.975073
7.633000 0.218700 0.975292
7.634000 0.217724 0.975510
7.635000 0.216748 0.975728
7.636000 0.215771 0.975944
7.637000 0.214795 0.976159
7.638000 0.213818 0.976374
7.639000 0.212841 0.976587
7.640000 0.211864 0.976799
7.641000 0.210886 0.977011
7.642000 0.209909 0.977221
7.643000 0.208931 0.977430
7.644000 0.207953 0.977639
7.645000 0.206975 0.977846
7.646000 0.205996 0.978053
7.647000 0.205018 0.978258
7.648000 0.204039 0.978463
7.649000 0.203060 0.978666
7.650000 0.202080 0.978869
7.651000 0.201101 0.979071
7.652000 0.200121 0.979271
7.653000 0.199141 0.979471
7.654000 0.198161 0.979669
7.655000 0.197181 0.979867
7.656000 0.196201 0.980064
7.657000 0.195220 0.980260
7.658000 0.194239 0.980454
7.659000 0.193258 0.980648
7.660000 0.192277 0.980841
7.661000 0.191295 0.981033
7.662000 0.190314 0.981223
7.663000 0.189332 0.981413
7.664000 0.188350 0.981602
7.665000 0.187368 0.981790
7.666000 0.186385 0.981977
7.667000 0.185403 0.982163
7.668000 0.184420 0.982348
7.669000 0.183437 0.982532
7.670000 0.182454 0.982714
7.671000 0.181471 0.982896
7.672000 0.180487 0.983077
7.673000 0.179503 0.983257
7.674000 0.178520 0.983436
7.675000 0.177536 0.983614
7.676000 0.176551 0.983791
7.677000 0.175567 0.983968
7.678000 0.174582 0.984143
7.679000 0.173598 0.984317
7.680000 0.172613 0.984490
7.681000 0.171628 0.984662
7.682000 0.170643 0.984833
7.683000 0.169657 0.985003
7.684000 0.168672 0.985172
7.685000 0.167686 0.985341
7.686000 0.166700 0.985508
7.687000 0.165714 0.985674
7.688000 0.164727 0.985839
7.689000 0.163741 0.986003
7.690000 0.162754 0.986167
7.691000 0.161768 0.986329
7.692000 0.160781 0.986490
7.693000 0.159794 0.986650
7.694000 0.158807 0.986810
7.695000 0.157819 0.986968
7.696000 0.156832 0.987125
7.697000 0.155844 0.987282
7.698000 0.154856 0.987437
7.699000 0.153868 0.987591
7.700000 0.152880 0.987745
7.701000 0.151892 0.987897
7.702000 0.150903 0.988049
7.703000 0.149914 0.988199
7.704000 0.148926 0.988348
7.705000 0.147937 0.988497
7.706000 0.146948 0.988644
7.707000 0.145958 0.988791
7.708000 0.144969 0.988936
7.709000 0.143980 0.989081
7.710000 0.142990 0.989224
7.711000 0.142000 0.989367
7.712000 0.141010 0.989508
7.713000 0.140020 0.989649
7.714000 0.139030 0.989788
7.715000 0.138040 0.989927
7.716000 0.137049 0.990064
7.717000 0.136058 0.990201
7.718000 0.135068 0.990336
7.719000 0.134077 0.990471
7.720000 0.133086 0.990605
7.721000 0.132095 0.990737
7.722000 0.131103 0.990869
7.723000 0.130112 0.990999
7.724000 0.129120 0.991129
7.725000 0.128129 0.991258
7.726000 0.127137 0.991385
7.727000 0.126145 0.991512
7.728000 0.125153 0.991638
7.729000 0.124160 0.991762
7.730000 0.123168 0.991886
7.731000 0.122176 0.992009
7.732000 0.121183 0.992130
7.733000 0.120190 0.992251
7.734000 0.119198 0.992371
7.735000 0.118205 0.992489
7.736000 0.117212 0.992607
7.737000 0.116218 0.992724
7.738000 0.115225 0.992839
7.739000 0.114232 0.992954
7.740000 0.113238 0.993068
7.741000 0.112245 0.993181
7.742000 0.111251 0.993292
7.743000 0.110257 0.993403
7.744000 0.109263 0.993513
7.745000 0.108269 0.993622
7.746000 0.107275 0.993729
7.747000 0.106281 0.993836
7.748000 0.105286 0.993942
7.749000 0.104292 0.994047
7.750000 0.103297 0.994151
7.751000 0.102302 0.994253
7.752000 0.101308 0.994355
7.753000 0.100313 0.994456
7.754000 0.099318 0.994556
7.755000 0.098323 0.994655
7.756000 0.097327 0.994752
7.757000 0.096332 0.994849
7.758000 0.095337 0.994945
7.759000 0.094341 0.995040
7.760000 0.093346 0.995134
7.761000 0.092350 0.995227
7.762000 0.091354 0.995319
7.763000 0.090358 0.995409
7.764000 0.089362 0.995499
7.765000 0.088366 0.995588
7.766000 0.087370 0.995676
7.767000 0.086374 0.995763
7.768000 0.085378 0.995849
7.769000 0.084381 0.995934
7.770000 0.083385 0.996017
7.771000 0.082388 0.996100
7.772000 0.081392 0.996182
7.773000 0.080395 0.996263
7.774000 0.079398 0.996343
7.775000 0.078401 0.996422
7.776000 0.077404 0.996500
7.777000 0.076407 0.996577
7.778000 0.075410 0.996653
7.779000 0.074413 0.996728
7.780000 0.073416 0.996801
7.781000 0.072418 0.996874
7.782000 0.071421 0.996946
7.783000 0.070423 0.997017
7.784000 0.069426 0.997087
7.785000 0.068428 0.997156
7.786000 0.067431 0.997224
7.787000 0.066433 0.997291
7.788000 0.065435 0.997357
7.789000 0.064437 0.997422
7.790000 0.063439 0.997486
7.791000 0.062441 0.997549
7.792000 0.061443 0.997611
7.793000 0.060445 0.997672
7.794000 0.059447 0.997732
7.795000 0.058448 0.997790
7.796000 0.057450 0.997848
7.797000 0.056452 0.997905
7.798000 0.055453 0.997961
7.799000 0.054455 0.998016
7.800000 0.053456 0.998070
7.801000 0.052458 0.998123
7.802000 0.051459 0.998175
7.803000 0.050460 0.998226
7.804000 0.049462 0.998276
7.805000 0.048463 0.998325
7.806000 0.047464 0.998373
7.807000 0.046465 0.998420
7.808000 0.045466 0.998466
7.809000 0.044467 0.998511
7.810000 0.043468 0.998555
7.811000 0.042469 0.998598
7.812000 0.041470 0.998640
7.813000 0.040471 0.998681
7.814000 0.039471 0.998721
7.815000 0.038472 0.998760
7.816000 0.037473 0.998798
7.817000 0.036474 0.998835
7.818000 0.035474 0.998871
7.819000 0.034475 0.998906
7.820000 0.033475 0.998940
7.821000 0.032476 0.998973
7.822000 0.031477 0.999005
7.823000 0.030477 0.999036
7.824000 0.029477 0.999065
7.825000 0.028478 0.999094
7.826000 0.027478 0.999122
7.827000 0.026479 0.999149
7.828000 0.025479 0.999175
7.829000 0.024479 0.999200
7.830000 0.023480 0.999224
7.831000 0.022480 0.999247
7.832000 0.021480 0.999269
7.833000 0.020480 0.999290
7.834000 0.019480 0.999310
7.835000 0.018481 0.999329
7.836000 0.017481 0.999347
7.837000 0.016481 0.999364
7.838000 0.015481 0.999380
7.839000 0.014481 0.999395
7.840000 0.013481 0.999409
7.841000 0.012481 0.999422
7.842000 0.011481 0.999434
7.843000 0.010482 0.999445
7.844000 0.009482 0.999455
7.845000 0.008482 0.999464
7.846000 0.007482 0.999472
7.847000 0.006482 0.999479
7.848000 0.005482 0.999485
7.849000 0.004482 0.999490
7.850000 0.003482 0.999494
7.851000 0.002482 0.999497
7.852000 0.001482 0.999499
7.853000 0.000482 0.999500
7.854000 -0.000518 0.999500
7.855000 -0.001518 0.999499
7.856000 -0.002518 0.999497
7.857000 -0.003518 0.999494
7.858000 -0.004518 0.999490
7.859000 -0.005518 0.999485
7.860000 -0.006518 0.999479
7.861000 -0.007518 0.999472
7.862000 -0.008518 0.999464
7.863000 -0.009518 0.999455
7.864000 -0.010518 0.999445
7.865000 -0.011518 0.999434
7.866000 -0.012518 0.999422
7.867000 -0.013518 0.999409
7.868000 -0.014518 0.999395
7.869000 -0.015518 0.999380
7.870000 -0.016518 0.999364
7.871000 -0.017517 0.999347
7.872000 -0.018517 0.999329
7.873000 -0.019517 0.999310
7.874000 -0.020517 0.999290
7.875000 -0.021517 0.999269
7.876000 -0.022516 0.999247
7.877000 -0.023516 0.999223
7.878000 -0.024516 0.999199
7.879000 -0.025516 0.999174
7.880000 -0.026515 0.999148
7.881000 -0.027515 0.999121
7.882000 -0.028514 0.999093
7.883000 -0.029514 0.999064
7.884000 -0.030514 0.999034
7.885000 -0.031513 0.999003
7.886000 -0.032513 0.998971
7.887000 -0.033512 0.998938
7.888000 -0.034511 0.998904
7.889000 -0.035511 0.998869
7.890000 -0.036510 0.998833
7.891000 -0.037509 0.998796
7.892000 -0.038509 0.998758
7.893000 -0.039508 0.998719
7.894000 -0.040507 0.998679
7.895000 -0.041506 0.998638
7.896000 -0.042505 0.998596
7.897000 -0.043505 0.998553
7.898000 -0.044504 0.998509
7.899000 -0.045503 0.998464
7.900000 -0.046502 0.998418
7.901000 -0.047500 0.998371
7.902000 -0.048499 0.998323
7.903000 -0.049498 0.998274
7.904000 -0.050497 0.998224
7.905000 -0.051495 0.998173
7.906000 -0.052494 0.998121
7.907000 -0.053493 0.998068
7.908000 -0.054491 0.998014
7.909000 -0.055490 0.997959
7.910000 -0.056488 0.997903
7.911000 -0.057487 0.997846
7.912000 -0.058485 0.997788
7.913000 -0.059483 0.997729
7.914000 -0.060481 0.997669
7.915000 -0.061479 0.997608
7.916000 -0.062478 0.997546
7.917000 -0.063476 0.997483
7.918000 -0.064474 0.997419
7.919000 -0.065471 0.997354
7.920000 -0.066469 0.997289
7.921000 -0.067467 0.997222
7.922000 -0.068465 0.997154
7.923000 -0.069462 0.997085
7.924000 -0.070460 0.997015
7.925000 -0.071457 0.996944
7.926000 -0.072455 0.996872
7.927000 -0.073452 0.996799
7.928000 -0.074449 0.996725
7.929000 -0.075447 0.996650
7.930000 -0.076444 0.996574
7.931000 -0.077441 0.996497
7.932000 -0.078438 0.996419
7.933000 -0.079435 0.996340
7.934000 -0.080431 0.996260
7.935000 -0.081428 0.996179
7.936000 -0.082425 0.996097
7.937000 -0.083421 0.996014
7.938000 -0.084418 0.995930
7.939000 -0.085414 0.995846
7.940000 -0.086410 0.995760
7.941000 -0.087407 0.995673
7.942000 -0.088403 0.995585
7.943000 -0.089399 0.995496
7.944000 -0.090395 0.995406
7.945000 -0.091391 0.995315
7.946000 -0.092386 0.995223
7.947000 -0.093382 0.995130
7.948000 -0.094378 0.995037
7.949000 -0.095373 0.994942
7.950000 -0.096368 0.994846
7.951000 -0.097364 0.994749
7.952000 -0.098359 0.994651
7.953000 -0.099354 0.994552
7.954000 -0.100349 0.994452
7.955000 -0.101344 0.994351
7.956000 -0.102339 0.994250
7.957000 -0.103334 0.994147
7.958000 -0.104328 0.994043
7.959000 -0.105323 0.993938
7.960000 -0.106317 0.993832
7.961000 -0.107311 0.993726
7.962000 -0.108305 0.993618
7.963000 -0.109299 0.993509
7.964000 -0.110293 0.993399
7.965000 -0.111287 0.993288
7.966000 -0.112281 0.993177
7.967000 -0.113275 0.993064
7.968000 -0.114268 0.992950
7.969000 -0.115262 0.992835
7.970000 -0.116255 0.992719
7.971000 -0.117248 0.992603
7.972000 -0.118241 0.992485
7.973000 -0.119234 0.992366
7.974000 -0.120227 0.992246
7.975000 -0.121219 0.992126
7.976000 -0.122212 0.992004
7.977000 -0.123204 0.991881
7.978000 -0.124197 0.991758
7.979000 -0.125189 0.991633
7.980000 -0.126181 0.991507
7.981000 -0.127173 0.991381
7.982000 -0.128165 0.991253
7.983000 -0.129156 0.991124
7.984000 -0.130148 0.990995
7.985000 -0.131139 0.990864
7.986000 -0.132131 0.990732
7.987000 -0.133122 0.990600
7.988000 -0.134113 0.990466
7.989000 -0.135104 0.990331
7.990000 -0.136095 0.990196
7.991000 -0.137085 0.990059
7.992000 -0.138076 0.989922
7.993000 -0.139066 0.989783
7.994000 -0.140056 0.989644
7.995000 -0.141046 0.989503
7.996000 -0.142036 0.989361
7.997000 -0.143026 0.989219
7.998000 -0.144016 0.989075
7.999000 -0.145005 0.988931
8.000000 -0.145995 0.988785
8.001000 -0.146984 0.988639
8.002000 -0.147973 0.988491
8.003000 -0.148962 0.988343
8.004000 -0.149951 0.988194
8.005000 -0.150939 0.988043
8.006000 -0.151928 0.987892
8.007000 -0.152916 0.987739
8.008000 -0.153904 0.987586
8.009000 -0.154892 0.987431
8.010000 -0.155880 0.987276
8.011000 -0.156868 0.987120
8.012000 -0.157855 0.986962
8.013000 -0.158843 0.986804
8.014000 -0.159830 0.986645
8.015000 -0.160817 0.986484
8.016000 -0.161804 0.986323
8.017000 -0.162791 0.986161
8.018000 -0.163777 0.985997
8.019000 -0.164764 0.985833
8.020000 -0.165750 0.985668
8.021000 -0.166736 0.985502
8.022000 -0.167722 0.985334
8.023000 -0.168708 0.985166
8.024000 -0.169693 0.984997
8.025000 -0.170679 0.984827
8.026000 -0.171664 0.984656
8.027000 -0.172649 0.984483
8.028000 -0.173634 0.984310
8.029000 -0.174618 0.984136
8.030000 -0.175603 0.983961
8.031000 -0.176587 0.983785
8.032000 -0.177572 0.983608
8.033000 -0.178556 0.983430
8.034000 -0.179539 0.983251
8.035000 -0.180523 0.983071
8.036000 -0.181507 0.982890
8.037000 -0.182490 0.982708
8.038000 -0.183473 0.982525
8.039000 -0.184456 0.982341
8.040000 -0.185439 0.982156
8.041000 -0.186421 0.981970
8.042000 -0.187404 0.981783
8.043000 -0.188386 0.981595
8.044000 -0.189368 0.981406
8.045000 -0.190350 0.981216
8.046000 -0.191331 0.981026
8.047000 -0.192313 0.980834
8.048000 -0.193294 0.980641
8.049000 -0.194275 0.980447
8.050000 -0.195256 0.980252
8.051000 -0.196236 0.980057
8.052000 -0.197217 0.979860
8.053000 -0.198197 0.979662
8.054000 -0.199177 0.979464
8.055000 -0.200157 0.979264
8.056000 -0.201137 0.979063
8.057000 -0.202116 0.978862
8.058000 -0.203096 0.978659
8.059000 -0.204075 0.978455
8.060000 -0.205053 0.978251
8.061000 -0.206032 0.978045
8.062000 -0.207011 0.977839
8.063000 -0.207989 0.977631
8.064000 -0.208967 0.977423
8.065000 -0.209945 0.977213
8.066000 -0.210922 0.977003
8.067000 -0.211900 0.976791
8.068000 -0.212877 0.976579
8.069000 -0.213854 0.976366
8.070000 -0.214831 0.976151
8.071000 -0.215807 0.975936
8.072000 -0.216783 0.975720
8.073000 -0.217759 0.975502
8.074000 -0.218735 0.975284
8.075000 -0.219711 0.975065
8.076000 -0.220687 0.974845
8.077000 -0.221662 0.974624
8.078000 -0.222637 0.974401
8.079000 -0.223612 0.974178
8.080000 -0.224586 0.973954
8.081000 -0.225560 0.973729
8.082000 -0.226535 0.973503
8.083000 -0.227508 0.973276
8.084000 -0.228482 0.973048
8.085000 -0.229456 0.972819
8.086000 -0.230429 0.972589
8.087000 -0.231402 0.972358
8.088000 -0.232374 0.972126
8.089000 -0.233347 0.971894
8.090000 -0.234319 0.971660
8.091000 -0.235291 0.971425
8.092000 -0.236263 0.971189
8.093000 -0.237235 0.970952
8.094000 -0.238206 0.970715
8.095000 -0.239177 0.970476
8.096000 -0.240148 0.970236
8.097000 -0.241119 0.969996
8.098000 -0.242089 0.969754
8.099000 -0.243059 0.969512
8.100000 -0.244029 0.969268
8.101000 -0.244999 0.969023
8.102000 -0.245968 0.968778
8.103000 -0.246937 0.968532
8.104000 -0.247906 0.968284
8.105000 -0.248875 0.968036
8.106000 -0.249843 0.967786
8.107000 -0.250811 0.967536
8.108000 -0.251779 0.967285
8.109000 -0.252747 0.967032
8.110000 -0.253714 0.966779
8.111000 -0.254681 0.966525
8.112000 -0.255648 0.966270
8.113000 -0.256615 0.966014
8.114000 -0.257581 0.965757
8.115000 -0.258548 0.965499
8.116000 -0.259513 0.965240
8.117000 -0.260479 0.964980
8.118000 -0.261444 0.964719
8.119000 -0.262409 0.964457
8.120000 -0.263374 0.964194
8.121000 -0.264339 0.963930
8.122000 -0.265303 0.963665
8.123000 -0.266267 0.963399
8.124000 -0.267231 0.963133
8.125000 -0.268194 0.962865
8.126000 -0.269158 0.962596
8.127000 -0.270121 0.962327
8.128000 -0.271083 0.962056
8.129000 -0.272046 0.961784
8.130000 -0.273008 0.961512
8.131000 -0.273970 0.961238
8.132000 -0.274931 0.960964
8.133000 -0.275893 0.960688
8.134000 -0.276854 0.960412
8.135000 -0.277814 0.960135
8.136000 -0.278775 0.959856
8.137000 -0.279735 0.959577
8.138000 -0.280695 0.959297
8.139000 -0.281655 0.959016
8.140000 -0.282614 0.958734
8.141000 -0.283573 0.958451
8.142000 -0.284532 0.958167
8.143000 -0.285491 0.957882
8.144000 -0.286449 0.957596
8.145000 -0.287407 0.957309
8.146000 -0.288364 0.957021
8.147000 -0.289322 0.956732
8.148000 -0.290279 0.956442
8.149000 -0.291236 0.956151
8.150000 -0.292192 0.955860
8.151000 -0.293148 0.955567
8.152000 -0.294104 0.955273
8.153000 -0.295060 0.954979
8.154000 -0.296015 0.954683
8.155000 -0.296970 0.954387
8.156000 -0.297925 0.954089
8.157000 -0.298880 0.953791
8.158000 -0.299834 0.953492
8.159000 -0.300788 0.953191
8.160000 -0.301741 0.952890
8.161000 -0.302694 0.952588
8.162000 -0.303647 0.952285
8.163000 -0.304600 0.951980
8.164000 -0.305552 0.951675
8.165000 -0.306504 0.951369
8.166000 -0.307456 0.951062
8.167000 -0.308407 0.950754
8.168000 -0.309358 0.950446
8.169000 -0.310309 0.950136
8.170000 -0.311260 0.949825
8.171000 -0.312210 0.949513
8.172000 -0.313160 0.949200
8.173000 -0.314109 0.948887
8.174000 -0.315058 0.948572
8.175000 -0.316007 0.948257
8.176000 -0.316956 0.947940
8.177000 -0.317904 0.947623
8.178000 -0.318852 0.947304
8.179000 -0.319800 0.946985
8.180000 -0.320747 0.946665
8.181000 -0.321694 0.946344
8.182000 -0.322641 0.946021
8.183000 -0.323587 0.945698
8.184000 -0.324533 0.945374
8.185000 -0.325479 0.945049
8.186000 -0.326424 0.944723
8.187000 -0.327369 0.944396
8.188000 -0.328314 0.944069
8.189000 -0.329259 0.943740
8.190000 -0.330203 0.943410
8.191000 -0.331146 0.943079
8.192000 -0.332090 0.942748
8.193000 -0.333033 0.942415
8.194000 -0.333976 0.942082
8.195000 -0.334918 0.941747
8.196000 -0.335860 0.941412
8.197000 -0.336802 0.941076
8.198000 -0.337743 0.940738
8.199000 -0.338684 0.940400
8.200000 -0.339625 0.940061
8.201000 -0.340566 0.939721
8.202000 -0.341506 0.939380
8.203000 -0.342445 0.939038
8.204000 -0.343385 0.938695
8.205000 -0.344324 0.938351
8.206000 -0.345262 0.938006
8.207000 -0.346201 0.937661
8.208000 -0.347139 0.937314
8.209000 -0.348076 0.936966
8.210000 -0.349014 0.936618
8.211000 -0.349951 0.936268
8.212000 -0.350887 0.935918
8.213000 -0.351823 0.935566
8.214000 -0.352759 0.935214
8.215000 -0.353695 0.934861
8.216000 -0.354630 0.934507
8.217000 -0.355565 0.934152
8.218000 -0.356499 0.933796
8.219000 -0.357433 0.933439
8.220000 -0.358367 0.933081
8.221000 -0.359301 0.932722
8.222000 -0.360234 0.932362
8.223000 -0.361166 0.932001
8.224000 -0.362099 0.931640
8.225000 -0.363031 0.931277
8.226000 -0.363962 0.930914
8.227000 -0.364893 0.930549
8.228000 -0.365824 0.930184
8.229000 -0.366755 0.929818
8.230000 -0.367685 0.929450
8.231000 -0.368615 0.929082
8.232000 -0.369544 0.928713
8.233000 -0.370473 0.928343
8.234000 -0.371402 0.927972
8.235000 -0.372330 0.927600
8.236000 -0.373258 0.927228
8.237000 -0.374185 0.926854
8.238000 -0.375113 0.926479
8.239000 -0.376039 0.926104
8.240000 -0.376966 0.925727
8.241000 -0.377892 0.925350
8.242000 -0.378818 0.924971
8.243000 -0.379743 0.924592
8.244000 -0.380668 0.924212
8.245000 -0.381592 0.923831
8.246000 -0.382516 0.923449
8.247000 -0.383440 0.923066
8.248000 -0.384364 0.922682
8.249000 -0.385287 0.922297
8.250000 -0.386209 0.921911
8.251000 -0.387131 0.921525
8.252000 -0.388053 0.921137
8.253000 -0.388975 0.920748
8.254000 -0.389896 0.920359
8.255000 -0.390816 0.919969
8.256000 -0.391737 0.919577
8.257000 -0.392656 0.919185
8.258000 -0.393576 0.918792
8.259000 -0.394495 0.918398
8.260000 -0.395414 0.918003
8.261000 -0.396332 0.917607
8.262000 -0.397250 0.917210
8.263000 -0.398167 0.916813
8.264000 -0.399085 0.916414
8.265000 -0.400001 0.916015
8.266000 -0.400918 0.915614
8.267000 -0.401834 0.915213
8.268000 -0.402749 0.914810
8.269000 -0.403664 0.914407
8.270000 -0.404579 0.914003
8.271000 -0.405493 0.913598
8.272000 -0.406407 0.913192
8.273000 -0.407321 0.912785
8.274000 -0.408234 0.912377
8.275000 -0.409146 0.911969
8.276000 -0.410059 0.911559
8.277000 -0.410970 0.911149
8.278000 -0.411882 0.910737
8.279000 -0.412793 0.910325
8.280000 -0.413704 0.909912
8.281000 -0.414614 0.909498
8.282000 -0.415524 0.909082
8.283000 -0.416433 0.908666
8.284000 -0.417342 0.908250
8.285000 -0.418250 0.907832
8.286000 -0.419159 0.907413
8.287000 -0.420066 0.906993
8.288000 -0.420974 0.906573
8.289000 -0.421880 0.906152
8.290000 -0.422787 0.905729
8.291000 -0.423693 0.905306
8.292000 -0.424598 0.904882
8.293000 -0.425504 0.904457
8.294000 -0.426408 0.904031
8.295000 -0.427313 0.903604
8.296000 -0.428217 0.903176
8.297000 -0.429120 0.902747
8.298000 -0.430023 0.902318
8.299000 -0.430926 0.901887
8.300000 -0.431828 0.901456
8.301000 -0.432730 0.901024
8.302000 -0.433631 0.900591
8.303000 -0.434532 0.900157
8.304000 -0.435432 0.899722
8.305000 -0.436332 0.899286
8.306000 -0.437232 0.898849
8.307000 -0.438131 0.898411
8.308000 -0.439030 0.897973
8.309000 -0.439928 0.897533
8.310000 -0.440826 0.897093
8.311000 -0.441723 0.896651
8.312000 -0.442620 0.896209
8.313000 -0.443516 0.895766
8.314000 -0.444412 0.895322
8.315000 -0.445308 0.894877
8.316000 -0.446203 0.894432
8.317000 -0.447098 0.893985
8.318000 -0.447992 0.893537
8.319000 -0.448886 0.893089
8.320000 -0.449779 0.892640
8.321000 -0.450672 0.892189
8.322000 -0.451565 0.891738
8.323000 -0.452457 0.891286
8.324000 -0.453348 0.890833
8.325000 -0.454239 0.890380
8.326000 -0.455130 0.889925
8.327000 -0.456020 0.889469
8.328000 -0.456910 0.889013
8.329000 -0.457799 0.888556
8.330000 -0.458688 0.888097
8.331000 -0.459576 0.887638
8.332000 -0.460464 0.887178
8.333000 -0.461352 0.886717
8.334000 -0.462239 0.886255
8.335000 -0.463125 0.885793
8.336000 -0.464011 0.885329
8.337000 -0.464897 0.884865
8.338000 -0.465782 0.884399
8.339000 -0.466667 0.883933
8.340000 -0.467551 0.883466
8.341000 -0.468435 0.882998
8.342000 -0.469318 0.882529
8.343000 -0.470201 0.882059
8.344000 -0.471083 0.881589
8.345000 -0.471965 0.881117
8.346000 -0.472846 0.880645
8.347000 -0.473727 0.880172
8.348000 -0.474608 0.879697
8.349000 -0.475488 0.879222
8.350000 -0.476367 0.878746
8.351000 -0.477246 0.878270
8.352000 -0.478125 0.877792
8.353000 -0.479003 0.877313
8.354000 -0.479880 0.876834
8.355000 -0.480757 0.876354
8.356000 -0.481634 0.875872
8.357000 -0.482510 0.875390
8.358000 -0.483386 0.874907
8.359000 -0.484261 0.874424
8.360000 -0.485136 0.873939
8.361000 -0.486010 0.873453
8.362000 -0.486884 0.872967
8.363000 -0.487757 0.872480
8.364000 -0.488630 0.871991
8.365000 -0.489502 0.871502
8.366000 -0.490374 0.871012
8.367000 -0.491245 0.870522
8.368000 -0.492116 0.870030
8.369000 -0.492986 0.869537
8.370000 -0.493856 0.869044
8.371000 -0.494725 0.868550
8.372000 -0.495594 0.868054
8.373000 -0.496462 0.867558
8.374000 -0.497330 0.867062
8.375000 -0.498197 0.866564
8.376000 -0.499064 0.866065
8.377000 -0.499930 0.865566
8.378000 -0.500796 0.865065
8.379000 -0.501661 0.864564
8.380000 -0.502526 0.864062
8.381000 -0.503391 0.863559
8.382000 -0.504254 0.863055
8.383000 -0.505118 0.862550
8.384000 -0.505980 0.862045
8.385000 -0.506843 0.861539
8.386000 -0.507705 0.861031
8.387000 -0.508566 0.860523
8.388000 -0.509427 0.860014
8.389000 -0.510287 0.859504
8.390000 -0.511147 0.858994
8.391000 -0.512006 0.858482
8.392000 -0.512865 0.857970
8.393000 -0.513723 0.857456
8.394000 -0.514580 0.856942
8.395000 -0.515438 0.856427
8.396000 -0.516294 0.855911
8.397000 -0.517150 0.855394
8.398000 -0.518006 0.854877
8.399000 -0.518861 0.854358
8.400000 -0.519716 0.853839
8.401000 -0.520570 0.853319
8.402000 -0.521423 0.852798
8.403000 -0.522277 0.852276
8.404000 -0.523129 0.851753
8.405000 -0.523981 0.851230
8.406000 -0.524832 0.850706
8.407000 -0.525683 0.850180
8.408000 -0.526534 0.849654
8.409000 -0.527384 0.849127
8.410000 -0.528233 0.848599
8.411000 -0.529082 0.848071
8.412000 -0.529930 0.847541
8.413000 -0.530778 0.847011
8.414000 -0.531625 0.846480
8.415000 -0.532472 0.845948
8.416000 -0.533318 0.845415
8.417000 -0.534164 0.844881
8.418000 -0.535009 0.844346
8.419000 -0.535853 0.843811
8.420000 -0.536698 0.843275
8.421000 -0.537541 0.842738
8.422000 -0.538384 0.842200
8.423000 -0.539226 0.841661
8.424000 -0.540068 0.841121
8.425000 -0.540910 0.840581
8.426000 -0.541750 0.840039
8.427000 -0.542591 0.839497
8.428000 -0.543430 0.838954
8.429000 -0.544270 0.838410
8.430000 -0.545108 0.837866
8.431000 -0.545946 0.837320
8.432000 -0.546784 0.836774
8.433000 -0.547621 0.836227
8.434000 -0.548457 0.835678
8.435000 -0.549293 0.835130
8.436000 -0.550129 0.834580
8.437000 -0.550963 0.834029
8.438000 -0.551798 0.833478
8.439000 -0.552631 0.832926
8.440000 -0.553465 0.832373
8.441000 -0.554297 0.831819
8.442000 -0.555129 0.831264
8.443000 -0.555961 0.830709
8.444000 -0.556792 0.830152
8.445000 -0.557622 0.829595
8.446000 -0.558452 0.829037
8.447000 -0.559281 0.828478
8.448000 -0.560110 0.827918
8.449000 -0.560938 0.827358
8.450000 -0.561765 0.826797
8.451000 -0.562592 0.826234
8.452000 -0.563419 0.825671
8.453000 -0.564245 0.825108
8.454000 -0.565070 0.824543
8.455000 -0.565895 0.823977
8.456000 -0.566719 0.823411
8.457000 -0.567543 0.822844
8.458000 -0.568366 0.822276
8.459000 -0.569188 0.821707
8.460000 -0.570010 0.821138
8.461000 -0.570832 0.820567
8.462000 -0.571652 0.819996
8.463000 -0.572473 0.819424
8.464000 -0.573292 0.818851
8.465000 -0.574111 0.818277
8.466000 -0.574930 0.817703
8.467000 -0.575748 0.817127
8.468000 -0.576565 0.816551
8.469000 -0.577382 0.815974
8.470000 -0.578198 0.815397
8.471000 -0.579014 0.814818
8.472000 -0.579829 0.814238
8.473000 -0.580643 0.813658
8.474000 -0.581457 0.813077
8.475000 -0.582270 0.812495
8.476000 -0.583083 0.811913
8.477000 -0.583895 0.811329
8.478000 -0.584707 0.810745
8.479000 -0.585518 0.810160
8.480000 -0.586328 0.809574
8.481000 -0.587138 0.808987
8.482000 -0.587947 0.808400
8.483000 -0.588755 0.807811
8.484000 -0.589563 0.807222
8.485000 -0.590371 0.806632
8.486000 -0.591178 0.806041
8.487000 -0.591984 0.805450
8.488000 -0.592790 0.804857
8.489000 -0.593595 0.804264
8.490000 -0.594399 0.803670
8.491000 -0.595203 0.803075
8.492000 -0.596006 0.802480
8.493000 -0.596809 0.801883
8.494000 -0.597611 0.801286
8.495000 -0.598413 0.800688
8.496000 -0.599213 0.800089
8.497000 -0.600014 0.799490
8.498000 -0.600813 0.798889
8.499000 -0.601613 0.798288
8.500000 -0.602411 0.797686
8.501000 -0.603209 0.797083
8.502000 -0.604006 0.796480
8.503000 -0.604803 0.795875
8.504000 -0.605599 0.795270
8.505000 -0.606394 0.794664
8.506000 -0.607189 0.794057
8.507000 -0.607984 0.793450
8.508000 -0.608777 0.792841
8.509000 -0.609570 0.792232
8.510000 -0.610363 0.791622
8.511000 -0.611154 0.791011
8.512000 -0.611946 0.790400
8.513000 -0.612736 0.789787
8.514000 -0.613526 0.789174
8.515000 -0.614316 0.788560
8.516000 -0.615104 0.787946
8.517000 -0.615892 0.787330
8.518000 -0.616680 0.786714
8.519000 -0.617467 0.786097
8.520000 -0.618253 0.785479
8.521000 -0.619039 0.784860
8.522000 -0.619824 0.784241
8.523000 -0.620608 0.783621
8.524000 -0.621392 0.783000
8.525000 -0.622175 0.782378
8.526000 -0.622958 0.781755
8.527000 -0.623740 0.781132
8.528000 -0.624521 0.780508
8.529000 -0.625302 0.779883
8.530000 -0.626082 0.779257
8.531000 -0.626861 0.778631
8.532000 -0.627640 0.778004
8.533000 -0.628418 0.777376
8.534000 -0.629196 0.776747
8.535000 -0.629973 0.776117
8.536000 -0.630749 0.775487
8.537000 -0.631525 0.774856
8.538000 -0.632300 0.774224
8.539000 -0.633074 0.773591
8.540000 -0.633848 0.772958
8.541000 -0.634621 0.772323
8.542000 -0.635394 0.771688
8.543000 -0.636166 0.771053
8.544000 -0.636937 0.770416
8.545000 -0.637707 0.769779
8.546000 -0.638477 0.769141
8.547000 -0.639247 0.768502
8.548000 -0.640015 0.767862
8.549000 -0.640783 0.767222
8.550000 -0.641551 0.766581
8.551000 -0.642318 0.765939
8.552000 -0.643084 0.765296
8.553000 -0.643849 0.764652
8.554000 -0.644614 0.764008
8.555000 -0.645378 0.763363
8.556000 -0.646142 0.762717
8.557000 -0.646905 0.762071
8.558000 -0.647667 0.761424
8.559000 -0.648428 0.760776
8.560000 -0.649189 0.760127
8.561000 -0.649950 0.759477
8.562000 -0.650709 0.758827
8.563000 -0.651468 0.758176
8.564000 -0.652227 0.757524
8.565000 -0.652984 0.756871
8.566000 -0.653741 0.756218
8.567000 -0.654498 0.755564
8.568000 -0.655254 0.754909
8.569000 -0.656009 0.754253
8.570000 -0.656763 0.753597
8.571000 -0.657517 0.752940
8.572000 -0.658270 0.752282
8.573000 -0.659022 0.751623
8.574000 -0.659774 0.750964
8.575000 -0.660525 0.750304
8.576000 -0.661276 0.749643
8.577000 -0.662026 0.748981
8.578000 -0.662775 0.748319
8.579000 -0.663523 0.747656
8.580000 -0.664271 0.746992
8.581000 -0.665018 0.746327
8.582000 -0.665765 0.745662
8.583000 -0.666511 0.744996
8.584000 -0.667256 0.744329
8.585000 -0.668000 0.743661
8.586000 -0.668744 0.742993
8.587000 -0.669487 0.742324
8.588000 -0.670230 0.741654
8.589000 -0.670972 0.740983
8.590000 -0.671713 0.740312
8.591000 -0.672453 0.739640
8.592000 -0.673193 0.738967
8.593000 -0.673932 0.738293
8.594000 -0.674671 0.737619
8.595000 -0.675408 0.736944
8.596000 -0.676145 0.736268
8.597000 -0.676882 0.735592
8.598000 -0.677618 0.734914
8.599000 -0.678353 0.734236
8.600000 -0.679087 0.733558
8.601000 -0.679821 0.732878
8.602000 -0.680554 0.732198
8.603000 -0.681286 0.731517
8.604000 -0.682018 0.730835
8.605000 -0.682749 0.730153
8.606000 -0.683479 0.729470
8.607000 -0.684209 0.728786
8.608000 -0.684938 0.728102
8.609000 -0.685666 0.727416
8.610000 -0.686394 0.726730
8.611000 -0.687120 0.726043
8.612000 -0.687847 0.725356
8.613000 -0.688572 0.724668
8.614000 -0.689297 0.723979
8.615000 -0.690021 0.723289
8.616000 -0.690745 0.722599
8.617000 -0.691467 0.721908
8.618000 -0.692189 0.721216
8.619000 -0.692911 0.720523
8.620000 -0.693631 0.719830
8.621000 -0.694351 0.719136
8.622000 -0.695071 0.718441
8.623000 -0.695789 0.717746
8.624000 -0.696507 0.717050
8.625000 -0.697224 0.716353
8.626000 -0.697941 0.715655
8.627000 -0.698657 0.714957
8.628000 -0.699372 0.714258
8.629000 -0.700086 0.713558
8.630000 -0.700800 0.712858
8.631000 -0.701513 0.712157
8.632000 -0.702225 0.711455
8.633000 -0.702937 0.710752
8.634000 -0.703648 0.710049
8.635000 -0.704358 0.709345
8.636000 -0.705067 0.708640
8.637000 -0.705776 0.707935
8.638000 -0.706484 0.707229
8.639000 -0.707192 0.706522
8.640000 -0.707898 0.705814
8.641000 -0.708604 0.705106
8.642000 -0.709310 0.704397
8.643000 -0.710014 0.703687
8.644000 -0.710718 0.702977
8.645000 -0.711421 0.702266
8.646000 -0.712124 0.701554
8.647000 -0.712825 0.700842
8.648000 -0.713526 0.700129
8.649000 -0.714226 0.699415
8.650000 -0.714926 0.698700
8.651000 -0.715625 0.697985
8.652000 -0.716323 0.697269
8.653000 -0.717020 0.696552
8.654000 -0.717717 0.695835
8.655000 -0.718413 0.695117
8.656000 -0.719108 0.694398
8.657000 -0.719803 0.693679
8.658000 -0.720497 0.692958
8.659000 -0.721190 0.692238
8.660000 -0.721882 0.691516
8.661000 -0.722574 0.690794
8.662000 -0.723265 0.690071
8.663000 -0.723955 0.689347
8.664000 -0.724644 0.688623
8.665000 -0.725333 0.687898
8.666000 -0.726021 0.687172
8.667000 -0.726709 0.686446
8.668000 -0.727395 0.685719
8.669000 -0.728081 0.684991
8.670000 -0.728766 0.684263
8.671000 -0.729451 0.683534
8.672000 -0.730134 0.682804
8.673000 -0.730817 0.682073
8.674000 -0.731499 0.681342
8.675000 -0.732181 0.680610
8.676000 -0.732862 0.679878
8.677000 -0.733542 0.679145
8.678000 -0.734221 0.678411
8.679000 -0.734899 0.677676
8.680000 -0.735577 0.676941
8.681000 -0.736254 0.676205
8.682000 -0.736931 0.675468
8.683000 -0.737606 0.674731
8.684000 -0.738281 0.673993
8.685000 -0.738955 0.673255
8.686000 -0.739629 0.672515
8.687000 -0.740301 0.671775
8.688000 -0.740973 0.671035
8.689000 -0.741644 0.670293
8.690000 -0.742315 0.669551
8.691000 -0.742984 0.668809
8.692000 -0.743653 0.668065
8.693000 -0.744322 0.667321
8.694000 -0.744989 0.666577
8.695000 -0.745656 0.665831
8.696000 -0.746322 0.665085
8.697000 -0.746987 0.664339
8.698000 -0.747651 0.663591
8.699000 -0.748315 0.662843
8.700000 -0.748978 0.662095
8.701000 -0.749640 0.661346
8.702000 -0.750302 0.660596
8.703000 -0.750962 0.659845
8.704000 -0.751622 0.659094
8.705000 -0.752282 0.658342
8.706000 -0.752940 0.657589
8.707000 -0.753598 0.656836
8.708000 -0.754255 0.656082
8.709000 -0.754911 0.655327
8.710000 -0.755566 0.654572
8.711000 -0.756221 0.653816
8.712000 -0.756875 0.653060
8.713000 -0.757528 0.652302
8.714000 -0.758181 0.651545
8.715000 -0.758832 0.650786
8.716000 -0.759483 0.650027
8.717000 -0.760133 0.649267
8.718000 -0.760783 0.648507
8.719000 -0.761431 0.647746
8.720000 -0.762079 0.646984
8.721000 -0.762726 0.646221
8.722000 -0.763373 0.645458
8.723000 -0.764018 0.644695
8.724000 -0.764663 0.643930
8.725000 -0.765307 0.643165
8.726000 -0.765950 0.642400
8.727000 -0.766593 0.641633
8.728000 -0.767235 0.640866
8.729000 -0.767876 0.640099
8.730000 -0.768516 0.639331
8.731000 -0.769155 0.638562
8.732000 -0.769794 0.637792
8.733000 -0.770432 0.637022
8.734000 -0.771069 0.636252
8.735000 -0.771705 0.635480
8.736000 -0.772341 0.634708
8.737000 -0.772976 0.633935
8.738000 -0.773610 0.633162
8.739000 -0.774243 0.632388
8.740000 -0.774876 0.631614
8.741000 -0.775507 0.630839
8.742000 -0.776138 0.630063
8.743000 -0.776768 0.629286
8.744000 -0.777398 0.628509
8.745000 -0.778026 0.627731
8.746000 -0.778654 0.626953
8.747000 -0.779281 0.626174
8.748000 -0.779908 0.625395
8.749000 -0.780533 0.624614
8.750000 -0.781158 0.623833
8.751000 -0.781782 0.623052
8.752000 -0.782405 0.622270
8.753000 -0.783027 0.621487
8.754000 -0.783649 0.620704
8.755000 -0.784270 0.619920
8.756000 -0.784890 0.619135
8.757000 -0.785509 0.618350
8.758000 -0.786128 0.617564
8.759000 -0.786745 0.616778
8.760000 -0.787362 0.615991
8.761000 -0.787978 0.615203
8.762000 -0.788593 0.614415
8.763000 -0.789208 0.613626
8.764000 -0.789822 0.612836
8.765000 -0.790435 0.612046
8.766000 -0.791047 0.611256
8.767000 -0.791658 0.610464
8.768000 -0.792269 0.609672
8.769000 -0.792879 0.608880
8.770000 -0.793488 0.608086
8.771000 -0.794096 0.607293
8.772000 -0.794703 0.606498
8.773000 -0.795310 0.605703
8.774000 -0.795915 0.604908
8.775000 -0.796521 0.604111
8.776000 -0.797125 0.603315
8.777000 -0.797728 0.602517
8.778000 -0.798331 0.601719
8.779000 -0.798933 0.600921
8.780000 -0.799534 0.600121
8.781000 -0.800134 0.599321
8.782000 -0.800733 0.598521
8.783000 -0.801332 0.597720
8.784000 -0.801930 0.596918
8.785000 -0.802527 0.596116
8.786000 -0.803123 0.595313
8.787000 -0.803718 0.594510
8.788000 -0.804313 0.593706
8.789000 -0.804907 0.592901
8.790000 -0.805500 0.592096
8.791000 -0.806092 0.591290
8.792000 -0.806683 0.590484
8.793000 -0.807274 0.589677
8.794000 -0.807864 0.588869
8.795000 -0.808453 0.588061
8.796000 -0.809041 0.587252
8.797000 -0.809628 0.586443
8.798000 -0.810215 0.585633
8.799000 -0.810800 0.584823
8.800000 -0.811385 0.584012
8.801000 -0.811969 0.583200
8.802000 -0.812553 0.582388
8.803000 -0.813135 0.581575
8.804000 -0.813717 0.580761
8.805000 -0.814298 0.579947
8.806000 -0.814878 0.579133
8.807000 -0.815457 0.578318
8.808000 -0.816035 0.577502
8.809000 -0.816613 0.576686
8.810000 -0.817190 0.575869
8.811000 -0.817766 0.575051
8.812000 -0.818341 0.574233
8.813000 -0.818915 0.573414
8.814000 -0.819489 0.572595
8.815000 -0.820061 0.571776
8.816000 -0.820633 0.570955
8.817000 -0.821204 0.570134
8.818000 -0.821775 0.569313
8.819000 -0.822344 0.568491
8.820000 -0.822913 0.567668
8.821000 -0.823480 0.566845
8.822000 -0.824047 0.566021
8.823000 -0.824613 0.565197
8.824000 -0.825179 0.564372
8.825000 -0.825743 0.563546
8.826000 -0.826307 0.562720
8.827000 -0.826869 0.561894
8.828000 -0.827431 0.561067
8.829000 -0.827993 0.560239
8.830000 -0.828553 0.559411
8.831000 -0.829112 0.558582
8.832000 -0.829671 0.557752
8.833000 -0.830229 0.556923
8.834000 -0.830786 0.556092
8.835000 -0.831342 0.555261
8.836000 -0.831897 0.554429
8.837000 -0.832452 0.553597
8.838000 -0.833006 0.552764
8.839000 -0.833559 0.551931
8.840000 -0.834111 0.551097
8.841000 -0.834662 0.550263
8.842000 -0.835212 0.549428
8.843000 -0.835762 0.548592
8.844000 -0.836310 0.547756
8.845000 -0.836858 0.546920
8.846000 -0.837405 0.546083
8.847000 -0.837951 0.545245
8.848000 -0.838497 0.544407
8.849000 -0.839041 0.543568
8.850000 -0.839585 0.542729
8.851000 -0.840128 0.541889
8.852000 -0.840669 0.541048
8.853000 -0.841211 0.540208
8.854000 -0.841751 0.539366
8.855000 -0.842290 0.538524
8.856000 -0.842829 0.537681
8.857000 -0.843367 0.536838
8.858000 -0.843904 0.535995
8.859000 -0.844440 0.535151
8.860000 -0.844975 0.534306
8.861000 -0.845509 0.533461
8.862000 -0.846043 0.532615
8.863000 -0.846576 0.531769
8.864000 -0.847107 0.530922
8.865000 -0.847638 0.530074
8.866000 -0.848169 0.529226
8.867000 -0.848698 0.528378
8.868000 -0.849226 0.527529
8.869000 -0.849754 0.526680
8.870000 -0.850281 0.525830
8.871000 -0.850807 0.524979
8.872000 -0.851332 0.524128
8.873000 -0.851856 0.523276
8.874000 -0.852379 0.522424
8.875000 -0.852902 0.521572
8.876000 -0.853423 0.520718
8.877000 -0.853944 0.519865
8.878000 -0.854464 0.519011
8.879000 -0.854983 0.518156
8.880000 -0.855501 0.517301
8.881000 -0.856019 0.516445
8.882000 -0.856535 0.515589
8.883000 -0.857051 0.514732
8.884000 -0.857566 0.513874
8.885000 -0.858080 0.513017
8.886000 -0.858593 0.512158
8.887000 -0.859105 0.511299
8.888000 -0.859616 0.510440
8.889000 -0.860127 0.509580
8.890000 -0.860636 0.508720
8.891000 -0.861145 0.507859
8.892000 -0.861653 0.506997
8.893000 -0.862160 0.506136
8.894000 -0.862666 0.505273
8.895000 -0.863172 0.504410
8.896000 -0.863676 0.503547
8.897000 -0.864180 0.502683
8.898000 -0.864683 0.501818
8.899000 -0.865185 0.500954
8.900000 -0.865686 0.500088
8.901000 -0.866186 0.499222
8.902000 -0.866685 0.498356
8.903000 -0.867183 0.497489
8.904000 -0.867681 0.496621
8.905000 -0.868178 0.495753
8.906000 -0.868673 0.494885
8.907000 -0.869168 0.494016
8.908000 -0.869663 0.493147
8.909000 -0.870156 0.492277
8.910000 -0.870648 0.491406
8.911000 -0.871140 0.490535
8.912000 -0.871630 0.489664
8.913000 -0.872120 0.488792
8.914000 -0.872609 0.487920
8.915000 -0.873097 0.487047
8.916000 -0.873584 0.486174
8.917000 -0.874070 0.485300
8.918000 -0.874555 0.484426
8.919000 -0.875040 0.483551
8.920000 -0.875524 0.482675
8.921000 -0.876006 0.481800
8.922000 -0.876488 0.480923
8.923000 -0.876969 0.480047
8.924000 -0.877449 0.479169
8.925000 -0.877928 0.478292
8.926000 -0.878407 0.477414
8.927000 -0.878884 0.476535
8.928000 -0.879361 0.475656
8.929000 -0.879837 0.474776
8.930000 -0.880311 0.473896
8.931000 -0.880785 0.473016
8.932000 -0.881258 0.472135
8.933000 -0.881731 0.471253
8.934000 -0.882202 0.470371
8.935000 -0.882672 0.469489
8.936000 -0.883142 0.468606
8.937000 -0.883611 0.467722
8.938000 -0.884078 0.466839
8.939000 -0.884545 0.465954
8.940000 -0.885011 0.465069
8.941000 -0.885476 0.464184
8.942000 -0.885941 0.463299
8.943000 -0.886404 0.462412
8.944000 -0.886866 0.461526
8.945000 -0.887328 0.460639
8.946000 -0.887789 0.459751
8.947000 -0.888249 0.458863
8.948000 -0.888707 0.457975
8.949000 -0.889166 0.457086
8.950000 -0.889623 0.456196
8.951000 -0.890079 0.455306
8.952000 -0.890534 0.454416
8.953000 -0.890989 0.453525
8.954000 -0.891442 0.452634
8.955000 -0.891895 0.451742
8.956000 -0.892347 0.450850
8.957000 -0.892798 0.449958
8.958000 -0.893248 0.449065
8.959000 -0.893697 0.448171
8.960000 -0.894145 0.447277
8.961000 -0.894592 0.446383
8.962000 -0.895039 0.445488
8.963000 -0.895484 0.444593
8.964000 -0.895929 0.443697
8.965000 -0.896373 0.442801
8.966000 -0.896816 0.441904
8.967000 -0.897258 0.441007
8.968000 -0.897699 0.440110
8.969000 -0.898139 0.439212
8.970000 -0.898578 0.438314
8.971000 -0.899016 0.437415
8.972000 -0.899454 0.436516
8.973000 -0.899890 0.435616
8.974000 -0.900326 0.434716
8.975000 -0.900761 0.433815
8.976000 -0.901195 0.432914
8.977000 -0.901628 0.432013
8.978000 -0.902060 0.431111
8.979000 -0.902491 0.430209
8.980000 -0.902921 0.429306
8.981000 -0.903351 0.428403
8.982000 -0.903779 0.427499
8.983000 -0.904207 0.426595
8.984000 -0.904633 0.425691
8.985000 -0.905059 0.424786
8.986000 -0.905484 0.423881
8.987000 -0.905908 0.422975
8.988000 -0.906331 0.422069
8.989000 -0.906753 0.421162
8.990000 -0.907174 0.420256
8.991000 -0.907594 0.419348
8.992000 -0.908014 0.418440
8.993000 -0.908432 0.417532
8.994000 -0.908850 0.416623
8.995000 -0.909266 0.415714
8.996000 -0.909682 0.414805
8.997000 -0.910097 0.413895
8.998000 -0.910511 0.412985
8.999000 -0.910924 0.412074
9.000000 -0.911336 0.411163
9.001000 -0.911747 0.410251
9.002000 -0.912158 0.409339
9.003000 -0.912567 0.408427
9.004000 -0.912976 0.407514
9.005000 -0.913383 0.406601
9.006000 -0.913790 0.405687
9.007000 -0.914195 0.404773
9.008000 -0.914600 0.403859
9.009000 -0.915004 0.402944
9.010000 -0.915407 0.402029
9.011000 -0.915809 0.401113
9.012000 -0.916210 0.400197
9.013000 -0.916611 0.399281
9.014000 -0.917010 0.398364
9.015000 -0.917408 0.397447
9.016000 -0.917806 0.396529
9.017000 -0.918202 0.395611
9.018000 -0.918598 0.394693
9.019000 -0.918993 0.393774
9.020000 -0.919387 0.392855
9.021000 -0.919780 0.391935
9.022000 -0.920171 0.391015
9.023000 -0.920563 0.390095
9.024000 -0.920953 0.389174
9.025000 -0.921342 0.388253
9.026000 -0.921730 0.387332
9.027000 -0.922118 0.386410
9.028000 -0.922504 0.385487
9.029000 -0.922890 0.384565
9.030000 -0.923274 0.383642
9.031000 -0.923658 0.382718
9.032000 -0.924041 0.381794
9.033000 -0.924422 0.380870
9.034000 -0.924803 0.379946
9.035000 -0.925183 0.379021
9.036000 -0.925562 0.378095
9.037000 -0.925940 0.377169
9.038000 -0.926318 0.376243
9.039000 -0.926694 0.375317
9.040000 -0.927069 0.374390
9.041000 -0.927444 0.373463
9.042000 -0.927817 0.372535
9.043000 -0.928190 0.371607
9.044000 -0.928561 0.370679
9.045000 -0.928932 0.369750
9.046000 -0.929302 0.368821
9.047000 -0.929671 0.367891
9.048000 -0.930039 0.366961
9.049000 -0.930406 0.366031
9.050000 -0.930772 0.365101
9.051000 -0.931137 0.364170
9.052000 -0.931501 0.363238
9.053000 -0.931864 0.362307
9.054000 -0.932227 0.361375
9.055000 -0.932588 0.360442
9.056000 -0.932949 0.359509
9.057000 -0.933308 0.358576
9.058000 -0.933667 0.357643
9.059000 -0.934024 0.356709
9.060000 -0.934381 0.355775
9.061000 -0.934737 0.354840
9.062000 -0.935092 0.353905
9.063000 -0.935446 0.352970
9.064000 -0.935799 0.352034
9.065000 -0.936151 0.351098
9.066000 -0.936502 0.350162
9.067000 -0.936852 0.349225
9.068000 -0.937201 0.348288
9.069000 -0.937550 0.347351
9.070000 -0.937897 0.346413
9.071000 -0.938244 0.345475
9.072000 -0.938589 0.344537
9.073000 -0.938934 0.343598
9.074000 -0.939277 0.342659
9.075000 -0.939620 0.341719
9.076000 -0.939962 0.340780
9.077000 -0.940303 0.339840
9.078000 -0.940642 0.338899
9.079000 -0.940981 0.337958
9.080000 -0.941319 0.337017
9.081000 -0.941656 0.336076
9.082000 -0.941993 0.335134
9.083000 -0.942328 0.334192
9.084000 -0.942662 0.333249
9.085000 -0.942995 0.332306
9.086000 -0.943328 0.331363
9.087000 -0.943659 0.330420
9.088000 -0.943989 0.329476
9.089000 -0.944319 0.328532
9.090000 -0.944647 0.327587
9.091000 -0.944975 0.326642
9.092000 -0.945302 0.325697
9.093000 -0.945627 0.324752
9.094000 -0.945952 0.323806
9.095000 -0.946276 0.322860
9.096000 -0.946599 0.321913
9.097000 -0.946921 0.320967
9.098000 -0.947242 0.320020
9.099000 -0.947562 0.319072
9.100000 -0.947881 0.318124
9.101000 -0.948199 0.317176
9.102000 -0.948516 0.316228
9.103000 -0.948833 0.315279
9.104000 -0.949148 0.314330
9.105000 -0.949462 0.313381
9.106000 -0.949776 0.312431
9.107000 -0.950088 0.311482
9.108000 -0.950400 0.310531
9.109000 -0.950710 0.309581
9.110000 -0.951020 0.308630
9.111000 -0.951328 0.307679
9.112000 -0.951636 0.306727
9.113000 -0.951943 0.305775
9.114000 -0.952249 0.304823
9.115000 -0.952554 0.303871
9.116000 -0.952857 0.302918
9.117000 -0.953160 0.301965
9.118000 -0.953462 0.301012
9.119000 -0.953763 0.300058
9.120000 -0.954063 0.299104
9.121000 -0.954363 0.298150
9.122000 -0.954661 0.297196
9.123000 -0.954958 0.296241
9.124000 -0.955254 0.295286
9.125000 -0.955550 0.294330
9.126000 -0.955844 0.293375
9.127000 -0.956137 0.292419
9.128000 -0.956430 0.291462
9.129000 -0.956721 0.290506
9.130000 -0.957012 0.289549
9.131000 -0.957301 0.288592
9.132000 -0.957590 0.287634
9.133000 -0.957878 0.286677
9.134000 -0.958164 0.285719
9.135000 -0.958450 0.284760
9.136000 -0.958735 0.283802
9.137000 -0.959019 0.282843
9.138000 -0.959302 0.281884
9.139000 -0.959583 0.280924
9.140000 -0.959864 0.279964
9.141000 -0.960144 0.279004
9.142000 -0.960423 0.278044
9.143000 -0.960701 0.277084
9.144000 -0.960979 0.276123
9.145000 -0.961255 0.275162
9.146000 -0.961530 0.274200
9.147000 -0.961804 0.273239
9.148000 -0.962077 0.272277
9.149000 -0.962350 0.271314
9.150000 -0.962621 0.270352
9.151000 -0.962891 0.269389
9.152000 -0.963161 0.268426
9.153000 -0.963429 0.267463
9.154000 -0.963697 0.266499
9.155000 -0.963963 0.265535
9.156000 -0.964229 0.264571
9.157000 -0.964493 0.263607
9.158000 -0.964757 0.262642
9.159000 -0.965020 0.261678
9.160000 -0.965281 0.260712
9.161000 -0.965542 0.259747
9.162000 -0.965802 0.258781
9.163000 -0.966061 0.257815
9.164000 -0.966318 0.256849
9.165000 -0.966575 0.255883
9.166000 -0.966831 0.254916
9.167000 -0.967086 0.253949
9.168000 -0.967340 0.252982
9.169000 -0.967593 0.252014
9.170000 -0.967845 0.251047
9.171000 -0.968096 0.250079
9.172000 -0.968346 0.249110
9.173000 -0.968595 0.248142
9.174000 -0.968844 0.247173
9.175000 -0.969091 0.246204
9.176000 -0.969337 0.245235
9.177000 -0.969582 0.244266
9.178000 -0.969827 0.243296
9.179000 -0.970070 0.242326
9.180000 -0.970312 0.241356
9.181000 -0.970554 0.240385
9.182000 -0.970794 0.239415
9.183000 -0.971033 0.238444
9.184000 -0.971272 0.237473
9.185000 -0.971509 0.236501
9.186000 -0.971746 0.235530
9.187000 -0.971981 0.234558
9.188000 -0.972216 0.233586
9.189000 -0.972450 0.232613
9.190000 -0.972682 0.231641
9.191000 -0.972914 0.230668
9.192000 -0.973145 0.229695
9.193000 -0.973374 0.228722
9.194000 -0.973603 0.227748
9.195000 -0.973831 0.226774
9.196000 -0.974057 0.225801
9.197000 -0.974283 0.224826
9.198000 -0.974508 0.223852
9.199000 -0.974732 0.222877
9.200000 -0.974955 0.221902
9.201000 -0.975177 0.220927
9.202000 -0.975398 0.219952
9.203000 -0.975618 0.218977
9.204000 -0.975837 0.218001
9.205000 -0.976055 0.217025
9.206000 -0.976272 0.216049
9.207000 -0.976488 0.215072
9.208000 -0.976703 0.214096
9.209000 -0.976917 0.213119
9.210000 -0.977130 0.212142
9.211000 -0.977342 0.211165
9.212000 -0.977553 0.210187
9.213000 -0.977764 0.209210
9.214000 -0.977973 0.208232
9.215000 -0.978181 0.207254
9.216000 -0.978388 0.206275
9.217000 -0.978595 0.205297
9.218000 -0.978800 0.204318
9.219000 -0.979004 0.203339
9.220000 -0.979208 0.202360
9.221000 -0.979410 0.201381
9.222000 -0.979611 0.200401
9.223000 -0.979812 0.199422
9.224000 -0.980011 0.198442
9.225000 -0.980210 0.197462
9.226000 -0.980407 0.196481
9.227000 -0.980604 0.195501
9.228000 -0.980799 0.194520
9.229000 -0.980994 0.193539
9.230000 -0.981187 0.192558
9.231000 -0.981380 0.191577
9.232000 -0.981571 0.190595
9.233000 -0.981762 0.189614
9.234000 -0.981952 0.188632
9.235000 -0.982140 0.187650
9.236000 -0.982328 0.186668
9.237000 -0.982515 0.185685
9.238000 -0.982700 0.184703
9.239000 -0.982885 0.183720
9.240000 -0.983069 0.182737
9.241000 -0.983252 0.181754
9.242000 -0.983433 0.180770
9.243000 -0.983614 0.179787
9.244000 -0.983794 0.178803
9.245000 -0.983973 0.177819
9.246000 -0.984150 0.176835
9.247000 -0.984327 0.175851
9.248000 -0.984503 0.174866
9.249000 -0.984678 0.173882
9.250000 -0.984852 0.172897
9.251000 -0.985025 0.171912
9.252000 -0.985197 0.170927
9.253000 -0.985368 0.169942
9.254000 -0.985538 0.168956
9.255000 -0.985707 0.167971
9.256000 -0.985875 0.166985
9.257000 -0.986042 0.165999
9.258000 -0.986208 0.165013
9.259000 -0.986373 0.164027
9.260000 -0.986537 0.163040
9.261000 -0.986700 0.162053
9.262000 -0.986862 0.161067
9.263000 -0.987023 0.160080
9.264000 -0.987183 0.159093
9.265000 -0.987342 0.158105
9.266000 -0.987500 0.157118
9.267000 -0.987657 0.156130
9.268000 -0.987813 0.155143
9.269000 -0.987969 0.154155
9.270000 -0.988123 0.153167
9.271000 -0.988276 0.152178
9.272000 -0.988428 0.151190
9.273000 -0.988579 0.150202
9.274000 -0.988729 0.149213
9.275000 -0.988879 0.148224
9.276000 -0.989027 0.147235
9.277000 -0.989174 0.146246
9.278000 -0.989320 0.145257
9.279000 -0.989466 0.144267
9.280000 -0.989610 0.143278
9.281000 -0.989753 0.142288
9.282000 -0.989896 0.141298
9.283000 -0.990037 0.140308
9.284000 -0.990177 0.139318
9.285000 -0.990316 0.138328
9.286000 -0.990455 0.137338
9.287000 -0.990592 0.136347
9.288000 -0.990728 0.135357
9.289000 -0.990864 0.134366
9.290000 -0.990998 0.133375
9.291000 -0.991132 0.132384
9.292000 -0.991264 0.131393
9.293000 -0.991395 0.130401
9.294000 -0.991526 0.129410
9.295000 -0.991655 0.128418
9.296000 -0.991784 0.127426
9.297000 -0.991911 0.126435
9.298000 -0.992037 0.125443
9.299000 -0.992163 0.124451
9.300000 -0.992287 0.123458
9.301000 -0.992411 0.122466
9.302000 -0.992533 0.121473
9.303000 -0.992655 0.120481
9.304000 -0.992775 0.119488
9.305000 -0.992895 0.118495
9.306000 -0.993013 0.117502
9.307000 -0.993131 0.116509
9.308000 -0.993247 0.115516
9.309000 -0.993363 0.114523
9.310000 -0.993477 0.113529
9.311000 -0.993591 0.112536
9.312000 -0.993703 0.111542
9.313000 -0.993815 0.110548
9.314000 -0.993926 0.109555
9.315000 -0.994035 0.108561
9.316000 -0.994144 0.107567
9.317000 -0.994251 0.106572
9.318000 -0.994358 0.105578
9.319000 -0.994463 0.104584
9.320000 -0.994568 0.103589
9.321000 -0.994672 0.102594
9.322000 -0.994774 0.101600
9.323000 -0.994876 0.100605
9.324000 -0.994976 0.099610
9.325000 -0.995076 0.098615
9.326000 -0.995175 0.097620
9.327000 -0.995272 0.096625
9.328000 -0.995369 0.095629
9.329000 -0.995464 0.094634
9.330000 -0.995559 0.093638
9.331000 -0.995653 0.092643
9.332000 -0.995745 0.091647
9.333000 -0.995837 0.090651
9.334000 -0.995928 0.089655
9.335000 -0.996017 0.088659
9.336000 -0.996106 0.087663
9.337000 -0.996194 0.086667
9.338000 -0.996280 0.085671
9.339000 -0.996366 0.084675
9.340000 -0.996451 0.083678
9.341000 -0.996534 0.082682
9.342000 -0.996617 0.081685
9.343000 -0.996699 0.080689
9.344000 -0.996779 0.079692
9.345000 -0.996859 0.078695
9.346000 -0.996938 0.077698
9.347000 -0.997016 0.076701
9.348000 -0.997092 0.075704
9.349000 -0.997168 0.074707
9.350000 -0.997243 0.073710
9.351000 -0.997316 0.072712
9.352000 -0.997389 0.071715
9.353000 -0.997461 0.070718
9.354000 -0.997531 0.069720
9.355000 -0.997601 0.068723
9.356000 -0.997670 0.067725
9.357000 -0.997738 0.066727
9.358000 -0.997804 0.065729
9.359000 -0.997870 0.064732
9.360000 -0.997935 0.063734
9.361000 -0.997999 0.062736
9.362000 -0.998061 0.061738
9.363000 -0.998123 0.060740
9.364000 -0.998184 0.059741
9.365000 -0.998244 0.058743
9.366000 -0.998302 0.057745
9.367000 -0.998360 0.056747
9.368000 -0.998417 0.055748
9.369000 -0.998473 0.054750
9.370000 -0.998527 0.053751
9.371000 -0.998581 0.052753
9.372000 -0.998634 0.051754
9.373000 -0.998686 0.050755
9.374000 -0.998736 0.049757
9.375000 -0.998786 0.048758
9.376000 -0.998835 0.047759
9.377000 -0.998883 0.046760
9.378000 -0.998929 0.045761
9.379000 -0.998975 0.044762
9.380000 -0.999020 0.043763
9.381000 -0.999064 0.042764
9.382000 -0.999106 0.041765
9.383000 -0.999148 0.040766
9.384000 -0.999189 0.039767
9.385000 -0.999229 0.038768
9.386000 -0.999267 0.037769
9.387000 -0.999305 0.036769
9.388000 -0.999342 0.035770
9.389000 -0.999378 0.034771
9.390000 -0.999413 0.033771
9.391000 -0.999446 0.032772
9.392000 -0.999479 0.031772
9.393000 -0.999511 0.030773
9.394000 -0.999542 0.029773
9.395000 -0.999571 0.028774
9.396000 -0.999600 0.027774
9.397000 -0.999628 0.026775
9.398000 -0.999655 0.025775
9.399000 -0.999680 0.024775
9.400000 -0.999705 0.023776
9.401000 -0.999729 0.022776
9.402000 -0.999752 0.021776
9.403000 -0.999774 0.020776
9.404000 -0.999794 0.019777
9.405000 -0.999814 0.018777
9.406000 -0.999833 0.017777
9.407000 -0.999851 0.016777
9.408000 -0.999867 0.015777
9.409000 -0.999883 0.014777
9.410000 -0.999898 0.013777
9.411000 -0.999912 0.012778
9.412000 -0.999925 0.011778
9.413000 -0.999936 0.010778
9.414000 -0.999947 0.009778
9.415000 -0.999957 0.008778
9.416000 -0.999966 0.007778
9.417000 -0.999973 0.006778
9.418000 -0.999980 0.005778
9.419000 -0.999986 0.004778
9.420000 -0.999991 0.003778
9.421000 -0.999995 0.002778
9.422000 -0.999997 0.001778
9.423000 -0.999999 0.000778
9.424000 -1.000000 -0.000222
9.425000 -1.000000 -0.001222
9.426000 -0.999998 -0.002222
9.427000 -0.999996 -0.003222
9.428000 -0.999993 -0.004222
9.429000 -0.999989 -0.005222
9.430000 -0.999984 -0.006222
9.431000 -0.999977 -0.007222
9.432000 -0.999970 -0.008222
9.433000 -0.999962 -0.009222
9.434000 -0.999953 -0.010222
9.435000 -0.999942 -0.011222
9.436000 -0.999931 -0.012222
9.437000 -0.999919 -0.013222
9.438000 -0.999906 -0.014222
9.439000 -0.999892 -0.015222
9.440000 -0.999876 -0.016221
9.441000 -0.999860 -0.017221
9.442000 -0.999843 -0.018221
9.443000 -0.999825 -0.019221
9.444000 -0.999805 -0.020221
9.445000 -0.999785 -0.021221
9.446000 -0.999764 -0.022220
9.447000 -0.999742 -0.023220
9.448000 -0.999719 -0.024220
9.449000 -0.999694 -0.025220
9.450000 -0.999669 -0.026219
9.451000 -0.999643 -0.027219
9.452000 -0.999616 -0.028218
9.453000 -0.999588 -0.029218
9.454000 -0.999558 -0.030218
9.455000 -0.999528 -0.031217
9.456000 -0.999497 -0.032217
9.457000 -0.999465 -0.033216
9.458000 -0.999431 -0.034216
9.459000 -0.999397 -0.035215
9.460000 -0.999362 -0.036214
9.461000 -0.999326 -0.037214
9.462000 -0.999289 -0.038213
9.463000 -0.999250 -0.039212
9.464000 -0.999211 -0.040212
9.465000 -0.999171 -0.041211
9.466000 -0.999130 -0.042210
9.467000 -0.999088 -0.043209
9.468000 -0.999044 -0.044208
9.469000 -0.999000 -0.045207
9.470000 -0.998955 -0.046206
9.471000 -0.998909 -0.047205
9.472000 -0.998861 -0.048204
9.473000 -0.998813 -0.049203
9.474000 -0.998764 -0.050202
9.475000 -0.998714 -0.051200
9.476000 -0.998663 -0.052199
9.477000 -0.998610 -0.053198
9.478000 -0.998557 -0.054196
9.479000 -0.998503 -0.055195
9.480000 -0.998448 -0.056193
9.481000 -0.998392 -0.057192
9.482000 -0.998335 -0.058190
9.483000 -0.998276 -0.059188
9.484000 -0.998217 -0.060187
9.485000 -0.998157 -0.061185
9.486000 -0.998096 -0.062183
9.487000 -0.998034 -0.063181
9.488000 -0.997970 -0.064179
9.489000 -0.997906 -0.065177
9.490000 -0.997841 -0.066175
9.491000 -0.997775 -0.067173
9.492000 -0.997708 -0.068170
9.493000 -0.997640 -0.069168
9.494000 -0.997570 -0.070166
9.495000 -0.997500 -0.071163
9.496000 -0.997429 -0.072161
9.497000 -0.997357 -0.073158
9.498000 -0.997284 -0.074155
9.499000 -0.997210 -0.075153
9.500000 -0.997134 -0.076150
9.501000 -0.997058 -0.077147
9.502000 -0.996981 -0.078144
9.503000 -0.996903 -0.079141
9.504000 -0.996824 -0.080138
9.505000 -0.996744 -0.081134
9.506000 -0.996663 -0.082131
9.507000 -0.996580 -0.083128
9.508000 -0.996497 -0.084124
9.509000 -0.996413 -0.085121
9.510000 -0.996328 -0.086117
9.511000 -0.996242 -0.087113
9.512000 -0.996155 -0.088110
9.513000 -0.996067 -0.089106
9.514000 -0.995978 -0.090102
9.515000 -0.995888 -0.091098
9.516000 -0.995796 -0.092093
9.517000 -0.995704 -0.093089
9.518000 -0.995611 -0.094085
9.519000 -0.995517 -0.095080
9.520000 -0.995422 -0.096076
9.521000 -0.995326 -0.097071
9.522000 -0.995229 -0.098067
9.523000 -0.995131 -0.099062
9.524000 -0.995032 -0.100057
9.525000 -0.994932 -0.101052
9.526000 -0.994831 -0.102047
9.527000 -0.994729 -0.103041
9.528000 -0.994626 -0.104036
9.529000 -0.994522 -0.105031
9.530000 -0.994417 -0.106025
9.531000 -0.994311 -0.107020
9.532000 -0.994204 -0.108014
9.533000 -0.994096 -0.109008
9.534000 -0.993987 -0.110002
9.535000 -0.993877 -0.110996
9.536000 -0.993766 -0.111990
9.537000 -0.993654 -0.112983
9.538000 -0.993541 -0.113977
9.539000 -0.993427 -0.114971
9.540000 -0.993312 -0.115964
9.541000 -0.993196 -0.116957
9.542000 -0.993079 -0.117950
9.543000 -0.992961 -0.118943
9.544000 -0.992842 -0.119936
9.545000 -0.992722 -0.120929
9.546000 -0.992601 -0.121922
9.547000 -0.992479 -0.122914
9.548000 -0.992356 -0.123907
9.549000 -0.992232 -0.124899
9.550000 -0.992107 -0.125891
9.551000 -0.991981 -0.126883
9.552000 -0.991855 -0.127875
9.553000 -0.991727 -0.128867
9.554000 -0.991598 -0.129859
9.555000 -0.991468 -0.130850
9.556000 -0.991337 -0.131841
9.557000 -0.991205 -0.132833
9.558000 -0.991072 -0.133824
9.559000 -0.990939 -0.134815
9.560000 -0.990804 -0.135806
9.561000 -0.990668 -0.136796
9.562000 -0.990531 -0.137787
9.563000 -0.990393 -0.138778
9.564000 -0.990255 -0.139768
9.565000 -0.990115 -0.140758
9.566000 -0.989974 -0.141748
9.567000 -0.989832 -0.142738
9.568000 -0.989690 -0.143728
9.569000 -0.989546 -0.144717
9.570000 -0.989401 -0.145707
9.571000 -0.989256 -0.146696
9.572000 -0.989109 -0.147685
9.573000 -0.988961 -0.148674
9.574000 -0.988813 -0.149663
9.575000 -0.988663 -0.150652
9.576000 -0.988512 -0.151641
9.577000 -0.988361 -0.152629
9.578000 -0.988208 -0.153617
9.579000 -0.988054 -0.154605
9.580000 -0.987900 -0.155593
9.581000 -0.987744 -0.156581
9.582000 -0.987588 -0.157569
9.583000 -0.987430 -0.158556
9.584000 -0.987271 -0.159544
9.585000 -0.987112 -0.160531
9.586000 -0.986951 -0.161518
9.587000 -0.986790 -0.162505
9.588000 -0.986627 -0.163492
9.589000 -0.986464 -0.164478
9.590000 -0.986299 -0.165465
9.591000 -0.986134 -0.166451
9.592000 -0.985968 -0.167437
9.593000 -0.985800 -0.168423
9.594000 -0.985632 -0.169408
9.595000 -0.985462 -0.170394
9.596000 -0.985292 -0.171379
9.597000 -0.985121 -0.172365
9.598000 -0.984948 -0.173350
9.599000 -0.984775 -0.174334
9.600000 -0.984601 -0.175319
9.601000 -0.984425 -0.176304
9.602000 -0.984249 -0.177288
9.603000 -0.984072 -0.178272
9.604000 -0.983893 -0.179256
9.605000 -0.983714 -0.180240
9.606000 -0.983534 -0.181224
9.607000 -0.983353 -0.182207
9.608000 -0.983170 -0.183190
9.609000 -0.982987 -0.184173
9.610000 -0.982803 -0.185156
9.611000 -0.982618 -0.186139
9.612000 -0.982432 -0.187121
9.613000 -0.982245 -0.188104
9.614000 -0.982057 -0.189086
9.615000 -0.981868 -0.190068
9.616000 -0.981678 -0.191050
9.617000 -0.981486 -0.192031
9.618000 -0.981294 -0.193013
9.619000 -0.981101 -0.193994
9.620000 -0.980907 -0.194975
9.621000 -0.980712 -0.195956
9.622000 -0.980517 -0.196936
9.623000 -0.980320 -0.197917
9.624000 -0.980122 -0.198897
9.625000 -0.979923 -0.199877
9.626000 -0.979723 -0.200857
9.627000 -0.979522 -0.201836
9.628000 -0.979320 -0.202816
9.629000 -0.979117 -0.203795
9.630000 -0.978914 -0.204774
9.631000 -0.978709 -0.205753
9.632000 -0.978503 -0.206731
9.633000 -0.978296 -0.207710
9.634000 -0.978089 -0.208688
9.635000 -0.977880 -0.209666
9.636000 -0.977670 -0.210644
9.637000 -0.977460 -0.211621
9.638000 -0.977248 -0.212599
9.639000 -0.977036 -0.213576
9.640000 -0.976822 -0.214553
9.641000 -0.976608 -0.215530
9.642000 -0.976392 -0.216506
9.643000 -0.976175 -0.217482
9.644000 -0.975958 -0.218458
9.645000 -0.975740 -0.219434
9.646000 -0.975520 -0.220410
9.647000 -0.975300 -0.221385
9.648000 -0.975078 -0.222360
9.649000 -0.974856 -0.223335
9.650000 -0.974633 -0.224310
9.651000 -0.974408 -0.225285
9.652000 -0.974183 -0.226259
9.653000 -0.973957 -0.227233
9.654000 -0.973730 -0.228207
9.655000 -0.973501 -0.229180
9.656000 -0.973272 -0.230154
9.657000 -0.973042 -0.231127
9.658000 -0.972811 -0.232100
9.659000 -0.972579 -0.233073
9.660000 -0.972346 -0.234045
9.661000 -0.972112 -0.235017
9.662000 -0.971877 -0.235989
9.663000 -0.971641 -0.236961
9.664000 -0.971404 -0.237933
9.665000 -0.971166 -0.238904
9.666000 -0.970927 -0.239875
9.667000 -0.970687 -0.240846
9.668000 -0.970446 -0.241816
9.669000 -0.970205 -0.242787
9.670000 -0.969962 -0.243757
9.671000 -0.969718 -0.244727
9.672000 -0.969473 -0.245696
9.673000 -0.969228 -0.246666
9.674000 -0.968981 -0.247635
9.675000 -0.968733 -0.248603
9.676000 -0.968485 -0.249572
9.677000 -0.968235 -0.250540
9.678000 -0.967985 -0.251509
9.679000 -0.967733 -0.252476
9.680000 -0.967481 -0.253444
9.681000 -0.967227 -0.254411
9.682000 -0.966973 -0.255378
9.683000 -0.966718 -0.256345
9.684000 -0.966461 -0.257312
9.685000 -0.966204 -0.258278
9.686000 -0.965946 -0.259244
9.687000 -0.965687 -0.260210
9.688000 -0.965426 -0.261176
9.689000 -0.965165 -0.262141
9.690000 -0.964903 -0.263106
9.691000 -0.964640 -0.264071
9.692000 -0.964376 -0.265035
9.693000 -0.964111 -0.266000
9.694000 -0.963845 -0.266964
9.695000 -0.963578 -0.267927
9.696000 -0.963310 -0.268891
9.697000 -0.963041 -0.269854
9.698000 -0.962771 -0.270817
9.699000 -0.962501 -0.271779
9.700000 -0.962229 -0.272742
9.701000 -0.961956 -0.273704
9.702000 -0.961682 -0.274666
9.703000 -0.961408 -0.275627
9.704000 -0.961132 -0.276589
9.705000 -0.960856 -0.277550
9.706000 -0.960578 -0.278510
9.707000 -0.960300 -0.279471
9.708000 -0.960020 -0.280431
9.709000 -0.959740 -0.281391
9.710000 -0.959458 -0.282350
9.711000 -0.959176 -0.283310
9.712000 -0.958893 -0.284269
9.713000 -0.958608 -0.285227
9.714000 -0.958323 -0.286186
9.715000 -0.958037 -0.287144
9.716000 -0.957750 -0.288102
9.717000 -0.957462 -0.289060
9.718000 -0.957173 -0.290017
9.719000 -0.956883 -0.290974
9.720000 -0.956592 -0.291931
9.721000 -0.956300 -0.292887
9.722000 -0.956007 -0.293843
9.723000 -0.955713 -0.294799
9.724000 -0.955419 -0.295755
9.725000 -0.955123 -0.296710
9.726000 -0.954826 -0.297665
9.727000 -0.954528 -0.298620
9.728000 -0.954230 -0.299574
9.729000 -0.953930 -0.300528
9.730000 -0.953630 -0.301482
9.731000 -0.953328 -0.302435
9.732000 -0.953026 -0.303388
9.733000 -0.952723 -0.304341
9.734000 -0.952418 -0.305294
9.735000 -0.952113 -0.306246
9.736000 -0.951807 -0.307198
9.737000 -0.951500 -0.308150
9.738000 -0.951191 -0.309101
9.739000 -0.950882 -0.310052
9.740000 -0.950572 -0.311003
9.741000 -0.950261 -0.311953
9.742000 -0.949949 -0.312903
9.743000 -0.949637 -0.313853
9.744000 -0.949323 -0.314803
9.745000 -0.949008 -0.315752
9.746000 -0.948692 -0.316701
9.747000 -0.948376 -0.317649
9.748000 -0.948058 -0.318597
9.749000 -0.947739 -0.319545
9.750000 -0.947420 -0.320493
9.751000 -0.947099 -0.321440
9.752000 -0.946778 -0.322387
9.753000 -0.946456 -0.323334
9.754000 -0.946132 -0.324280
9.755000 -0.945808 -0.325226
9.756000 -0.945483 -0.326172
9.757000 -0.945157 -0.327117
9.758000 -0.944830 -0.328062
9.759000 -0.944502 -0.329007
9.760000 -0.944173 -0.329951
9.761000 -0.943843 -0.330895
9.762000 -0.943512 -0.331839
9.763000 -0.943180 -0.332782
9.764000 -0.942847 -0.333725
9.765000 -0.942514 -0.334668
9.766000 -0.942179 -0.335610
9.767000 -0.941843 -0.336552
9.768000 -0.941507 -0.337494
9.769000 -0.941169 -0.338435
9.770000 -0.940831 -0.339376
9.771000 -0.940492 -0.340317
9.772000 -0.940151 -0.341257
9.773000 -0.939810 -0.342197
9.774000 -0.939468 -0.343137
9.775000 -0.939125 -0.344076
9.776000 -0.938781 -0.345015
9.777000 -0.938436 -0.345954
9.778000 -0.938090 -0.346892
9.779000 -0.937743 -0.347830
9.780000 -0.937395 -0.348767
9.781000 -0.937046 -0.349705
9.782000 -0.936697 -0.350641
9.783000 -0.936346 -0.351578
9.784000 -0.935995 -0.352514
9.785000 -0.935642 -0.353450
9.786000 -0.935289 -0.354385
9.787000 -0.934934 -0.355320
9.788000 -0.934579 -0.356255
9.789000 -0.934223 -0.357190
9.790000 -0.933866 -0.358124
9.791000 -0.933508 -0.359057
9.792000 -0.933149 -0.359991
9.793000 -0.932789 -0.360924
9.794000 -0.932428 -0.361856
9.795000 -0.932066 -0.362789
9.796000 -0.931703 -0.363720
9.797000 -0.931340 -0.364652
9.798000 -0.930975 -0.365583
9.799000 -0.930609 -0.366514
9.800000 -0.930243 -0.367444
9.801000 -0.929875 -0.368374
9.802000 -0.929507 -0.369304
9.803000 -0.929138 -0.370233
9.804000 -0.928768 -0.371162
9.805000 -0.928397 -0.372091
9.806000 -0.928024 -0.373019
9.807000 -0.927651 -0.373947
9.808000 -0.927278 -0.374874
9.809000 -0.926903 -0.375802
9.810000 -0.926527 -0.376728
9.811000 -0.926150 -0.377655
9.812000 -0.925773 -0.378581
9.813000 -0.925394 -0.379506
9.814000 -0.925015 -0.380431
9.815000 -0.924634 -0.381356
9.816000 -0.924253 -0.382281
9.817000 -0.923871 -0.383205
9.818000 -0.923488 -0.384128
9.819000 -0.923103 -0.385052
9.820000 -0.922718 -0.385975
9.821000 -0.922332 -0.386897
9.822000 -0.921946 -0.387819
9.823000 -0.921558 -0.388741
9.824000 -0.921169 -0.389662
9.825000 -0.920780 -0.390583
9.826000 -0.920389 -0.391504
9.827000 -0.919998 -0.392424
9.828000 -0.919605 -0.393344
9.829000 -0.919212 -0.394263
9.830000 -0.918818 -0.395182
9.831000 -0.918422 -0.396101
9.832000 -0.918026 -0.397019
9.833000 -0.917629 -0.397937
9.834000 -0.917232 -0.398854
9.835000 -0.916833 -0.399771
9.836000 -0.916433 -0.400688
9.837000 -0.916032 -0.401604
9.838000 -0.915631 -0.402520
9.839000 -0.915228 -0.403436
9.840000 -0.914825 -0.404351
9.841000 -0.914421 -0.405265
9.842000 -0.914015 -0.406179
9.843000 -0.913609 -0.407093
9.844000 -0.913202 -0.408007
9.845000 -0.912794 -0.408920
9.846000 -0.912385 -0.409832
9.847000 -0.911976 -0.410744
9.848000 -0.911565 -0.411656
9.849000 -0.911153 -0.412568
9.850000 -0.910741 -0.413478
9.851000 -0.910327 -0.414389
9.852000 -0.909913 -0.415299
9.853000 -0.909498 -0.416209
9.854000 -0.909082 -0.417118
9.855000 -0.908664 -0.418027
9.856000 -0.908246 -0.418935
9.857000 -0.907828 -0.419844
9.858000 -0.907408 -0.420751
9.859000 -0.906987 -0.421658
9.860000 -0.906565 -0.422565
9.861000 -0.906143 -0.423471
9.862000 -0.905720 -0.424377
9.863000 -0.905295 -0.425283
9.864000 -0.904870 -0.426188
9.865000 -0.904444 -0.427093
9.866000 -0.904017 -0.427997
9.867000 -0.903589 -0.428901
9.868000 -0.903160 -0.429804
9.869000 -0.902730 -0.430707
9.870000 -0.902300 -0.431610
9.871000 -0.901868 -0.432512
9.872000 -0.901436 -0.433413
9.873000 -0.901002 -0.434314
9.874000 -0.900568 -0.435215
9.875000 -0.900133 -0.436116
9.876000 -0.899697 -0.437016
9.877000 -0.899260 -0.437915
9.878000 -0.898822 -0.438814
9.879000 -0.898383 -0.439713
9.880000 -0.897943 -0.440611
9.881000 -0.897503 -0.441509
9.882000 -0.897061 -0.442406
9.883000 -0.896619 -0.443303
9.884000 -0.896176 -0.444199
9.885000 -0.895732 -0.445095
9.886000 -0.895287 -0.445991
9.887000 -0.894841 -0.446886
9.888000 -0.894394 -0.447780
9.889000 -0.893946 -0.448674
9.890000 -0.893498 -0.449568
9.891000 -0.893048 -0.450461
9.892000 -0.892598 -0.451354
9.893000 -0.892146 -0.452247
9.894000 -0.891694 -0.453138
9.895000 -0.891241 -0.454030
9.896000 -0.890787 -0.454921
9.897000 -0.890332 -0.455812
9.898000 -0.889876 -0.456702
9.899000 -0.889420 -0.457591
9.900000 -0.888962 -0.458480
9.901000 -0.888504 -0.459369
9.902000 -0.888044 -0.460257
9.903000 -0.887584 -0.461145
9.904000 -0.887123 -0.462033
9.905000 -0.886661 -0.462920
9.906000 -0.886198 -0.463806
9.907000 -0.885735 -0.464692
9.908000 -0.885270 -0.465577
9.909000 -0.884804 -0.466462
9.910000 -0.884338 -0.467347
9.911000 -0.883871 -0.468231
9.912000 -0.883403 -0.469115
9.913000 -0.882934 -0.469998
9.914000 -0.882464 -0.470881
9.915000 -0.881993 -0.471763
9.916000 -0.881521 -0.472645
9.917000 -0.881048 -0.473526
9.918000 -0.880575 -0.474407
9.919000 -0.880101 -0.475287
9.920000 -0.879625 -0.476167
9.921000 -0.879149 -0.477046
9.922000 -0.878672 -0.477925
9.923000 -0.878194 -0.478804
9.924000 -0.877716 -0.479682
9.925000 -0.877236 -0.480559
9.926000 -0.876756 -0.481436
9.927000 -0.876274 -0.482313
9.928000 -0.875792 -0.483189
9.929000 -0.875309 -0.484064
9.930000 -0.874825 -0.484939
9.931000 -0.874340 -0.485814
9.932000 -0.873854 -0.486688
9.933000 -0.873368 -0.487562
9.934000 -0.872880 -0.488435
9.935000 -0.872392 -0.489307
9.936000 -0.871903 -0.490179
9.937000 -0.871412 -0.491051
9.938000 -0.870921 -0.491922
9.939000 -0.870430 -0.492793
9.940000 -0.869937 -0.493663
9.941000 -0.869443 -0.494533
9.942000 -0.868949 -0.495402
9.943000 -0.868453 -0.496271
9.944000 -0.867957 -0.497139
9.945000 -0.867460 -0.498007
9.946000 -0.866962 -0.498874
9.947000 -0.866463 -0.499741
9.948000 -0.865964 -0.500607
9.949000 -0.865463 -0.501472
9.950000 -0.864962 -0.502338
9.951000 -0.864460 -0.503202
9.952000 -0.863956 -0.504067
9.953000 -0.863452 -0.504930
9.954000 -0.862948 -0.505794
9.955000 -0.862442 -0.506656
9.956000 -0.861935 -0.507518
9.957000 -0.861428 -0.508380
9.958000 -0.860919 -0.509241
9.959000 -0.860410 -0.510102
9.960000 -0.859900 -0.510962
9.961000 -0.859389 -0.511822
9.962000 -0.858878 -0.512681
9.963000 -0.858365 -0.513539
9.964000 -0.857852 -0.514398
9.965000 -0.857337 -0.515255
9.966000 -0.856822 -0.516112
9.967000 -0.856306 -0.516969
9.968000 -0.855789 -0.517825
9.969000 -0.855271 -0.518680
9.970000 -0.854753 -0.519535
9.971000 -0.854233 -0.520390
9.972000 -0.853713 -0.521244
9.973000 -0.853192 -0.522097
9.974000 -0.852670 -0.522950
9.975000 -0.852147 -0.523803
9.976000 -0.851623 -0.524655
9.977000 -0.851099 -0.525506
9.978000 -0.850573 -0.526357
9.979000 -0.850047 -0.527207
9.980000 -0.849520 -0.528057
9.981000 -0.848992 -0.528906
9.982000 -0.848463 -0.529755
9.983000 -0.847933 -0.530603
9.984000 -0.847403 -0.531451
9.985000 -0.846871 -0.532298
9.986000 -0.846339 -0.533144
9.987000 -0.845806 -0.533991
9.988000 -0.845272 -0.534836
9.989000 -0.844737 -0.535681
9.990000 -0.844202 -0.536526
9.991000 -0.843665 -0.537369
9.992000 -0.843128 -0.538213
9.993000 -0.842590 -0.539056
9.994000 -0.842051 -0.539898
9.995000 -0.841511 -0.540740
9.996000 -0.840970 -0.541581
9.997000 -0.840429 -0.542422
9.998000 -0.839887 -0.543262
9.999000 -0.839343 -0.544102
10.000000 -0.838799 -0.544941
10.001000 -0.838255 -0.545779
10.002000 -0.837709 -0.546617
10.003000 -0.837162 -0.547455
10.004000 -0.836615 -0.548291
10.005000 -0.836067 -0.549128
10.006000 -0.835518 -0.549964
10.007000 -0.834968 -0.550799
10.008000 -0.834417 -0.551634
10.009000 -0.833865 -0.552468
10.010000 -0.833313 -0.553301
10.011000 -0.832760 -0.554134
10.012000 -0.832206 -0.554967
10.013000 -0.831651 -0.555799
10.014000 -0.831095 -0.556630
10.015000 -0.830539 -0.557461
10.016000 -0.829981 -0.558291
10.017000 -0.829423 -0.559121
10.018000 -0.828864 -0.559950
10.019000 -0.828304 -0.560779
10.020000 -0.827744 -0.561607
10.021000 -0.827182 -0.562434
10.022000 -0.826620 -0.563261
10.023000 -0.826056 -0.564087
10.024000 -0.825492 -0.564913
10.025000 -0.824928 -0.565738
10.026000 -0.824362 -0.566563
10.027000 -0.823796 -0.567387
10.028000 -0.823228 -0.568211
10.029000 -0.822660 -0.569033
10.030000 -0.822091 -0.569856
10.031000 -0.821521 -0.570678
10.032000 -0.820951 -0.571499
10.033000 -0.820379 -0.572320
10.034000 -0.819807 -0.573140
10.035000 -0.819234 -0.573959
10.036000 -0.818660 -0.574778
10.037000 -0.818086 -0.575596
10.038000 -0.817510 -0.576414
10.039000 -0.816934 -0.577231
10.040000 -0.816357 -0.578048
10.041000 -0.815779 -0.578864
10.042000 -0.815200 -0.579680
10.043000 -0.814620 -0.580495
10.044000 -0.814040 -0.581309
10.045000 -0.813459 -0.582123
10.046000 -0.812877 -0.582936
10.047000 -0.812294 -0.583748
10.048000 -0.811710 -0.584560
10.049000 -0.811126 -0.585372
10.050000 -0.810540 -0.586183
10.051000 -0.809954 -0.586993
10.052000 -0.809367 -0.587803
10.053000 -0.808780 -0.588612
10.054000 -0.808191 -0.589420
10.055000 -0.807602 -0.590228
10.056000 -0.807012 -0.591035
10.057000 -0.806421 -0.591842
10.058000 -0.805829 -0.592648
10.059000 -0.805236 -0.593454
10.060000 -0.804643 -0.594259
10.061000 -0.804049 -0.595063
10.062000 -0.803454 -0.595867
10.063000 -0.802858 -0.596670
10.064000 -0.802262 -0.597472
10.065000 -0.801664 -0.598274
10.066000 -0.801066 -0.599076
10.067000 -0.800467 -0.599877
10.068000 -0.799867 -0.600677
10.069000 -0.799267 -0.601476
10.070000 -0.798665 -0.602275
10.071000 -0.798063 -0.603074
10.072000 -0.797460 -0.603871
10.073000 -0.796857 -0.604669
10.074000 -0.796252 -0.605465
10.075000 -0.795647 -0.606261
10.076000 -0.795040 -0.607056
10.077000 -0.794433 -0.607851
10.078000 -0.793826 -0.608645
10.079000 -0.793217 -0.609439
10.080000 -0.792608 -0.610232
10.081000 -0.791998 -0.611024
10.082000 -0.791387 -0.611816
10.083000 -0.790775 -0.612607
10.084000 -0.790163 -0.613397
10.085000 -0.789549 -0.614187
10.086000 -0.788935 -0.614976
10.087000 -0.788320 -0.615765
10.088000 -0.787705 -0.616553
10.089000 -0.787088 -0.617340
10.090000 -0.786471 -0.618127
10.091000 -0.785853 -0.618913
10.092000 -0.785234 -0.619699
10.093000 -0.784615 -0.620484
10.094000 -0.783994 -0.621268
10.095000 -0.783373 -0.622052
10.096000 -0.782751 -0.622835
10.097000 -0.782128 -0.623617
10.098000 -0.781505 -0.624399
10.099000 -0.780881 -0.625180
10.100000 -0.780255 -0.625961
10.101000 -0.779630 -0.626741
10.102000 -0.779003 -0.627520
10.103000 -0.778376 -0.628299
10.104000 -0.777747 -0.629077
10.105000 -0.777118 -0.629854
10.106000 -0.776489 -0.630631
10.107000 -0.775858 -0.631407
10.108000 -0.775227 -0.632183
10.109000 -0.774595 -0.632958
10.110000 -0.773962 -0.633732
10.111000 -0.773328 -0.634506
10.112000 -0.772694 -0.635279
10.113000 -0.772059 -0.636051
10.114000 -0.771423 -0.636823
10.115000 -0.770786 -0.637594
10.116000 -0.770149 -0.638364
10.117000 -0.769510 -0.639134
10.118000 -0.768871 -0.639903
10.119000 -0.768232 -0.640672
10.120000 -0.767591 -0.641440
10.121000 -0.766950 -0.642207
10.122000 -0.766308 -0.642974
10.123000 -0.765665 -0.643740
10.124000 -0.765021 -0.644505
10.125000 -0.764377 -0.645270
10.126000 -0.763732 -0.646034
10.127000 -0.763086 -0.646797
10.128000 -0.762439 -0.647560
10.129000 -0.761792 -0.648322
10.130000 -0.761143 -0.649084
10.131000 -0.760494 -0.649844
10.132000 -0.759845 -0.650605
10.133000 -0.759194 -0.651364
10.134000 -0.758543 -0.652123
10.135000 -0.757891 -0.652881
10.136000 -0.757238 -0.653639
10.137000 -0.756585 -0.654396
10.138000 -0.755930 -0.655152
10.139000 -0.755275 -0.655908
10.140000 -0.754620 -0.656662
10.141000 -0.753963 -0.657417
10.142000 -0.753306 -0.658170
10.143000 -0.752648 -0.658923
10.144000 -0.751989 -0.659676
10.145000 -0.751329 -0.660427
10.146000 -0.750669 -0.661178
10.147000 -0.750008 -0.661929
10.148000 -0.749346 -0.662678
10.149000 -0.748684 -0.663427
10.150000 -0.748020 -0.664176
10.151000 -0.747356 -0.664923
10.152000 -0.746692 -0.665670
10.153000 -0.746026 -0.666417
10.154000 -0.745360 -0.667163
10.155000 -0.744693 -0.667908
10.156000 -0.744025 -0.668652
10.157000 -0.743356 -0.669396
10.158000 -0.742687 -0.670139
10.159000 -0.742017 -0.670881
10.160000 -0.741346 -0.671623
10.161000 -0.740675 -0.672364
10.162000 -0.740003 -0.673104
10.163000 -0.739330 -0.673844
10.164000 -0.738656 -0.674583
10.165000 -0.737981 -0.675321
10.166000 -0.737306 -0.676059
10.167000 -0.736630 -0.676796
10.168000 -0.735954 -0.677532
10.169000 -0.735276 -0.678267
10.170000 -0.734598 -0.679002
10.171000 -0.733919 -0.679737
10.172000 -0.733240 -0.680470
10.173000 -0.732559 -0.681203
10.174000 -0.731878 -0.681935
10.175000 -0.731196 -0.682667
10.176000 -0.730514 -0.683398
10.177000 -0.729831 -0.684128
10.178000 -0.729147 -0.684857
10.179000 -0.728462 -0.685586
10.180000 -0.727776 -0.686314
10.181000 -0.727090 -0.687042
10.182000 -0.726403 -0.687769
10.183000 -0.725716 -0.688495
10.184000 -0.725027 -0.689220
10.185000 -0.724338 -0.689945
10.186000 -0.723649 -0.690669
10.187000 -0.722958 -0.691392
10.188000 -0.722267 -0.692115
10.189000 -0.721575 -0.692836
10.190000 -0.720882 -0.693558
10.191000 -0.720189 -0.694278
10.192000 -0.719495 -0.694998
10.193000 -0.718800 -0.695717
10.194000 -0.718104 -0.696436
10.195000 -0.717408 -0.697153
10.196000 -0.716711 -0.697871
10.197000 -0.716013 -0.698587
10.198000 -0.715315 -0.699303
10.199000 -0.714615 -0.700017
10.200000 -0.713916 -0.700732
10.201000 -0.713215 -0.701445
10.202000 -0.712514 -0.702158
10.203000 -0.711812 -0.702870
10.204000 -0.711109 -0.703582
10.205000 -0.710406 -0.704293
10.206000 -0.709701 -0.705003
10.207000 -0.708996 -0.705712
10.208000 -0.708291 -0.706421
10.209000 -0.707585 -0.707129
10.210000 -0.706878 -0.707836
10.211000 -0.706170 -0.708542
10.212000 -0.705462 -0.709248
10.213000 -0.704752 -0.709953
10.214000 -0.704043 -0.710658
10.215000 -0.703332 -0.711361
10.216000 -0.702621 -0.712064
10.217000 -0.701909 -0.712767
10.218000 -0.701196 -0.713468
10.219000 -0.700483 -0.714169
10.220000 -0.699769 -0.714869
10.221000 -0.699054 -0.715568
10.222000 -0.698339 -0.716267
10.223000 -0.697623 -0.716965
10.224000 -0.696906 -0.717662
10.225000 -0.696189 -0.718359
10.226000 -0.695470 -0.719055
10.227000 -0.694751 -0.719750
10.228000 -0.694032 -0.720444
10.229000 -0.693312 -0.721138
10.230000 -0.692591 -0.721831
10.231000 -0.691869 -0.722523
10.232000 -0.691146 -0.723215
10.233000 -0.690423 -0.723905
10.234000 -0.689700 -0.724596
10.235000 -0.688975 -0.725285
10.236000 -0.688250 -0.725973
10.237000 -0.687524 -0.726661
10.238000 -0.686798 -0.727349
10.239000 -0.686071 -0.728035
10.240000 -0.685343 -0.728721
10.241000 -0.684614 -0.729406
10.242000 -0.683885 -0.730090
10.243000 -0.683155 -0.730773
10.244000 -0.682424 -0.731456
10.245000 -0.681693 -0.732138
10.246000 -0.680961 -0.732820
10.247000 -0.680228 -0.733500
10.248000 -0.679495 -0.734180
10.249000 -0.678761 -0.734859
10.250000 -0.678026 -0.735538
10.251000 -0.677291 -0.736215
10.252000 -0.676555 -0.736892
10.253000 -0.675818 -0.737568
10.254000 -0.675081 -0.738244
10.255000 -0.674343 -0.738918
10.256000 -0.673604 -0.739592
10.257000 -0.672865 -0.740266
10.258000 -0.672124 -0.740938
10.259000 -0.671384 -0.741610
10.260000 -0.670642 -0.742281
10.261000 -0.669900 -0.742951
10.262000 -0.669157 -0.743621
10.263000 -0.668414 -0.744290
10.264000 -0.667670 -0.744958
10.265000 -0.666925 -0.745625
10.266000 -0.666179 -0.746291
10.267000 -0.665433 -0.746957
10.268000 -0.664687 -0.747622
10.269000 -0.663939 -0.748287
10.270000 -0.663191 -0.748950
10.271000 -0.662442 -0.749613
10.272000 -0.661693 -0.750275
10.273000 -0.660943 -0.750936
10.274000 -0.660192 -0.751597
10.275000 -0.659440 -0.752257
10.276000 -0.658688 -0.752916
10.277000 -0.657936 -0.753574
10.278000 -0.657182 -0.754232
10.279000 -0.656428 -0.754889
10.280000 -0.655673 -0.755545
10.281000 -0.654918 -0.756200
10.282000 -0.654162 -0.756854
10.283000 -0.653405 -0.757508
10.284000 -0.652648 -0.758161
10.285000 -0.651890 -0.758813
10.286000 -0.651131 -0.759465
10.287000 -0.650372 -0.760116
10.288000 -0.649612 -0.760766
10.289000 -0.648852 -0.761415
10.290000 -0.648090 -0.762063
10.291000 -0.647328 -0.762711
10.292000 -0.646566 -0.763358
10.293000 -0.645803 -0.764004
10.294000 -0.645039 -0.764650
10.295000 -0.644274 -0.765294
10.296000 -0.643509 -0.765938
10.297000 -0.642744 -0.766581
10.298000 -0.641977 -0.767224
10.299000 -0.641210 -0.767865
10.300000 -0.640442 -0.768506
10.301000 -0.639674 -0.769146
10.302000 -0.638905 -0.769786
10.303000 -0.638136 -0.770424
10.304000 -0.637365 -0.771062
10.305000 -0.636594 -0.771699
10.306000 -0.635823 -0.772335
10.307000 -0.635051 -0.772970
10.308000 -0.634278 -0.773605
10.309000 -0.633505 -0.774239
10.310000 -0.632730 -0.774872
10.311000 -0.631956 -0.775504
10.312000 -0.631180 -0.776136
10.313000 -0.630405 -0.776767
10.314000 -0.629628 -0.777397
10.315000 -0.628851 -0.778026
10.316000 -0.628073 -0.778654
10.317000 -0.627294 -0.779282
10.318000 -0.626515 -0.779909
10.319000 -0.625736 -0.780535
10.320000 -0.624955 -0.781161
10.321000 -0.624174 -0.781785
10.322000 -0.623393 -0.782409
10.323000 -0.622610 -0.783032
10.324000 -0.621828 -0.783654
10.325000 -0.621044 -0.784276
10.326000 -0.620260 -0.784896
10.327000 -0.619475 -0.785516
10.328000 -0.618690 -0.786135
10.329000 -0.617904 -0.786753
10.330000 -0.617118 -0.787371
10.331000 -0.616330 -0.787988
10.332000 -0.615543 -0.788604
10.333000 -0.614754 -0.789219
10.334000 -0.613965 -0.789833
10.335000 -0.613175 -0.790447
10.336000 -0.612385 -0.791059
10.337000 -0.611594 -0.791671
10.338000 -0.610803 -0.792283
10.339000 -0.610011 -0.792893
10.340000 -0.609218 -0.793503
10.341000 -0.608425 -0.794112
10.342000 -0.607631 -0.794720
10.343000 -0.606836 -0.795327
10.344000 -0.606041 -0.795933
10.345000 -0.605245 -0.796539
10.346000 -0.604449 -0.797144
10.347000 -0.603652 -0.797748
10.348000 -0.602855 -0.798351
10.349000 -0.602056 -0.798953
10.350000 -0.601258 -0.799555
10.351000 -0.600458 -0.800156
10.352000 -0.599658 -0.800756
10.353000 -0.598858 -0.801355
10.354000 -0.598057 -0.801954
10.355000 -0.597255 -0.802551
10.356000 -0.596453 -0.803148
10.357000 -0.595650 -0.803744
10.358000 -0.594846 -0.804340
10.359000 -0.594042 -0.804934
10.360000 -0.593237 -0.805528
10.361000 -0.592432 -0.806120
10.362000 -0.591626 -0.806713
10.363000 -0.590820 -0.807304
10.364000 -0.590012 -0.807894
10.365000 -0.589205 -0.808484
10.366000 -0.588396 -0.809073
10.367000 -0.587588 -0.809661
10.368000 -0.586778 -0.810248
10.369000 -0.585968 -0.810834
10.370000 -0.585157 -0.811420
10.371000 -0.584346 -0.812004
10.372000 -0.583534 -0.812588
10.373000 -0.582722 -0.813172
10.374000 -0.581909 -0.813754
10.375000 -0.581096 -0.814335
10.376000 -0.580281 -0.814916
10.377000 -0.579467 -0.815496
10.378000 -0.578651 -0.816075
10.379000 -0.577836 -0.816653
10.380000 -0.577019 -0.817231
10.381000 -0.576202 -0.817807
10.382000 -0.575385 -0.818383
10.383000 -0.574566 -0.818958
10.384000 -0.573748 -0.819532
10.385000 -0.572928 -0.820105
10.386000 -0.572108 -0.820678
10.387000 -0.571288 -0.821250
10.388000 -0.570467 -0.821821
10.389000 -0.569645 -0.822391
10.390000 -0.568823 -0.822960
10.391000 -0.568000 -0.823528
10.392000 -0.567177 -0.824096
10.393000 -0.566353 -0.824663
10.394000 -0.565529 -0.825229
10.395000 -0.564704 -0.825794
10.396000 -0.563878 -0.826358
10.397000 -0.563052 -0.826921
10.398000 -0.562225 -0.827484
10.399000 -0.561398 -0.828046
10.400000 -0.560570 -0.828607
10.401000 -0.559742 -0.829167
10.402000 -0.558913 -0.829726
10.403000 -0.558083 -0.830285
10.404000 -0.557253 -0.830843
10.405000 -0.556423 -0.831399
10.406000 -0.555592 -0.831955
10.407000 -0.554760 -0.832511
10.408000 -0.553927 -0.833065
10.409000 -0.553095 -0.833618
10.410000 -0.552261 -0.834171
10.411000 -0.551427 -0.834723
10.412000 -0.550593 -0.835274
10.413000 -0.549758 -0.835824
10.414000 -0.548922 -0.836373
10.415000 -0.548086 -0.836922
10.416000 -0.547249 -0.837470
10.417000 -0.546412 -0.838016
10.418000 -0.545574 -0.838562
10.419000 -0.544736 -0.839108
10.420000 -0.543897 -0.839652
10.421000 -0.543058 -0.840195
10.422000 -0.542218 -0.840738
10.423000 -0.541377 -0.841280
10.424000 -0.540536 -0.841821
10.425000 -0.539695 -0.842361
10.426000 -0.538852 -0.842900
10.427000 -0.538010 -0.843439
10.428000 -0.537167 -0.843976
10.429000 -0.536323 -0.844513
10.430000 -0.535478 -0.845049
10.431000 -0.534634 -0.845584
10.432000 -0.533788 -0.846118
10.433000 -0.532942 -0.846651
10.434000 -0.532096 -0.847184
10.435000 -0.531249 -0.847716
10.436000 -0.530402 -0.848247
10.437000 -0.529554 -0.848776
10.438000 -0.528705 -0.849306
10.439000 -0.527856 -0.849834
10.440000 -0.527006 -0.850361
10.441000 -0.526156 -0.850888
10.442000 -0.525306 -0.851414
10.443000 -0.524454 -0.851939
10.444000 -0.523603 -0.852463
10.445000 -0.522750 -0.852986
10.446000 -0.521898 -0.853508
10.447000 -0.521044 -0.854030
10.448000 -0.520191 -0.854550
10.449000 -0.519336 -0.855070
10.450000 -0.518482 -0.855589
10.451000 -0.517626 -0.856107
10.452000 -0.516770 -0.856624
10.453000 -0.515914 -0.857140
10.454000 -0.515057 -0.857656
10.455000 -0.514200 -0.858171
10.456000 -0.513342 -0.858684
10.457000 -0.512483 -0.859197
10.458000 -0.511624 -0.859709
10.459000 -0.510765 -0.860220
10.460000 -0.509905 -0.860731
10.461000 -0.509044 -0.861240
10.462000 -0.508183 -0.861749
10.463000 -0.507322 -0.862257
10.464000 -0.506460 -0.862764
10.465000 -0.505597 -0.863270
10.466000 -0.504734 -0.863775
10.467000 -0.503871 -0.864279
10.468000 -0.503007 -0.864782
10.469000 -0.502142 -0.865285
10.470000 -0.501277 -0.865787
10.471000 -0.500412 -0.866288
10.472000 -0.499546 -0.866788
10.473000 -0.498679 -0.867287
10.474000 -0.497812 -0.867785
10.475000 -0.496945 -0.868282
10.476000 -0.496077 -0.868779
10.477000 -0.495208 -0.869274
10.478000 -0.494339 -0.869769
10.479000 -0.493469 -0.870263
10.480000 -0.492599 -0.870756
10.481000 -0.491729 -0.871248
10.482000 -0.490858 -0.871740
10.483000 -0.489986 -0.872230
10.484000 -0.489114 -0.872720
10.485000 -0.488242 -0.873208
10.486000 -0.487369 -0.873696
10.487000 -0.486496 -0.874183
10.488000 -0.485622 -0.874669
10.489000 -0.484747 -0.875154
10.490000 -0.483872 -0.875639
10.491000 -0.482997 -0.876122
10.492000 -0.482121 -0.876605
10.493000 -0.481245 -0.877086
10.494000 -0.480368 -0.877567
10.495000 -0.479491 -0.878047
10.496000 -0.478613 -0.878526
10.497000 -0.477735 -0.879004
10.498000 -0.476856 -0.879482
10.499000 -0.475977 -0.879958
10.500000 -0.475097 -0.880433
10.501000 -0.474217 -0.880908
10.502000 -0.473336 -0.881382
10.503000 -0.472455 -0.881855
10.504000 -0.471573 -0.882327
10.505000 -0.470691 -0.882798
10.506000 -0.469809 -0.883268
10.507000 -0.468926 -0.883738
10.508000 -0.468042 -0.884206
10.509000 -0.467158 -0.884674
10.510000 -0.466274 -0.885140
10.511000 -0.465389 -0.885606
10.512000 -0.464504 -0.886071
10.513000 -0.463618 -0.886535
10.514000 -0.462732 -0.886998
10.515000 -0.461845 -0.887461
10.516000 -0.460958 -0.887922
10.517000 -0.460070 -0.888383
10.518000 -0.459182 -0.888842
10.519000 -0.458293 -0.889301
10.520000 -0.457404 -0.889759
10.521000 -0.456515 -0.890216
10.522000 -0.455625 -0.890672
10.523000 -0.454735 -0.891127
10.524000 -0.453844 -0.891581
10.525000 -0.452952 -0.892035
10.526000 -0.452061 -0.892487
10.527000 -0.451168 -0.892939
10.528000 -0.450276 -0.893390
10.529000 -0.449383 -0.893839
10.530000 -0.448489 -0.894288
10.531000 -0.447595 -0.894736
10.532000 -0.446701 -0.895183
10.533000 -0.445806 -0.895630
10.534000 -0.444910 -0.896075
10.535000 -0.444015 -0.896520
10.536000 -0.443118 -0.896963
10.537000 -0.442222 -0.897406
10.538000 -0.441325 -0.897848
10.539000 -0.440427 -0.898288
10.540000 -0.439529 -0.898728
10.541000 -0.438631 -0.899167
10.542000 -0.437732 -0.899606
10.543000 -0.436832 -0.900043
10.544000 -0.435933 -0.900479
10.545000 -0.435032 -0.900915
10.546000 -0.434132 -0.901349
10.547000 -0.433231 -0.901783
10.548000 -0.432329 -0.902216
10.549000 -0.431427 -0.902648
10.550000 -0.430525 -0.903079
10.551000 -0.429622 -0.903509
10.552000 -0.428719 -0.903938
10.553000 -0.427815 -0.904366
10.554000 -0.426911 -0.904794
10.555000 -0.426007 -0.905220
10.556000 -0.425102 -0.905646
10.557000 -0.424196 -0.906070
10.558000 -0.423291 -0.906494
10.559000 -0.422384 -0.906917
10.560000 -0.421478 -0.907339
10.561000 -0.420571 -0.907760
10.562000 -0.419663 -0.908180
10.563000 -0.418755 -0.908599
10.564000 -0.417847 -0.909017
10.565000 -0.416938 -0.909435
10.566000 -0.416029 -0.909851
10.567000 -0.415120 -0.910267
10.568000 -0.414210 -0.910682
10.569000 -0.413299 -0.911095
10.570000 -0.412388 -0.911508
10.571000 -0.411477 -0.911920
10.572000 -0.410566 -0.912331
10.573000 -0.409654 -0.912741
10.574000 -0.408741 -0.913150
10.575000 -0.407828 -0.913559
10.576000 -0.406915 -0.913966
10.577000 -0.406001 -0.914373
10.578000 -0.405087 -0.914778
10.579000 -0.404173 -0.915183
10.580000 -0.403258 -0.915586
10.581000 -0.402343 -0.915989
10.582000 -0.401427 -0.916391
10.583000 -0.400511 -0.916792
10.584000 -0.399594 -0.917192
10.585000 -0.398677 -0.917591
10.586000 -0.397760 -0.917989
10.587000 -0.396842 -0.918387
10.588000 -0.395924 -0.918783
10.589000 -0.395006 -0.919179
10.590000 -0.394087 -0.919573
10.591000 -0.393168 -0.919967
10.592000 -0.392248 -0.920359
10.593000 -0.391328 -0.920751
10.594000 -0.390408 -0.921142
10.595000 -0.389487 -0.921532
10.596000 -0.388565 -0.921921
10.597000 -0.387644 -0.922309
10.598000 -0.386722 -0.922696
10.599000 -0.385799 -0.923083
10.600000 -0.384877 -0.923468
10.601000 -0.383954 -0.923852
10.602000 -0.383030 -0.924236
10.603000 -0.382106 -0.924618
10.604000 -0.381182 -0.925000
10.605000 -0.380257 -0.925381
10.606000 -0.379332 -0.925761
10.607000 -0.378407 -0.926140
10.608000 -0.377481 -0.926517
10.609000 -0.376555 -0.926894
10.610000 -0.375628 -0.927271
10.611000 -0.374701 -0.927646
10.612000 -0.373774 -0.928020
10.613000 -0.372846 -0.928393
10.614000 -0.371918 -0.928766
10.615000 -0.370989 -0.929137
10.616000 -0.370061 -0.929508
10.617000 -0.369131 -0.929877
10.618000 -0.368202 -0.930246
10.619000 -0.367272 -0.930614
10.620000 -0.366342 -0.930980
10.621000 -0.365411 -0.931346
10.622000 -0.364480 -0.931711
10.623000 -0.363548 -0.932075
10.624000 -0.362617 -0.932438
10.625000 -0.361685 -0.932801
10.626000 -0.360752 -0.933162
10.627000 -0.359819 -0.933522
10.628000 -0.358886 -0.933881
10.629000 -0.357953 -0.934240
10.630000 -0.357019 -0.934597
10.631000 -0.356084 -0.934954
10.632000 -0.355150 -0.935309
10.633000 -0.354215 -0.935664
10.634000 -0.353279 -0.936018
10.635000 -0.352344 -0.936371
10.636000 -0.351408 -0.936723
10.637000 -0.350471 -0.937074
10.638000 -0.349534 -0.937424
10.639000 -0.348597 -0.937773
10.640000 -0.347660 -0.938121
10.641000 -0.346722 -0.938468
10.642000 -0.345784 -0.938814
10.643000 -0.344846 -0.939159
10.644000 -0.343907 -0.939504
10.645000 -0.342968 -0.939847
10.646000 -0.342028 -0.940190
10.647000 -0.341088 -0.940531
10.648000 -0.340148 -0.940872
10.649000 -0.339207 -0.941212
10.650000 -0.338267 -0.941550
10.651000 -0.337325 -0.941888
10.652000 -0.336384 -0.942225
10.653000 -0.335442 -0.942561
10.654000 -0.334500 -0.942896
10.655000 -0.333557 -0.943230
10.656000 -0.332614 -0.943563
10.657000 -0.331671 -0.943895
10.658000 -0.330727 -0.944226
10.659000 -0.329783 -0.944557
10.660000 -0.328839 -0.944886
10.661000 -0.327895 -0.945214
10.662000 -0.326950 -0.945542
10.663000 -0.326005 -0.945868
10.664000 -0.325059 -0.946194
10.665000 -0.324113 -0.946518
10.666000 -0.323167 -0.946842
10.667000 -0.322221 -0.947165
10.668000 -0.321274 -0.947486
10.669000 -0.320327 -0.947807
10.670000 -0.319379 -0.948127
10.671000 -0.318431 -0.948446
10.672000 -0.317483 -0.948764
10.673000 -0.316535 -0.949081
10.674000 -0.315586 -0.949397
10.675000 -0.314637 -0.949712
10.676000 -0.313688 -0.950026
10.677000 -0.312738 -0.950339
10.678000 -0.311788 -0.950652
10.679000 -0.310838 -0.950963
10.680000 -0.309887 -0.951273
10.681000 -0.308936 -0.951583
10.682000 -0.307985 -0.951891
10.683000 -0.307033 -0.952199
10.684000 -0.306081 -0.952505
10.685000 -0.305129 -0.952811
10.686000 -0.304177 -0.953116
10.687000 -0.303224 -0.953419
10.688000 -0.302271 -0.953722
10.689000 -0.301318 -0.954024
10.690000 -0.300364 -0.954325
10.691000 -0.299410 -0.954625
10.692000 -0.298456 -0.954924
10.693000 -0.297501 -0.955221
10.694000 -0.296546 -0.955519
10.695000 -0.295591 -0.955815
10.696000 -0.294636 -0.956110
10.697000 -0.293680 -0.956404
10.698000 -0.292724 -0.956697
10.699000 -0.291767 -0.956989
10.700000 -0.290811 -0.957281
10.701000 -0.289854 -0.957571
10.702000 -0.288897 -0.957860
10.703000 -0.287939 -0.958149
10.704000 -0.286981 -0.958436
10.705000 -0.286023 -0.958723
10.706000 -0.285065 -0.959008
10.707000 -0.284106 -0.959293
10.708000 -0.283147 -0.959576
10.709000 -0.282188 -0.959859
10.710000 -0.281229 -0.960141
10.711000 -0.280269 -0.960422
10.712000 -0.279309 -0.960701
10.713000 -0.278348 -0.960980
10.714000 -0.277388 -0.961258
10.715000 -0.276427 -0.961535
10.716000 -0.275466 -0.961811
10.717000 -0.274504 -0.962086
10.718000 -0.273543 -0.962360
10.719000 -0.272581 -0.962633
10.720000 -0.271618 -0.962905
10.721000 -0.270656 -0.963176
10.722000 -0.269693 -0.963446
10.723000 -0.268730 -0.963716
10.724000 -0.267767 -0.963984
10.725000 -0.266803 -0.964251
10.726000 -0.265839 -0.964517
10.727000 -0.264875 -0.964783
10.728000 -0.263911 -0.965047
10.729000 -0.262946 -0.965311
10.730000 -0.261981 -0.965573
10.731000 -0.261016 -0.965835
10.732000 -0.260050 -0.966095
10.733000 -0.259084 -0.966355
10.734000 -0.258119 -0.966613
10.735000 -0.257152 -0.966871
10.736000 -0.256186 -0.967128
10.737000 -0.255219 -0.967383
10.738000 -0.254252 -0.967638
10.739000 -0.253285 -0.967892
10.740000 -0.252317 -0.968145
10.741000 -0.251349 -0.968396
10.742000 -0.250381 -0.968647
10.743000 -0.249413 -0.968897
10.744000 -0.248445 -0.969146
10.745000 -0.247476 -0.969394
10.746000 -0.246507 -0.969641
10.747000 -0.245538 -0.969887
10.748000 -0.244568 -0.970132
10.749000 -0.243598 -0.970376
10.750000 -0.242628 -0.970619
10.751000 -0.241658 -0.970861
10.752000 -0.240688 -0.971103
10.753000 -0.239717 -0.971343
10.754000 -0.238746 -0.971582
10.755000 -0.237775 -0.971820
10.756000 -0.236803 -0.972058
10.757000 -0.235832 -0.972294
10.758000 -0.234860 -0.972529
10.759000 -0.233888 -0.972764
10.760000 -0.232915 -0.972997
10.761000 -0.231943 -0.973230
10.762000 -0.230970 -0.973461
10.763000 -0.229997 -0.973691
10.764000 -0.229023 -0.973921
10.765000 -0.228050 -0.974149
10.766000 -0.227076 -0.974377
10.767000 -0.226102 -0.974604
10.768000 -0.225128 -0.974829
10.769000 -0.224153 -0.975054
10.770000 -0.223179 -0.975278
10.771000 -0.222204 -0.975500
10.772000 -0.221229 -0.975722
10.773000 -0.220253 -0.975943
10.774000 -0.219278 -0.976162
10.775000 -0.218302 -0.976381
10.776000 -0.217326 -0.976599
10.777000 -0.216350 -0.976816
10.778000 -0.215373 -0.977032
10.779000 -0.214397 -0.977247
10.780000 -0.213420 -0.977461
10.781000 -0.212443 -0.977674
10.782000 -0.211466 -0.977885
10.783000 -0.210488 -0.978096
10.784000 -0.209510 -0.978306
10.785000 -0.208532 -0.978515
10.786000 -0.207554 -0.978724
10.787000 -0.206576 -0.978931
10.788000 -0.205597 -0.979137
10.789000 -0.204619 -0.979342
10.790000 -0.203640 -0.979546
10.791000 -0.202661 -0.979749
10.792000 -0.201681 -0.979951
10.793000 -0.200702 -0.980152
10.794000 -0.199722 -0.980353
10.795000 -0.198742 -0.980552
10.796000 -0.197762 -0.980750
10.797000 -0.196782 -0.980947
10.798000 -0.195801 -0.981144
10.799000 -0.194820 -0.981339
10.800000 -0.193839 -0.981533
10.801000 -0.192858 -0.981727
10.802000 -0.191877 -0.981919
10.803000 -0.190895 -0.982110
10.804000 -0.189914 -0.982301
10.805000 -0.188932 -0.982490
10.806000 -0.187950 -0.982679
10.807000 -0.186967 -0.982866
10.808000 -0.185985 -0.983053
10.809000 -0.185002 -0.983238
10.810000 -0.184019 -0.983423
10.811000 -0.183036 -0.983606
10.812000 -0.182053 -0.983789
10.813000 -0.181070 -0.983970
10.814000 -0.180086 -0.984151
10.815000 -0.179103 -0.984330
10.816000 -0.178119 -0.984509
10.817000 -0.177135 -0.984687
10.818000 -0.176150 -0.984863
10.819000 -0.175166 -0.985039
10.820000 -0.174181 -0.985214
10.821000 -0.173196 -0.985387
10.822000 -0.172211 -0.985560
10.823000 -0.171226 -0.985732
10.824000 -0.170241 -0.985902
10.825000 -0.169255 -0.986072
10.826000 -0.168270 -0.986241
10.827000 -0.167284 -0.986409
10.828000 -0.166298 -0.986576
10.829000 -0.165312 -0.986741
10.830000 -0.164326 -0.986906
10.831000 -0.163339 -0.987070
10.832000 -0.162352 -0.987233
10.833000 -0.161366 -0.987395
10.834000 -0.160379 -0.987556
10.835000 -0.159391 -0.987715
10.836000 -0.158404 -0.987874
10.837000 -0.157417 -0.988032
10.838000 -0.156429 -0.988189
10.839000 -0.155441 -0.988345
10.840000 -0.154453 -0.988500
10.841000 -0.153465 -0.988654
10.842000 -0.152477 -0.988807
10.843000 -0.151489 -0.988959
10.844000 -0.150500 -0.989110
10.845000 -0.149512 -0.989260
10.846000 -0.148523 -0.989409
10.847000 -0.147534 -0.989557
10.848000 -0.146545 -0.989704
10.849000 -0.145555 -0.989850
10.850000 -0.144566 -0.989995
10.851000 -0.143576 -0.990139
10.852000 -0.142587 -0.990282
10.853000 -0.141597 -0.990424
10.854000 -0.140607 -0.990566
10.855000 -0.139617 -0.990706
10.856000 -0.138626 -0.990845
10.857000 -0.137636 -0.990983
10.858000 -0.136645 -0.991120
10.859000 -0.135655 -0.991256
10.860000 -0.134664 -0.991391
10.861000 -0.133673 -0.991526
10.862000 -0.132682 -0.991659
10.863000 -0.131691 -0.991791
10.864000 -0.130699 -0.991922
10.865000 -0.129708 -0.992052
10.866000 -0.128716 -0.992182
10.867000 -0.127724 -0.992310
10.868000 -0.126732 -0.992437
10.869000 -0.125740 -0.992563
10.870000 -0.124748 -0.992688
10.871000 -0.123756 -0.992813
10.872000 -0.122764 -0.992936
10.873000 -0.121771 -0.993058
10.874000 -0.120779 -0.993179
10.875000 -0.119786 -0.993300
10.876000 -0.118793 -0.993419
10.877000 -0.117800 -0.993537
10.878000 -0.116807 -0.993655
10.879000 -0.115814 -0.993771
10.880000 -0.114820 -0.993886
10.881000 -0.113827 -0.994001
10.882000 -0.112833 -0.994114
10.883000 -0.111840 -0.994226
10.884000 -0.110846 -0.994338
10.885000 -0.109852 -0.994448
10.886000 -0.108858 -0.994557
10.887000 -0.107864 -0.994666
10.888000 -0.106870 -0.994773
10.889000 -0.105875 -0.994879
10.890000 -0.104881 -0.994985
10.891000 -0.103886 -0.995089
10.892000 -0.102892 -0.995193
10.893000 -0.101897 -0.995295
10.894000 -0.100902 -0.995396
10.895000 -0.099907 -0.995497
10.896000 -0.098912 -0.995596
10.897000 -0.097917 -0.995695
10.898000 -0.096922 -0.995792
10.899000 -0.095926 -0.995888
10.900000 -0.094931 -0.995984
10.901000 -0.093936 -0.996078
10.902000 -0.092940 -0.996172
10.903000 -0.091944 -0.996264
10.904000 -0.090948 -0.996356
10.905000 -0.089952 -0.996446
10.906000 -0.088956 -0.996536
10.907000 -0.087960 -0.996624
10.908000 -0.086964 -0.996711
10.909000 -0.085968 -0.996798
10.910000 -0.084972 -0.996883
10.911000 -0.083975 -0.996968
10.912000 -0.082979 -0.997051
10.913000 -0.081982 -0.997134
10.914000 -0.080985 -0.997215
10.915000 -0.079989 -0.997296
10.916000 -0.078992 -0.997375
10.917000 -0.077995 -0.997454
10.918000 -0.076998 -0.997531
10.919000 -0.076001 -0.997608
10.920000 -0.075004 -0.997683
10.921000 -0.074006 -0.997758
10.922000 -0.073009 -0.997831
10.923000 -0.072012 -0.997904
10.924000 -0.071014 -0.997975
10.925000 -0.070017 -0.998046
10.926000 -0.069019 -0.998115
10.927000 -0.068022 -0.998184
10.928000 -0.067024 -0.998251
10.929000 -0.066026 -0.998318
10.930000 -0.065028 -0.998383
10.931000 -0.064030 -0.998448
10.932000 -0.063032 -0.998512
10.933000 -0.062034 -0.998574
10.934000 -0.061036 -0.998636
10.935000 -0.060038 -0.998696
10.936000 -0.059040 -0.998756
10.937000 -0.058042 -0.998814
10.938000 -0.057043 -0.998872
10.939000 -0.056045 -0.998928
10.940000 -0.055046 -0.998984
10.941000 -0.054048 -0.999038
10.942000 -0.053049 -0.999092
10.943000 -0.052051 -0.999144
10.944000 -0.051052 -0.999196
10.945000 -0.050053 -0.999247
10.946000 -0.049055 -0.999296
10.947000 -0.048056 -0.999345
10.948000 -0.047057 -0.999392
10.949000 -0.046058 -0.999439
10.950000 -0.045059 -0.999484
10.951000 -0.044060 -0.999529
10.952000 -0.043061 -0.999572
10.953000 -0.042062 -0.999615
10.954000 -0.041063 -0.999657
10.955000 -0.040063 -0.999697
10.956000 -0.039064 -0.999737
10.957000 -0.038065 -0.999775
10.958000 -0.037066 -0.999813
10.959000 -0.036066 -0.999849
10.960000 -0.035067 -0.999885
10.961000 -0.034068 -0.999920
10.962000 -0.033068 -0.999953
10.963000 -0.032069 -0.999986
10.964000 -0.031069 -1.000017
10.965000 -0.030070 -1.000048
10.966000 -0.029070 -1.000077
10.967000 -0.028071 -1.000106
10.968000 -0.027071 -1.000134
10.969000 -0.026071 -1.000160
10.970000 -0.025072 -1.000186
10.971000 -0.024072 -1.000210
10.972000 -0.023072 -1.000234
10.973000 -0.022072 -1.000256
10.974000 -0.021073 -1.000278
10.975000 -0.020073 -1.000299
10.976000 -0.019073 -1.000318
10.977000 -0.018073 -1.000337
10.978000 -0.017073 -1.000354
10.979000 -0.016074 -1.000371
10.980000 -0.015074 -1.000386
10.981000 -0.014074 -1.000401
10.982000 -0.013074 -1.000415
10.983000 -0.012074 -1.000427
10.984000 -0.011074 -1.000439
10.985000 -0.010074 -1.000449
10.986000 -0.009074 -1.000459
10.987000 -0.008074 -1.000467
10.988000 -0.007074 -1.000475
10.989000 -0.006074 -1.000482
10.990000 -0.005074 -1.000487
10.991000 -0.004074 -1.000492
10.992000 -0.003074 -1.000495
10.993000 -0.002074 -1.000498
10.994000 -0.001074 -1.000499
10.995000 -0.000074 -1.000500
10.996000 0.000926 -1.000500
10.997000 0.001926 -1.000498
10.998000 0.002926 -1.000496
10.999000 0.003926 -1.000492
11.000000 0.004926 -1.000488
11.001000 0.005926 -1.000482
11.002000 0.006926 -1.000476
11.003000 0.007926 -1.000469
11.004000 0.008926 -1.000460
11.005000 0.009926 -1.000451
11.006000 0.010926 -1.000440
11.007000 0.011926 -1.000429
11.008000 0.012925 -1.000417
11.009000 0.013925 -1.000403
11.010000 0.014925 -1.000389
11.011000 0.015925 -1.000373
11.012000 0.016925 -1.000357
11.013000 0.017925 -1.000339
11.014000 0.018925 -1.000321
11.015000 0.019924 -1.000302
11.016000 0.020924 -1.000281
11.017000 0.021924 -1.000260
11.018000 0.022924 -1.000237
11.019000 0.023924 -1.000214
11.020000 0.024923 -1.000189
11.021000 0.025923 -1.000164
11.022000 0.026923 -1.000138
11.023000 0.027922 -1.000110
11.024000 0.028922 -1.000082
11.025000 0.029921 -1.000052
11.026000 0.030921 -1.000022
11.027000 0.031920 -0.999990
11.028000 0.032920 -0.999958
11.029000 0.033919 -0.999925
11.030000 0.034919 -0.999890
11.031000 0.035918 -0.999855
11.032000 0.036917 -0.999818
11.033000 0.037917 -0.999781
11.034000 0.038916 -0.999743
11.035000 0.039915 -0.999703
11.036000 0.040914 -0.999663
11.037000 0.041914 -0.999621
11.038000 0.042913 -0.999579
11.039000 0.043912 -0.999535
11.040000 0.044911 -0.999491
11.041000 0.045910 -0.999446
11.042000 0.046909 -0.999399
11.043000 0.047907 -0.999352
11.044000 0.048906 -0.999303
11.045000 0.049905 -0.999254
11.046000 0.050904 -0.999204
11.047000 0.051902 -0.999152
11.048000 0.052901 -0.999100
11.049000 0.053900 -0.999046
11.050000 0.054898 -0.998992
11.051000 0.055897 -0.998937
11.052000 0.056895 -0.998880
11.053000 0.057893 -0.998823
11.054000 0.058892 -0.998764
11.055000 0.059890 -0.998705
11.056000 0.060888 -0.998645
11.057000 0.061886 -0.998583
11.058000 0.062884 -0.998521
11.059000 0.063882 -0.998457
11.060000 0.064880 -0.998393
11.061000 0.065878 -0.998328
11.062000 0.066876 -0.998261
11.063000 0.067874 -0.998194
11.064000 0.068871 -0.998126
11.065000 0.069869 -0.998056
11.066000 0.070866 -0.997986
11.067000 0.071864 -0.997915
11.068000 0.072861 -0.997842
11.069000 0.073858 -0.997769
11.070000 0.074856 -0.997694
11.071000 0.075853 -0.997619
11.072000 0.076850 -0.997543
11.073000 0.077847 -0.997465
11.074000 0.078844 -0.997387
11.075000 0.079841 -0.997308
11.076000 0.080837 -0.997227
11.077000 0.081834 -0.997146
11.078000 0.082831 -0.997064
11.079000 0.083827 -0.996980
11.080000 0.084824 -0.996896
11.081000 0.085820 -0.996811
11.082000 0.086816 -0.996724
11.083000 0.087813 -0.996637
11.084000 0.088809 -0.996549
11.085000 0.089805 -0.996459
11.086000 0.090801 -0.996369
11.087000 0.091796 -0.996278
11.088000 0.092792 -0.996186
11.089000 0.093788 -0.996092
11.090000 0.094783 -0.995998
11.091000 0.095779 -0.995903
11.092000 0.096774 -0.995806
11.093000 0.097769 -0.995709
11.094000 0.098765 -0.995611
11.095000 0.099760 -0.995512
11.096000 0.100755 -0.995411
11.097000 0.101749 -0.995310
11.098000 0.102744 -0.995208
11.099000 0.103739 -0.995105
11.100000 0.104733 -0.995000
11.101000 0.105728 -0.994895
11.102000 0.106722 -0.994789
11.103000 0.107716 -0.994682
11.104000 0.108711 -0.994573
11.105000 0.109705 -0.994464
11.106000 0.110698 -0.994354
11.107000 0.111692 -0.994243
11.108000 0.112686 -0.994131
11.109000 0.113680 -0.994018
11.110000 0.114673 -0.993903
11.111000 0.115666 -0.993788
11.112000 0.116660 -0.993672
11.113000 0.117653 -0.993555
11.114000 0.118646 -0.993437
11.115000 0.119639 -0.993318
11.116000 0.120631 -0.993197
11.117000 0.121624 -0.993076
11.118000 0.122616 -0.992954
11.119000 0.123609 -0.992831
11.120000 0.124601 -0.992707
11.121000 0.125593 -0.992582
11.122000 0.126585 -0.992456
11.123000 0.127577 -0.992329
11.124000 0.128569 -0.992201
11.125000 0.129561 -0.992072
11.126000 0.130552 -0.991942
11.127000 0.131543 -0.991810
11.128000 0.132535 -0.991678
11.129000 0.133526 -0.991545
11.130000 0.134517 -0.991411
11.131000 0.135508 -0.991276
11.132000 0.136498 -0.991140
11.133000 0.137489 -0.991003
11.134000 0.138479 -0.990865
11.135000 0.139470 -0.990726
11.136000 0.140460 -0.990586
11.137000 0.141450 -0.990445
11.138000 0.142440 -0.990304
11.139000 0.143429 -0.990161
11.140000 0.144419 -0.990017
11.141000 0.145408 -0.989872
11.142000 0.146398 -0.989726
11.143000 0.147387 -0.989579
11.144000 0.148376 -0.989431
11.145000 0.149365 -0.989282
11.146000 0.150353 -0.989132
11.147000 0.151342 -0.988982
11.148000 0.152330 -0.988830
11.149000 0.153319 -0.988677
11.150000 0.154307 -0.988523
11.151000 0.155295 -0.988368
11.152000 0.156283 -0.988212
11.153000 0.157270 -0.988056
11.154000 0.158258 -0.987898
11.155000 0.159245 -0.987739
11.156000 0.160232 -0.987579
11.157000 0.161219 -0.987419
11.158000 0.162206 -0.987257
11.159000 0.163193 -0.987094
11.160000 0.164179 -0.986931
11.161000 0.165165 -0.986766
11.162000 0.166152 -0.986600
11.163000 0.167138 -0.986434
11.164000 0.168124 -0.986266
11.165000 0.169109 -0.986097
11.166000 0.170095 -0.985928
11.167000 0.171080 -0.985757
11.168000 0.172065 -0.985586
11.169000 0.173050 -0.985413
11.170000 0.174035 -0.985240
11.171000 0.175020 -0.985065
11.172000 0.176004 -0.984889
11.173000 0.176989 -0.984713
11.174000 0.177973 -0.984535
11.175000 0.178957 -0.984357
11.176000 0.179940 -0.984178
11.177000 0.180924 -0.983997
11.178000 0.181907 -0.983816
11.179000 0.182891 -0.983633
11.180000 0.183874 -0.983450
11.181000 0.184856 -0.983266
11.182000 0.185839 -0.983080
11.183000 0.186822 -0.982894
11.184000 0.187804 -0.982707
11.185000 0.188786 -0.982518
11.186000 0.189768 -0.982329
11.187000 0.190750 -0.982139
11.188000 0.191731 -0.981948
11.189000 0.192713 -0.981755
11.190000 0.193694 -0.981562
11.191000 0.194675 -0.981368
11.192000 0.195655 -0.981173
11.193000 0.196636 -0.980977
11.194000 0.197616 -0.980779
11.195000 0.198597 -0.980581
11.196000 0.199577 -0.980382
11.197000 0.200556 -0.980182
11.198000 0.201536 -0.979981
11.199000 0.202515 -0.979779
11.200000 0.203495 -0.979576
11.201000 0.204473 -0.979372
11.202000 0.205452 -0.979167
11.203000 0.206431 -0.978961
11.204000 0.207409 -0.978754
11.205000 0.208387 -0.978546
11.206000 0.209365 -0.978338
11.207000 0.210343 -0.978128
11.208000 0.211321 -0.977917
11.209000 0.212298 -0.977705
11.210000 0.213275 -0.977492
11.211000 0.214252 -0.977279
11.212000 0.215228 -0.977064
11.213000 0.216205 -0.976848
11.214000 0.217181 -0.976631
11.215000 0.218157 -0.976414
11.216000 0.219133 -0.976195
11.217000 0.220109 -0.975975
11.218000 0.221084 -0.975755
11.219000 0.222059 -0.975533
11.220000 0.223034 -0.975311
11.221000 0.224009 -0.975087
11.222000 0.224983 -0.974863
11.223000 0.225957 -0.974637
11.224000 0.226931 -0.974411
11.225000 0.227905 -0.974183
11.226000 0.228879 -0.973955
11.227000 0.229852 -0.973726
11.228000 0.230825 -0.973495
11.229000 0.231798 -0.973264
11.230000 0.232771 -0.973032
11.231000 0.233743 -0.972798
11.232000 0.234715 -0.972564
11.233000 0.235687 -0.972329
11.234000 0.236659 -0.972093
11.235000 0.237631 -0.971856
11.236000 0.238602 -0.971618
11.237000 0.239573 -0.971378
11.238000 0.240544 -0.971138
11.239000 0.241514 -0.970897
11.240000 0.242484 -0.970655
11.241000 0.243454 -0.970412
11.242000 0.244424 -0.970168
11.243000 0.245394 -0.969924
11.244000 0.246363 -0.969678
11.245000 0.247332 -0.969431
11.246000 0.248301 -0.969183
11.247000 0.249269 -0.968934
11.248000 0.250238 -0.968684
11.249000 0.251206 -0.968434
11.250000 0.252174 -0.968182
11.251000 0.253141 -0.967929
11.252000 0.254108 -0.967676
11.253000 0.255076 -0.967421
11.254000 0.256042 -0.967166
11.255000 0.257009 -0.966909
11.256000 0.257975 -0.966652
11.257000 0.258941 -0.966393
11.258000 0.259907 -0.966134
11.259000 0.260872 -0.965873
11.260000 0.261838 -0.965612
11.261000 0.262803 -0.965350
11.262000 0.263767 -0.965086
11.263000 0.264732 -0.964822
11.264000 0.265696 -0.964557
11.265000 0.266660 -0.964291
11.266000 0.267624 -0.964024
11.267000 0.268587 -0.963756
11.268000 0.269550 -0.963486
11.269000 0.270513 -0.963216
11.270000 0.271476 -0.962945
11.271000 0.272438 -0.962673
11.272000 0.273400 -0.962401
11.273000 0.274362 -0.962127
11.274000 0.275323 -0.961852
11.275000 0.276284 -0.961576
11.276000 0.277245 -0.961299
11.277000 0.278206 -0.961022
11.278000 0.279166 -0.960743
11.279000 0.280126 -0.960463
11.280000 0.281086 -0.960183
11.281000 0.282046 -0.959901
11.282000 0.283005 -0.959618
11.283000 0.283964 -0.959335
11.284000 0.284923 -0.959051
11.285000 0.285881 -0.958765
11.286000 0.286839 -0.958479
11.287000 0.287797 -0.958191
11.288000 0.288755 -0.957903
11.289000 0.289712 -0.957614
11.290000 0.290669 -0.957324
11.291000 0.291626 -0.957033
11.292000 0.292582 -0.956741
11.293000 0.293538 -0.956447
11.294000 0.294494 -0.956153
11.295000 0.295449 -0.955858
11.296000 0.296405 -0.955563
11.297000 0.297359 -0.955266
11.298000 0.298314 -0.954968
11.299000 0.299268 -0.954669
11.300000 0.300222 -0.954369
11.301000 0.301176 -0.954069
11.302000 0.302130 -0.953767
11.303000 0.303083 -0.953464
11.304000 0.304035 -0.953161
11.305000 0.304988 -0.952856
11.306000 0.305940 -0.952551
11.307000 0.306892 -0.952244
11.308000 0.307844 -0.951937
11.309000 0.308795 -0.951629
11.310000 0.309746 -0.951319
11.311000 0.310697 -0.951009
11.312000 0.311647 -0.950698
11.313000 0.312597 -0.950386
11.314000 0.313547 -0.950073
11.315000 0.314496 -0.949759
11.316000 0.315445 -0.949444
11.317000 0.316394 -0.949128
11.318000 0.317342 -0.948811
11.319000 0.318291 -0.948493
11.320000 0.319238 -0.948174
11.321000 0.320186 -0.947855
11.322000 0.321133 -0.947534
11.323000 0.322080 -0.947213
11.324000 0.323027 -0.946890
11.325000 0.323973 -0.946566
11.326000 0.324919 -0.946242
11.327000 0.325864 -0.945917
11.328000 0.326810 -0.945590
11.329000 0.327755 -0.945263
11.330000 0.328699 -0.944935
11.331000 0.329643 -0.944606
11.332000 0.330587 -0.944275
11.333000 0.331531 -0.943944
11.334000 0.332474 -0.943612
11.335000 0.333417 -0.943279
11.336000 0.334360 -0.942946
11.337000 0.335302 -0.942611
11.338000 0.336244 -0.942275
11.339000 0.337186 -0.941938
11.340000 0.338127 -0.941601
11.341000 0.339068 -0.941262
11.342000 0.340008 -0.940922
11.343000 0.340949 -0.940582
11.344000 0.341889 -0.940241
11.345000 0.342828 -0.939898
11.346000 0.343767 -0.939555
11.347000 0.344706 -0.939211
11.348000 0.345645 -0.938866
11.349000 0.346583 -0.938519
11.350000 0.347521 -0.938172
11.351000 0.348458 -0.937824
11.352000 0.349395 -0.937475
11.353000 0.350332 -0.937126
11.354000 0.351269 -0.936775
11.355000 0.352205 -0.936423
11.356000 0.353141 -0.936070
11.357000 0.354076 -0.935717
11.358000 0.355011 -0.935362
11.359000 0.355946 -0.935007
11.360000 0.356880 -0.934650
11.361000 0.357814 -0.934293
11.362000 0.358748 -0.933935
11.363000 0.359681 -0.933575
11.364000 0.360614 -0.933215
11.365000 0.361546 -0.932854
11.366000 0.362478 -0.932492
11.367000 0.363410 -0.932129
11.368000 0.364342 -0.931765
11.369000 0.365273 -0.931401
11.370000 0.366204 -0.931035
11.371000 0.367134 -0.930668
11.372000 0.368064 -0.930301
11.373000 0.368993 -0.929932
11.374000 0.369923 -0.929563
11.375000 0.370852 -0.929192
11.376000 0.371780 -0.928821
11.377000 0.372708 -0.928449
11.378000 0.373636 -0.928075
11.379000 0.374563 -0.927701
11.380000 0.375490 -0.927326
11.381000 0.376417 -0.926950
11.382000 0.377343 -0.926574
11.383000 0.378269 -0.926196
11.384000 0.379195 -0.925817
11.385000 0.380120 -0.925437
11.386000 0.381045 -0.925057
11.387000 0.381969 -0.924675
11.388000 0.382893 -0.924293
11.389000 0.383817 -0.923909
11.390000 0.384740 -0.923525
11.391000 0.385663 -0.923140
11.392000 0.386585 -0.922754
11.393000 0.387507 -0.922367
11.394000 0.388429 -0.921979
11.395000 0.389350 -0.921590
11.396000 0.390271 -0.921200
11.397000 0.391191 -0.920809
11.398000 0.392112 -0.920418
11.399000 0.393031 -0.920025
11.400000 0.393951 -0.919632
11.401000 0.394870 -0.919237
11.402000 0.395788 -0.918842
11.403000 0.396706 -0.918446
11.404000 0.397624 -0.918049
11.405000 0.398541 -0.917650
11.406000 0.399458 -0.917251
11.407000 0.400375 -0.916852
11.408000 0.401291 -0.916451
11.409000 0.402207 -0.916049
11.410000 0.403122 -0.915646
11.411000 0.404037 -0.915243
11.412000 0.404952 -0.914838
11.413000 0.405866 -0.914433
11.414000 0.406779 -0.914027
11.415000 0.407693 -0.913619
11.416000 0.408606 -0.913211
11.417000 0.409518 -0.912802
11.418000 0.410430 -0.912392
11.419000 0.411342 -0.911981
11.420000 0.412253 -0.911569
11.421000 0.413164 -0.911157
11.422000 0.414075 -0.910743
11.423000 0.414985 -0.910329
11.424000 0.415894 -0.909913
11.425000 0.416803 -0.909497
11.426000 0.417712 -0.909079
11.427000 0.418621 -0.908661
11.428000 0.419528 -0.908242
11.429000 0.420436 -0.907822
11.430000 0.421343 -0.907401
11.431000 0.422250 -0.906980
11.432000 0.423156 -0.906557
11.433000 0.424062 -0.906133
11.434000 0.424967 -0.905709
11.435000 0.425872 -0.905283
11.436000 0.426777 -0.904857
11.437000 0.427681 -0.904430
11.438000 0.428585 -0.904002
11.439000 0.429488 -0.903573
11.440000 0.430391 -0.903143
11.441000 0.431293 -0.902712
11.442000 0.432195 -0.902280
11.443000 0.433097 -0.901847
11.444000 0.433998 -0.901414
11.445000 0.434899 -0.900979
11.446000 0.435799 -0.900544
11.447000 0.436699 -0.900108
11.448000 0.437598 -0.899671
11.449000 0.438497 -0.899233
11.450000 0.439396 -0.898794
11.451000 0.440294 -0.898354
11.452000 0.441191 -0.897913
11.453000 0.442089 -0.897471
11.454000 0.442985 -0.897029
11.455000 0.443882 -0.896586
11.456000 0.444778 -0.896141
11.457000 0.445673 -0.895696
11.458000 0.446568 -0.895250
11.459000 0.447462 -0.894803
11.460000 0.448357 -0.894355
11.461000 0.449250 -0.893906
11.462000 0.450143 -0.893456
11.463000 0.451036 -0.893006
11.464000 0.451928 -0.892554
11.465000 0.452820 -0.892102
11.466000 0.453712 -0.891649
11.467000 0.454602 -0.891195
11.468000 0.455493 -0.890739
11.469000 0.456383 -0.890284
11.470000 0.457272 -0.889827
11.471000 0.458162 -0.889369
11.472000 0.459050 -0.888910
11.473000 0.459938 -0.888451
11.474000 0.460826 -0.887991
11.475000 0.461713 -0.887529
11.476000 0.462600 -0.887067
11.477000 0.463487 -0.886604
11.478000 0.464372 -0.886140
11.479000 0.465258 -0.885675
11.480000 0.466143 -0.885210
11.481000 0.467027 -0.884743
11.482000 0.467911 -0.884276
11.483000 0.468795 -0.883807
11.484000 0.469678 -0.883338
11.485000 0.470560 -0.882868
11.486000 0.471443 -0.882397
11.487000 0.472324 -0.881925
11.488000 0.473205 -0.881452
11.489000 0.474086 -0.880979
11.490000 0.474966 -0.880504
11.491000 0.475846 -0.880029
11.492000 0.476725 -0.879552
11.493000 0.477604 -0.879075
11.494000 0.478483 -0.878597
11.495000 0.479360 -0.878118
11.496000 0.480238 -0.877638
11.497000 0.481115 -0.877158
11.498000 0.481991 -0.876676
11.499000 0.482867 -0.876194
11.500000 0.483743 -0.875710
11.501000 0.484617 -0.875226
11.502000 0.485492 -0.874741
11.503000 0.486366 -0.874255
11.504000 0.487239 -0.873768
11.505000 0.488113 -0.873281
11.506000 0.488985 -0.872792
11.507000 0.489857 -0.872303
11.508000 0.490729 -0.871813
11.509000 0.491600 -0.871321
11.510000 0.492470 -0.870829
11.511000 0.493340 -0.870336
11.512000 0.494210 -0.869843
11.513000 0.495079 -0.869348
11.514000 0.495948 -0.868853
11.515000 0.496816 -0.868356
11.516000 0.497683 -0.867859
11.517000 0.498550 -0.867361
11.518000 0.499417 -0.866862
11.519000 0.500283 -0.866362
11.520000 0.501149 -0.865861
11.521000 0.502014 -0.865360
11.522000 0.502879 -0.864857
11.523000 0.503743 -0.864354
11.524000 0.504606 -0.863850
11.525000 0.505469 -0.863345
11.526000 0.506332 -0.862839
11.527000 0.507194 -0.862332
11.528000 0.508056 -0.861824
11.529000 0.508917 -0.861316
11.530000 0.509777 -0.860807
11.531000 0.510637 -0.860296
11.532000 0.511497 -0.859785
11.533000 0.512356 -0.859273
11.534000 0.513214 -0.858761
11.535000 0.514072 -0.858247
11.536000 0.514930 -0.857732
11.537000 0.515787 -0.857217
11.538000 0.516643 -0.856701
11.539000 0.517499 -0.856184
11.540000 0.518355 -0.855666
11.541000 0.519210 -0.855147
11.542000 0.520064 -0.854627
11.543000 0.520918 -0.854107
11.544000 0.521771 -0.853586
11.545000 0.522624 -0.853063
11.546000 0.523476 -0.852540
11.547000 0.524328 -0.852016
11.548000 0.525179 -0.851492
11.549000 0.526030 -0.850966
11.550000 0.526880 -0.850440
11.551000 0.527730 -0.849912
11.552000 0.528579 -0.849384
11.553000 0.529428 -0.848855
11.554000 0.530276 -0.848325
11.555000 0.531123 -0.847795
11.556000 0.531970 -0.847263
11.557000 0.532817 -0.846731
11.558000 0.533663 -0.846197
11.559000 0.534508 -0.845663
11.560000 0.535353 -0.845128
11.561000 0.536198 -0.844593
11.562000 0.537041 -0.844056
11.563000 0.537885 -0.843519
11.564000 0.538727 -0.842980
11.565000 0.539570 -0.842441
11.566000 0.540411 -0.841901
11.567000 0.541252 -0.841360
11.568000 0.542093 -0.840819
11.569000 0.542933 -0.840276
11.570000 0.543773 -0.839733
11.571000 0.544612 -0.839189
11.572000 0.545450 -0.838644
11.573000 0.546288 -0.838098
11.574000 0.547125 -0.837551
11.575000 0.547962 -0.837003
11.576000 0.548798 -0.836455
11.577000 0.549634 -0.835906
11.578000 0.550469 -0.835356
11.579000 0.551304 -0.834805
11.580000 0.552138 -0.834253
11.581000 0.552971 -0.833701
11.582000 0.553804 -0.833147
11.583000 0.554636 -0.832593
11.584000 0.555468 -0.832038
11.585000 0.556299 -0.831482
11.586000 0.557130 -0.830925
11.587000 0.557960 -0.830368
11.588000 0.558790 -0.829809
11.589000 0.559619 -0.829250
11.590000 0.560447 -0.828690
11.591000 0.561275 -0.828129
11.592000 0.562103 -0.827568
11.593000 0.562929 -0.827005
11.594000 0.563756 -0.826442
11.595000 0.564581 -0.825878
11.596000 0.565406 -0.825313
11.597000 0.566231 -0.824747
11.598000 0.567055 -0.824180
11.599000 0.567878 -0.823613
11.600000 0.568701 -0.823044
11.601000 0.569523 -0.822475
11.602000 0.570345 -0.821905
11.603000 0.571166 -0.821335
11.604000 0.571987 -0.820763
11.605000 0.572807 -0.820191
11.606000 0.573626 -0.819617
11.607000 0.574445 -0.819043
11.608000 0.575263 -0.818469
11.609000 0.576081 -0.817893
11.610000 0.576898 -0.817316
11.611000 0.577714 -0.816739
11.612000 0.578530 -0.816161
11.613000 0.579346 -0.815582
11.614000 0.580161 -0.815002
11.615000 0.580975 -0.814422
11.616000 0.581788 -0.813840
11.617000 0.582601 -0.813258
11.618000 0.583414 -0.812675
11.619000 0.584226 -0.812091
11.620000 0.585037 -0.811507
11.621000 0.585848 -0.810921
11.622000 0.586658 -0.810335
11.623000 0.587468 -0.809748
11.624000 0.588276 -0.809160
11.625000 0.589085 -0.808571
11.626000 0.589893 -0.807982
11.627000 0.590700 -0.807392
11.628000 0.591506 -0.806800
11.629000 0.592312 -0.806209
11.630000 0.593118 -0.805616
11.631000 0.593923 -0.805022
11.632000 0.594727 -0.804428
11.633000 0.595530 -0.803833
11.634000 0.596334 -0.803237
11.635000 0.597136 -0.802640
11.636000 0.597938 -0.802043
11.637000 0.598739 -0.801444
11.638000 0.599540 -0.800845
11.639000 0.600340 -0.800245
11.640000 0.601139 -0.799644
11.641000 0.601938 -0.799043
11.642000 0.602736 -0.798441
11.643000 0.603534 -0.797837
11.644000 0.604331 -0.797234
11.645000 0.605127 -0.796629
11.646000 0.605923 -0.796023
11.647000 0.606718 -0.795417
11.648000 0.607513 -0.794810
11.649000 0.608307 -0.794202
11.650000 0.609100 -0.793593
11.651000 0.609893 -0.792984
11.652000 0.610685 -0.792373
11.653000 0.611477 -0.791762
11.654000 0.612268 -0.791150
11.655000 0.613058 -0.790538
11.656000 0.613848 -0.789924
11.657000 0.614637 -0.789310
11.658000 0.615426 -0.788695
11.659000 0.616214 -0.788079
11.660000 0.617001 -0.787463
11.661000 0.617787 -0.786845
11.662000 0.618573 -0.786227
11.663000 0.619359 -0.785608
11.664000 0.620144 -0.784988
11.665000 0.620928 -0.784368
11.666000 0.621711 -0.783747
11.667000 0.622494 -0.783124
11.668000 0.623277 -0.782502
11.669000 0.624058 -0.781878
11.670000 0.624839 -0.781253
11.671000 0.625620 -0.780628
11.672000 0.626400 -0.780002
11.673000 0.627179 -0.779375
11.674000 0.627957 -0.778748
11.675000 0.628735 -0.778119
11.676000 0.629513 -0.777490
11.677000 0.630289 -0.776860
11.678000 0.631065 -0.776230
11.679000 0.631841 -0.775598
11.680000 0.632616 -0.774966
11.681000 0.633390 -0.774333
11.682000 0.634163 -0.773699
11.683000 0.634936 -0.773065
11.684000 0.635708 -0.772429
11.685000 0.636480 -0.771793
11.686000 0.637251 -0.771156
11.687000 0.638021 -0.770519
11.688000 0.638791 -0.769880
11.689000 0.639560 -0.769241
11.690000 0.640328 -0.768601
11.691000 0.641096 -0.767961
11.692000 0.641863 -0.767319
11.693000 0.642630 -0.766677
11.694000 0.643396 -0.766034
11.695000 0.644161 -0.765390
11.696000 0.644926 -0.764746
11.697000 0.645689 -0.764100
11.698000 0.646453 -0.763454
11.699000 0.647215 -0.762807
11.700000 0.647977 -0.762160
11.701000 0.648739 -0.761511
11.702000 0.649499 -0.760862
11.703000 0.650259 -0.760212
11.704000 0.651019 -0.759562
11.705000 0.651778 -0.758910
11.706000 0.652536 -0.758258
11.707000 0.653293 -0.757605
11.708000 0.654050 -0.756952
11.709000 0.654806 -0.756297
11.710000 0.655561 -0.755642
11.711000 0.656316 -0.754986
11.712000 0.657070 -0.754329
11.713000 0.657824 -0.753672
11.714000 0.658577 -0.753014
11.715000 0.659329 -0.752355
11.716000 0.660080 -0.751695
11.717000 0.660831 -0.751035
11.718000 0.661582 -0.750373
11.719000 0.662331 -0.749711
11.720000 0.663080 -0.749049
11.721000 0.663828 -0.748385
11.722000 0.664576 -0.747721
11.723000 0.665323 -0.747056
11.724000 0.666069 -0.746390
11.725000 0.666814 -0.745724
11.726000 0.667559 -0.745057
11.727000 0.668304 -0.744389
11.728000 0.669047 -0.743720
11.729000 0.669790 -0.743051
11.730000 0.670532 -0.742381
11.731000 0.671274 -0.741710
11.732000 0.672015 -0.741038
11.733000 0.672755 -0.740366
11.734000 0.673494 -0.739693
11.735000 0.674233 -0.739019
11.736000 0.674971 -0.738344
11.737000 0.675709 -0.737669
11.738000 0.676446 -0.736993
11.739000 0.677182 -0.736316
11.740000 0.677917 -0.735638
11.741000 0.678652 -0.734960
11.742000 0.679386 -0.734281
11.743000 0.680120 -0.733601
11.744000 0.680852 -0.732921
11.745000 0.681585 -0.732240
11.746000 0.682316 -0.731558
11.747000 0.683047 -0.730875
11.748000 0.683777 -0.730191
11.749000 0.684506 -0.729507
11.750000 0.685235 -0.728822
11.751000 0.685963 -0.728137
11.752000 0.686690 -0.727451
11.753000 0.687417 -0.726764
11.754000 0.688142 -0.726076
11.755000 0.688868 -0.725387
11.756000 0.689592 -0.724698
11.757000 0.690316 -0.724008
11.758000 0.691039 -0.723317
11.759000 0.691762 -0.722626
11.760000 0.692484 -0.721934
11.761000 0.693205 -0.721241
11.762000 0.693925 -0.720547
11.763000 0.694645 -0.719853
11.764000 0.695364 -0.719158
11.765000 0.696082 -0.718462
11.766000 0.696800 -0.717766
11.767000 0.697517 -0.717069
11.768000 0.698233 -0.716371
11.769000 0.698948 -0.715672
11.770000 0.699663 -0.714973
11.771000 0.700377 -0.714273
11.772000 0.701091 -0.713572
11.773000 0.701803 -0.712871
11.774000 0.702515 -0.712169
11.775000 0.703227 -0.711466
11.776000 0.703937 -0.710762
11.777000 0.704647 -0.710058
11.778000 0.705356 -0.709353
11.779000 0.706065 -0.708647
11.780000 0.706773 -0.707941
11.781000 0.707480 -0.707234
11.782000 0.708186 -0.706526
11.783000 0.708892 -0.705817
11.784000 0.709597 -0.705108
11.785000 0.710301 -0.704398
11.786000 0.711005 -0.703687
11.787000 0.711707 -0.702976
11.788000 0.712410 -0.702264
11.789000 0.713111 -0.701551
11.790000 0.713812 -0.700838
11.791000 0.714512 -0.700124
11.792000 0.715211 -0.699409
11.793000 0.715909 -0.698693
11.794000 0.716607 -0.697977
11.795000 0.717304 -0.697260
11.796000 0.718001 -0.696542
11.797000 0.718697 -0.695824
11.798000 0.719391 -0.695105
11.799000 0.720086 -0.694385
11.800000 0.720779 -0.693665
11.801000 0.721472 -0.692944
11.802000 0.722164 -0.692222
11.803000 0.722856 -0.691499
11.804000 0.723546 -0.690776
11.805000 0.724236 -0.690052
11.806000 0.724925 -0.689328
11.807000 0.725614 -0.688602
11.808000 0.726301 -0.687876
11.809000 0.726988 -0.687150
11.810000 0.727675 -0.686422
11.811000 0.728360 -0.685694
11.812000 0.729045 -0.684966
11.813000 0.729729 -0.684236
11.814000 0.730413 -0.683506
11.815000 0.731095 -0.682776
11.816000 0.731777 -0.682044
11.817000 0.732458 -0.681312
11.818000 0.733139 -0.680579
11.819000 0.733819 -0.679846
11.820000 0.734497 -0.679112
11.821000 0.735176 -0.678377
11.822000 0.735853 -0.677641
11.823000 0.736530 -0.676905
11.824000 0.737206 -0.676168
11.825000 0.737881 -0.675431
11.826000 0.738556 -0.674692
11.827000 0.739230 -0.673953
11.828000 0.739903 -0.673214
11.829000 0.740575 -0.672474
11.830000 0.741247 -0.671733
11.831000 0.741918 -0.670991
11.832000 0.742588 -0.670249
11.833000 0.743257 -0.669506
11.834000 0.743926 -0.668762
11.835000 0.744594 -0.668018
11.836000 0.745261 -0.667273
11.837000 0.745927 -0.666528
11.838000 0.746593 -0.665781
11.839000 0.747258 -0.665034
11.840000 0.747922 -0.664287
11.841000 0.748585 -0.663539
11.842000 0.749248 -0.662790
11.843000 0.749910 -0.662040
11.844000 0.750571 -0.661290
11.845000 0.751231 -0.660539
11.846000 0.751891 -0.659787
11.847000 0.752550 -0.659035
11.848000 0.753208 -0.658282
11.849000 0.753866 -0.657529
11.850000 0.754522 -0.656775
11.851000 0.755178 -0.656020
11.852000 0.755833 -0.655264
11.853000 0.756488 -0.654508
11.854000 0.757141 -0.653751
11.855000 0.757794 -0.652994
11.856000 0.758446 -0.652236
11.857000 0.759098 -0.651477
11.858000 0.759748 -0.650717
11.859000 0.760398 -0.649957
11.860000 0.761047 -0.649197
11.861000 0.761696 -0.648435
11.862000 0.762343 -0.647673
11.863000 0.762990 -0.646911
11.864000 0.763636 -0.646147
11.865000 0.764281 -0.645383
11.866000 0.764926 -0.644619
11.867000 0.765569 -0.643854
11.868000 0.766212 -0.643088
11.869000 0.766855 -0.642321
11.870000 0.767496 -0.641554
11.871000 0.768137 -0.640786
11.872000 0.768777 -0.640018
11.873000 0.769416 -0.639249
11.874000 0.770054 -0.638479
11.875000 0.770692 -0.637708
11.876000 0.771328 -0.636937
11.877000 0.771965 -0.636166
11.878000 0.772600 -0.635393
11.879000 0.773234 -0.634621
11.880000 0.773868 -0.633847
11.881000 0.774501 -0.633073
11.882000 0.775133 -0.632298
11.883000 0.775765 -0.631523
11.884000 0.776395 -0.630746
11.885000 0.777025 -0.629970
11.886000 0.777654 -0.629192
11.887000 0.778282 -0.628414
11.888000 0.778910 -0.627636
11.889000 0.779537 -0.626857
11.890000 0.780163 -0.626077
11.891000 0.780788 -0.625296
11.892000 0.781412 -0.624515
11.893000 0.782036 -0.623734
11.894000 0.782659 -0.622951
11.895000 0.783281 -0.622168
11.896000 0.783902 -0.621385
11.897000 0.784523 -0.620600
11.898000 0.785142 -0.619816
11.899000 0.785761 -0.619030
11.900000 0.786379 -0.618244
11.901000 0.786997 -0.617457
11.902000 0.787613 -0.616670
11.903000 0.788229 -0.615882
11.904000 0.788844 -0.615094
11.905000 0.789458 -0.614304
11.906000 0.790072 -0.613515
11.907000 0.790684 -0.612724
11.908000 0.791296 -0.611933
11.909000 0.791907 -0.611142
11.910000 0.792517 -0.610349
11.911000 0.793127 -0.609557
11.912000 0.793736 -0.608763
11.913000 0.794343 -0.607969
11.914000 0.794950 -0.607175
11.915000 0.795557 -0.606379
11.916000 0.796162 -0.605583
11.917000 0.796767 -0.604787
11.918000 0.797371 -0.603990
11.919000 0.797974 -0.603192
11.920000 0.798576 -0.602394
11.921000 0.799178 -0.601595
11.922000 0.799778 -0.600796
11.923000 0.800378 -0.599996
11.924000 0.800977 -0.599195
11.925000 0.801576 -0.598394
11.926000 0.802173 -0.597592
11.927000 0.802770 -0.596789
11.928000 0.803366 -0.595986
11.929000 0.803961 -0.595182
11.930000 0.804555 -0.594378
11.931000 0.805149 -0.593573
11.932000 0.805741 -0.592768
11.933000 0.806333 -0.591962
11.934000 0.806924 -0.591155
11.935000 0.807514 -0.590348
11.936000 0.808104 -0.589540
11.937000 0.808692 -0.588732
11.938000 0.809280 -0.587923
11.939000 0.809867 -0.587113
11.940000 0.810454 -0.586303
11.941000 0.811039 -0.585492
11.942000 0.811624 -0.584681
11.943000 0.812207 -0.583869
11.944000 0.812790 -0.583057
11.945000 0.813372 -0.582244
11.946000 0.813954 -0.581430
11.947000 0.814534 -0.580616
11.948000 0.815114 -0.579801
11.949000 0.815693 -0.578985
11.950000 0.816271 -0.578169
11.951000 0.816848 -0.577353
11.952000 0.817425 -0.576536
11.953000 0.818000 -0.575718
11.954000 0.818575 -0.574900
11.955000 0.819149 -0.574081
11.956000 0.819722 -0.573261
11.957000 0.820295 -0.572441
11.958000 0.820866 -0.571621
11.959000 0.821437 -0.570800
11.960000 0.822007 -0.569978
11.961000 0.822576 -0.569156
11.962000 0.823144 -0.568333
11.963000 0.823711 -0.567509
11.964000 0.824278 -0.566685
11.965000 0.824844 -0.565861
11.966000 0.825409 -0.565036
11.967000 0.825973 -0.564210
11.968000 0.826536 -0.563384
11.969000 0.827099 -0.562557
11.970000 0.827660 -0.561730
11.971000 0.828221 -0.560902
11.972000 0.828781 -0.560073
11.973000 0.829340 -0.559244
11.974000 0.829899 -0.558414
11.975000 0.830456 -0.557584
11.976000 0.831013 -0.556754
11.977000 0.831569 -0.555922
11.978000 0.832124 -0.555090
11.979000 0.832678 -0.554258
11.980000 0.833231 -0.553425
11.981000 0.833784 -0.552592
11.982000 0.834335 -0.551757
11.983000 0.834886 -0.550923
11.984000 0.835436 -0.550088
11.985000 0.835985 -0.549252
11.986000 0.836534 -0.548416
11.987000 0.837081 -0.547579
11.988000 0.837628 -0.546742
11.989000 0.838174 -0.545904
11.990000 0.838719 -0.545065
11.991000 0.839263 -0.544226
11.992000 0.839806 -0.543387
11.993000 0.840349 -0.542547
11.994000 0.840890 -0.541706
11.995000 0.841431 -0.540865
11.996000 0.841971 -0.540023
11.997000 0.842510 -0.539181
11.998000 0.843048 -0.538338
11.999000 0.843586 -0.537495
12.000000 0.844122 -0.536651
12.001000 0.844658 -0.535807
12.002000 0.845193 -0.534962
12.003000 0.845727 -0.534116
12.004000 0.846260 -0.533270
12.005000 0.846792 -0.532424
12.006000 0.847324 -0.531577
12.007000 0.847855 -0.530729
12.008000 0.848384 -0.529881
12.009000 0.848913 -0.529032
12.010000 0.849441 -0.528183
12.011000 0.849969 -0.527333
12.012000 0.850495 -0.526483
12.013000 0.851021 -0.525632
12.014000 0.851545 -0.524781
12.015000 0.852069 -0.523929
12.016000 0.852592 -0.523077
12.017000 0.853114 -0.522224
12.018000 0.853636 -0.521371
12.019000 0.854156 -0.520517
12.020000 0.854676 -0.519662
12.021000 0.855194 -0.518807
12.022000 0.855712 -0.517952
12.023000 0.856229 -0.517096
12.024000 0.856746 -0.516240
12.025000 0.857261 -0.515383
12.026000 0.857775 -0.514525
12.027000 0.858289 -0.513667
12.028000 0.858802 -0.512808
12.029000 0.859314 -0.511949
12.030000 0.859825 -0.511090
12.031000 0.860335 -0.510230
12.032000 0.860844 -0.509369
12.033000 0.861352 -0.508508
12.034000 0.861860 -0.507646
12.035000 0.862367 -0.506784
12.036000 0.862873 -0.505922
12.037000 0.863378 -0.505059
12.038000 0.863882 -0.504195
12.039000 0.864385 -0.503331
12.040000 0.864887 -0.502466
12.041000 0.865389 -0.501601
12.042000 0.865890 -0.500735
12.043000 0.866389 -0.499869
12.044000 0.866888 -0.499003
12.045000 0.867386 -0.498136
12.046000 0.867884 -0.497268
12.047000 0.868380 -0.496400
12.048000 0.868875 -0.495531
12.049000 0.869370 -0.494662
12.050000 0.869864 -0.493792
12.051000 0.870357 -0.492922
12.052000 0.870849 -0.492052
12.053000 0.871340 -0.491181
12.054000 0.871830 -0.490309
12.055000 0.872319 -0.489437
12.056000 0.872808 -0.488564
12.057000 0.873295 -0.487691
12.058000 0.873782 -0.486818
12.059000 0.874268 -0.485944
12.060000 0.874753 -0.485069
12.061000 0.875237 -0.484194
12.062000 0.875720 -0.483319
12.063000 0.876203 -0.482443
12.064000 0.876684 -0.481566
12.065000 0.877165 -0.480689
12.066000 0.877645 -0.479812
12.067000 0.878124 -0.478934
12.068000 0.878602 -0.478056
12.069000 0.879079 -0.477177
12.070000 0.879555 -0.476298
12.071000 0.880030 -0.475418
12.072000 0.880505 -0.474538
12.073000 0.880978 -0.473657
12.074000 0.881451 -0.472776
12.075000 0.881923 -0.471894
12.076000 0.882394 -0.471012
12.077000 0.882864 -0.470129
12.078000 0.883333 -0.469246
12.079000 0.883801 -0.468362
12.080000 0.884269 -0.467478
12.081000 0.884735 -0.466594
12.082000 0.885201 -0.465709
12.083000 0.885666 -0.464824
12.084000 0.886130 -0.463938
12.085000 0.886593 -0.463051
12.086000 0.887055 -0.462164
12.087000 0.887516 -0.461277
12.088000 0.887976 -0.460389
12.089000 0.888436 -0.459501
12.090000 0.888894 -0.458613
12.091000 0.889352 -0.457723
12.092000 0.889809 -0.456834
12.093000 0.890265 -0.455944
12.094000 0.890720 -0.455053
12.095000 0.891174 -0.454162
12.096000 0.891627 -0.453271
12.097000 0.892079 -0.452379
12.098000 0.892531 -0.451487
12.099000 0.892981 -0.450594
12.100000 0.893431 -0.449701
12.101000 0.893880 -0.448807
12.102000 0.894328 -0.447913
12.103000 0.894775 -0.447019
12.104000 0.895221 -0.446124
12.105000 0.895666 -0.445228
12.106000 0.896110 -0.444332
12.107000 0.896553 -0.443436
12.108000 0.896996 -0.442539
12.109000 0.897438 -0.441642
12.110000 0.897878 -0.440744
12.111000 0.898318 -0.439846
12.112000 0.898757 -0.438948
12.113000 0.899195 -0.438049
12.114000 0.899632 -0.437149
12.115000 0.900068 -0.436249
12.116000 0.900503 -0.435349
12.117000 0.900938 -0.434448
12.118000 0.901371 -0.433547
12.119000 0.901804 -0.432646
12.120000 0.902236 -0.431744
12.121000 0.902666 -0.430841
12.122000 0.903096 -0.429938
12.123000 0.903525 -0.429035
12.124000 0.903953 -0.428131
12.125000 0.904381 -0.427227
12.126000 0.904807 -0.426322
12.127000 0.905232 -0.425417
12.128000 0.905657 -0.424512
12.129000 0.906080 -0.423606
12.130000 0.906503 -0.422700
12.131000 0.906925 -0.421793
12.132000 0.907346 -0.420886
12.133000 0.907765 -0.419978
12.134000 0.908184 -0.419070
12.135000 0.908603 -0.418162
12.136000 0.909020 -0.417253
12.137000 0.909436 -0.416344
12.138000 0.909851 -0.415434
12.139000 0.910266 -0.414524
12.140000 0.910680 -0.413614
12.141000 0.911092 -0.412703
12.142000 0.911504 -0.411792
12.143000 0.911915 -0.410880
12.144000 0.912325 -0.409968
12.145000 0.912734 -0.409055
12.146000 0.913142 -0.408142
12.147000 0.913549 -0.407229
12.148000 0.913955 -0.406315
12.149000 0.914361 -0.405401
12.150000 0.914765 -0.404487
12.151000 0.915169 -0.403572
12.152000 0.915571 -0.402656
12.153000 0.915973 -0.401740
12.154000 0.916374 -0.400824
12.155000 0.916774 -0.399908
12.156000 0.917173 -0.398991
12.157000 0.917571 -0.398073
12.158000 0.917968 -0.397156
12.159000 0.918364 -0.396237
12.160000 0.918759 -0.395319
12.161000 0.919153 -0.394400
12.162000 0.919547 -0.393481
12.163000 0.919939 -0.392561
12.164000 0.920331 -0.391641
12.165000 0.920722 -0.390720
12.166000 0.921111 -0.389799
12.167000 0.921500 -0.388878
12.168000 0.921888 -0.387956
12.169000 0.922275 -0.387034
12.170000 0.922661 -0.386112
12.171000 0.923046 -0.385189
12.172000 0.923431 -0.384266
12.173000 0.923814 -0.383342
12.174000 0.924196 -0.382418
12.175000 0.924578 -0.381494
12.176000 0.924958 -0.380569
12.177000 0.925338 -0.379644
12.178000 0.925717 -0.378718
12.179000 0.926094 -0.377792
12.180000 0.926471 -0.376866
12.181000 0.926847 -0.375939
12.182000 0.927222 -0.375012
12.183000 0.927596 -0.374085
12.184000 0.927969 -0.373157
12.185000 0.928341 -0.372229
12.186000 0.928713 -0.371300
12.187000 0.929083 -0.370371
12.188000 0.929452 -0.369442
12.189000 0.929821 -0.368513
12.190000 0.930189 -0.367583
12.191000 0.930555 -0.366652
12.192000 0.930921 -0.365721
12.193000 0.931286 -0.364790
12.194000 0.931649 -0.363859
12.195000 0.932012 -0.362927
12.196000 0.932374 -0.361995
12.197000 0.932735 -0.361062
12.198000 0.933095 -0.360129
12.199000 0.933455 -0.359196
12.200000 0.933813 -0.358262
12.201000 0.934170 -0.357328
12.202000 0.934526 -0.356394
12.203000 0.934882 -0.355459
12.204000 0.935236 -0.354524
12.205000 0.935590 -0.353589
12.206000 0.935943 -0.352653
12.207000 0.936294 -0.351717
12.208000 0.936645 -0.350781
12.209000 0.936995 -0.349844
12.210000 0.937344 -0.348907
12.211000 0.937692 -0.347969
12.212000 0.938039 -0.347031
12.213000 0.938385 -0.346093
12.214000 0.938730 -0.345154
12.215000 0.939074 -0.344216
12.216000 0.939417 -0.343276
12.217000 0.939760 -0.342337
12.218000 0.940101 -0.341397
12.219000 0.940441 -0.340456
12.220000 0.940781 -0.339516
12.221000 0.941119 -0.338575
12.222000 0.941457 -0.337634
12.223000 0.941794 -0.336692
12.224000 0.942129 -0.335750
12.225000 0.942464 -0.334808
12.226000 0.942798 -0.333865
12.227000 0.943131 -0.332922
12.228000 0.943463 -0.331979
12.229000 0.943794 -0.331035
12.230000 0.944124 -0.330091
12.231000 0.944453 -0.329147
12.232000 0.944781 -0.328202
12.233000 0.945108 -0.327257
12.234000 0.945435 -0.326312
12.235000 0.945760 -0.325367
12.236000 0.946084 -0.324421
12.237000 0.946408 -0.323474
12.238000 0.946730 -0.322528
12.239000 0.947052 -0.321581
12.240000 0.947372 -0.320634
12.241000 0.947692 -0.319686
12.242000 0.948011 -0.318738
12.243000 0.948329 -0.317790
12.244000 0.948645 -0.316842
12.245000 0.948961 -0.315893
12.246000 0.949276 -0.314944
12.247000 0.949590 -0.313994
12.248000 0.949903 -0.313045
12.249000 0.950215 -0.312095
12.250000 0.950526 -0.311144
12.251000 0.950837 -0.310193
12.252000 0.951146 -0.309242
12.253000 0.951454 -0.308291
12.254000 0.951761 -0.307340
12.255000 0.952068 -0.306388
12.256000 0.952373 -0.305435
12.257000 0.952678 -0.304483
12.258000 0.952981 -0.303530
12.259000 0.953284 -0.302577
12.260000 0.953585 -0.301624
12.261000 0.953886 -0.300670
12.262000 0.954186 -0.299716
12.263000 0.954484 -0.298761
12.264000 0.954782 -0.297807
12.265000 0.955079 -0.296852
12.266000 0.955375 -0.295897
12.267000 0.955670 -0.294941
12.268000 0.955964 -0.293985
12.269000 0.956257 -0.293029
12.270000 0.956549 -0.292073
12.271000 0.956840 -0.291116
12.272000 0.957130 -0.290159
12.273000 0.957419 -0.289202
12.274000 0.957707 -0.288244
12.275000 0.957995 -0.287286
12.276000 0.958281 -0.286328
12.277000 0.958566 -0.285370
12.278000 0.958851 -0.284411
12.279000 0.959134 -0.283452
12.280000 0.959417 -0.282493
12.281000 0.959698 -0.281533
12.282000 0.959979 -0.280573
12.283000 0.960258 -0.279613
12.284000 0.960537 -0.278653
12.285000 0.960815 -0.277692
12.286000 0.961091 -0.276731
12.287000 0.961367 -0.275770
12.288000 0.961642 -0.274809
12.289000 0.961916 -0.273847
12.290000 0.962189 -0.272885
12.291000 0.962460 -0.271922
12.292000 0.962731 -0.270960
12.293000 0.963001 -0.269997
12.294000 0.963270 -0.269034
12.295000 0.963538 -0.268070
12.296000 0.963806 -0.267107
12.297000 0.964072 -0.266143
12.298000 0.964337 -0.265179
12.299000 0.964601 -0.264214
12.300000 0.964864 -0.263249
12.301000 0.965127 -0.262284
12.302000 0.965388 -0.261319
12.303000 0.965648 -0.260354
12.304000 0.965908 -0.259388
12.305000 0.966166 -0.258422
12.306000 0.966423 -0.257456
12.307000 0.966680 -0.256489
12.308000 0.966935 -0.255522
12.309000 0.967190 -0.254555
12.310000 0.967443 -0.253588
12.311000 0.967696 -0.252620
12.312000 0.967948 -0.251652
12.313000 0.968198 -0.250684
12.314000 0.968448 -0.249716
12.315000 0.968697 -0.248747
12.316000 0.968945 -0.247779
12.317000 0.969191 -0.246810
12.318000 0.969437 -0.245840
12.319000 0.969682 -0.244871
12.320000 0.969926 -0.243901
12.321000 0.970169 -0.242931
12.322000 0.970411 -0.241961
12.323000 0.970652 -0.240990
12.324000 0.970892 -0.240019
12.325000 0.971131 -0.239048
12.326000 0.971369 -0.238077
12.327000 0.971606 -0.237105
12.328000 0.971842 -0.236134
12.329000 0.972077 -0.235162
12.330000 0.972311 -0.234190
12.331000 0.972545 -0.233217
12.332000 0.972777 -0.232245
12.333000 0.973008 -0.231272
12.334000 0.973238 -0.230298
12.335000 0.973468 -0.229325
12.336000 0.973696 -0.228352
12.337000 0.973923 -0.227378
12.338000 0.974150 -0.226404
12.339000 0.974375 -0.225429
12.340000 0.974600 -0.224455
12.341000 0.974823 -0.223480
12.342000 0.975046 -0.222505
12.343000 0.975267 -0.221530
12.344000 0.975488 -0.220555
12.345000 0.975707 -0.219579
12.346000 0.975926 -0.218603
12.347000 0.976143 -0.217627
12.348000 0.976360 -0.216651
12.349000 0.976576 -0.215675
12.350000 0.976790 -0.214698
12.351000 0.977004 -0.213721
12.352000 0.977217 -0.212744
12.353000 0.977429 -0.211767
12.354000 0.977639 -0.210789
12.355000 0.977849 -0.209811
12.356000 0.978058 -0.208833
12.357000 0.978266 -0.207855
12.358000 0.978473 -0.206877
12.359000 0.978679 -0.205898
12.360000 0.978884 -0.204919
12.361000 0.979087 -0.203940
12.362000 0.979290 -0.202961
12.363000 0.979492 -0.201982
12.364000 0.979693 -0.201002
12.365000 0.979893 -0.200023
12.366000 0.980092 -0.199043
12.367000 0.980290 -0.198062
12.368000 0.980488 -0.197082
12.369000 0.980684 -0.196101
12.370000 0.980879 -0.195121
12.371000 0.981073 -0.194140
12.372000 0.981266 -0.193158
12.373000 0.981458 -0.192177
12.374000 0.981649 -0.191196
12.375000 0.981840 -0.190214
12.376000 0.982029 -0.189232
12.377000 0.982217 -0.188250
12.378000 0.982404 -0.187267
12.379000 0.982591 -0.186285
12.380000 0.982776 -0.185302
12.381000 0.982960 -0.184319
12.382000 0.983143 -0.183336
12.383000 0.983326 -0.182353
12.384000 0.983507 -0.181370
12.385000 0.983688 -0.180386
12.386000 0.983867 -0.179402
12.387000 0.984045 -0.178418
12.388000 0.984223 -0.177434
12.389000 0.984399 -0.176450
12.390000 0.984575 -0.175465
12.391000 0.984749 -0.174481
12.392000 0.984923 -0.173496
12.393000 0.985095 -0.172511
12.394000 0.985267 -0.171526
12.395000 0.985437 -0.170540
12.396000 0.985607 -0.169555
12.397000 0.985775 -0.168569
12.398000 0.985943 -0.167583
12.399000 0.986110 -0.166597
12.400000 0.986275 -0.165611
12.401000 0.986440 -0.164625
12.402000 0.986603 -0.163638
12.403000 0.986766 -0.162652
12.404000 0.986928 -0.161665
12.405000 0.987088 -0.160678
12.406000 0.987248 -0.159690
12.407000 0.987407 -0.158703
12.408000 0.987564 -0.157716
12.409000 0.987721 -0.156728
12.410000 0.987877 -0.155740
12.411000 0.988032 -0.154752
12.412000 0.988185 -0.153764
12.413000 0.988338 -0.152776
12.414000 0.988490 -0.151787
12.415000 0.988641 -0.150799
12.416000 0.988791 -0.149810
12.417000 0.988939 -0.148821
12.418000 0.989087 -0.147832
12.419000 0.989234 -0.146843
12.420000 0.989380 -0.145854
12.421000 0.989525 -0.144864
12.422000 0.989669 -0.143875
12.423000 0.989811 -0.142885
12.424000 0.989953 -0.141895
12.425000 0.990094 -0.140905
12.426000 0.990234 -0.139915
12.427000 0.990373 -0.138925
12.428000 0.990511 -0.137934
12.429000 0.990648 -0.136944
12.430000 0.990784 -0.135953
12.431000 0.990919 -0.134962
12.432000 0.991053 -0.133971
12.433000 0.991186 -0.132980
12.434000 0.991318 -0.131989
12.435000 0.991449 -0.130997
12.436000 0.991579 -0.130006
12.437000 0.991708 -0.129014
12.438000 0.991836 -0.128022
12.439000 0.991963 -0.127031
12.440000 0.992089 -0.126039
12.441000 0.992214 -0.125046
12.442000 0.992338 -0.124054
12.443000 0.992461 -0.123062
12.444000 0.992583 -0.122069
12.445000 0.992704 -0.121077
12.446000 0.992824 -0.120084
12.447000 0.992943 -0.119091
12.448000 0.993061 -0.118098
12.449000 0.993179 -0.117105
12.450000 0.993295 -0.116112
12.451000 0.993410 -0.115118
12.452000 0.993524 -0.114125
12.453000 0.993637 -0.113131
12.454000 0.993749 -0.112137
12.455000 0.993860 -0.111144
12.456000 0.993970 -0.110150
12.457000 0.994080 -0.109156
12.458000 0.994188 -0.108162
12.459000 0.994295 -0.107167
12.460000 0.994401 -0.106173
12.461000 0.994506 -0.105178
12.462000 0.994610 -0.104184
12.463000 0.994714 -0.103189
12.464000 0.994816 -0.102195
12.465000 0.994917 -0.101200
12.466000 0.995017 -0.100205
12.467000 0.995116 -0.099210
12.468000 0.995215 -0.098214
12.469000 0.995312 -0.097219
12.470000 0.995408 -0.096224
12.471000 0.995503 -0.095228
12.472000 0.995598 -0.094233
12.473000 0.995691 -0.093237
12.474000 0.995783 -0.092241
12.475000 0.995874 -0.091246
12.476000 0.995964 -0.090250
12.477000 0.996054 -0.089254
12.478000 0.996142 -0.088258
12.479000 0.996229 -0.087261
12.480000 0.996316 -0.086265
12.481000 0.996401 -0.085269
12.482000 0.996485 -0.084272
12.483000 0.996568 -0.083276
12.484000 0.996651 -0.082279
12.485000 0.996732 -0.081282
12.486000 0.996812 -0.080286
12.487000 0.996891 -0.079289
12.488000 0.996970 -0.078292
12.489000 0.997047 -0.077295
12.490000 0.997123 -0.076298
12.491000 0.997199 -0.075301
12.492000 0.997273 -0.074303
12.493000 0.997346 -0.073306
12.494000 0.997419 -0.072309
12.495000 0.997490 -0.071311
12.496000 0.997560 -0.070314
12.497000 0.997629 -0.069316
12.498000 0.997698 -0.068319
12.499000 0.997765 -0.067321
12.500000 0.997831 -0.066323
12.501000 0.997897 -0.065325
12.502000 0.997961 -0.064327
12.503000 0.998024 -0.063329
12.504000 0.998087 -0.062331
12.505000 0.998148 -0.061333
12.506000 0.998208 -0.060335
12.507000 0.998268 -0.059337
12.508000 0.998326 -0.058338
12.509000 0.998383 -0.057340
12.510000 0.998440 -0.056342
12.511000 0.998495 -0.055343
12.512000 0.998549 -0.054345
12.513000 0.998603 -0.053346
12.514000 0.998655 -0.052347
12.515000 0.998706 -0.051349
12.516000 0.998757 -0.050350
12.517000 0.998806 -0.049351
12.518000 0.998855 -0.048352
12.519000 0.998902 -0.047353
12.520000 0.998948 -0.046355
12.521000 0.998994 -0.045356
12.522000 0.999038 -0.044357
12.523000 0.999081 -0.043357
12.524000 0.999124 -0.042358
12.525000 0.999165 -0.041359
12.526000 0.999205 -0.040360
12.527000 0.999245 -0.039361
12.528000 0.999283 -0.038362
12.529000 0.999320 -0.037362
12.530000 0.999357 -0.036363
12.531000 0.999392 -0.035364
12.532000 0.999427 -0.034364
12.533000 0.999460 -0.033365
12.534000 0.999492 -0.032365
12.535000 0.999524 -0.031366
12.536000 0.999554 -0.030366
12.537000 0.999583 -0.029367
12.538000 0.999612 -0.028367
12.539000 0.999639 -0.027367
12.540000 0.999665 -0.026368
12.541000 0.999691 -0.025368
12.542000 0.999715 -0.024368
12.543000 0.999739 -0.023369
12.544000 0.999761 -0.022369
12.545000 0.999782 -0.021369
12.546000 0.999803 -0.020369
12.547000 0.999822 -0.019369
12.548000 0.999840 -0.018370
12.549000 0.999858 -0.017370
12.550000 0.999874 -0.016370
12.551000 0.999890 -0.015370
12.552000 0.999904 -0.014370
12.553000 0.999917 -0.013370
12.554000 0.999930 -0.012370
12.555000 0.999941 -0.011370
12.556000 0.999951 -0.010370
12.557000 0.999961 -0.009370
12.558000 0.999969 -0.008371
12.559000 0.999977 -0.007371
12.560000 0.999983 -0.006371
12.561000 0.999988 -0.005371
12.562000 0.999993 -0.004371
12.563000 0.999996 -0.003371
12.564000 0.999998 -0.002371
12.565000 1.000000 -0.001371
12.566000 1.000000 -0.000371
12.567000 0.999999 0.000629
12.568000 0.999998 0.001629
12.569000 0.999995 0.002629
12.570000 0.999992 0.003629
12.571000 0.999987 0.004629
12.572000 0.999981 0.005629
12.573000 0.999975 0.006629
12.574000 0.999967 0.007629
12.575000 0.999958 0.008629
12.576000 0.999949 0.009629
12.577000 0.999938 0.010629
12.578000 0.999927 0.011629
12.579000 0.999914 0.012629
12.580000 0.999900 0.013629
12.581000 0.999886 0.014629
12.582000 0.999870 0.015629
12.583000 0.999853 0.016629
12.584000 0.999836 0.017628
12.585000 0.999817 0.018628
12.586000 0.999798 0.019628
12.587000 0.999777 0.020628
12.588000 0.999755 0.021628
12.589000 0.999733 0.022627
12.590000 0.999709 0.023627
12.591000 0.999684 0.024627
12.592000 0.999659 0.025626
12.593000 0.999632 0.026626
12.594000 0.999605 0.027626
12.595000 0.999576 0.028625
12.596000 0.999546 0.029625
12.597000 0.999516 0.030624
12.598000 0.999484 0.031624
12.599000 0.999451 0.032623
12.600000 0.999418 0.033623
12.601000 0.999383 0.034622
12.602000 0.999348 0.035622
12.603000 0.999311 0.036621
12.604000 0.999273 0.037620
12.605000 0.999235 0.038619
12.606000 0.999195 0.039619
12.607000 0.999154 0.040618
12.608000 0.999113 0.041617
12.609000 0.999070 0.042616
12.610000 0.999027 0.043615
12.611000 0.998982 0.044614
12.612000 0.998936 0.045613
12.613000 0.998890 0.046612
12.614000 0.998842 0.047611
12.615000 0.998794 0.048610
12.616000 0.998744 0.049608
12.617000 0.998693 0.050607
12.618000 0.998642 0.051606
12.619000 0.998589 0.052604
12.620000 0.998535 0.053603
12.621000 0.998481 0.054601
12.622000 0.998425 0.055600
12.623000 0.998369 0.056598
12.624000 0.998311 0.057597
12.625000 0.998252 0.058595
12.626000 0.998193 0.059593
12.627000 0.998132 0.060591
12.628000 0.998071 0.061589
12.629000 0.998008 0.062587
12.630000 0.997945 0.063585
12.631000 0.997880 0.064583
12.632000 0.997814 0.065581
12.633000 0.997748 0.066579
12.634000 0.997680 0.067577
12.635000 0.997612 0.068574
12.636000 0.997542 0.069572
12.637000 0.997471 0.070569
12.638000 0.997400 0.071567
12.639000 0.997327 0.072564
12.640000 0.997254 0.073562
12.641000 0.997179 0.074559
12.642000 0.997104 0.075556
12.643000 0.997027 0.076553
12.644000 0.996950 0.077550
12.645000 0.996871 0.078547
12.646000 0.996791 0.079544
12.647000 0.996711 0.080540
12.648000 0.996629 0.081537
12.649000 0.996547 0.082534
12.650000 0.996463 0.083530
12.651000 0.996379 0.084527
12.652000 0.996293 0.085523
12.653000 0.996207 0.086519
12.654000 0.996119 0.087515
12.655000 0.996031 0.088511
12.656000 0.995941 0.089507
12.657000 0.995851 0.090503
12.658000 0.995759 0.091499
12.659000 0.995667 0.092495
12.660000 0.995573 0.093490
12.661000 0.995479 0.094486
12.662000 0.995383 0.095481
12.663000 0.995287 0.096477
12.664000 0.995189 0.097472
12.665000 0.995091 0.098467
12.666000 0.994991 0.099462
12.667000 0.994891 0.100457
12.668000 0.994789 0.101452
12.669000 0.994687 0.102447
12.670000 0.994584 0.103441
12.671000 0.994479 0.104436
12.672000 0.994374 0.105430
12.673000 0.994267 0.106425
12.674000 0.994160 0.107419
12.675000 0.994051 0.108413
12.676000 0.993942 0.109407
12.677000 0.993832 0.110401
12.678000 0.993720 0.111395
12.679000 0.993608 0.112388
12.680000 0.993494 0.113382
12.681000 0.993380 0.114375
12.682000 0.993265 0.115369
12.683000 0.993148 0.116362
12.684000 0.993031 0.117355
12.685000 0.992913 0.118348
12.686000 0.992793 0.119341
12.687000 0.992673 0.120333
12.688000 0.992552 0.121326
12.689000 0.992429 0.122319
12.690000 0.992306 0.123311
12.691000 0.992182 0.124303
12.692000 0.992056 0.125295
12.693000 0.991930 0.126287
12.694000 0.991803 0.127279
12.695000 0.991675 0.128271
12.696000 0.991545 0.129262
12.697000 0.991415 0.130254
12.698000 0.991284 0.131245
12.699000 0.991151 0.132236
12.700000 0.991018 0.133228
12.701000 0.990884 0.134219
12.702000 0.990749 0.135209
12.703000 0.990613 0.136200
12.704000 0.990475 0.137191
12.705000 0.990337 0.138181
12.706000 0.990198 0.139171
12.707000 0.990058 0.140161
12.708000 0.989917 0.141151
12.709000 0.989775 0.142141
12.710000 0.989631 0.143131
12.711000 0.989487 0.144120
12.712000 0.989342 0.145110
12.713000 0.989196 0.146099
12.714000 0.989049 0.147088
12.715000 0.988901 0.148077
12.716000 0.988752 0.149066
12.717000 0.988602 0.150055
12.718000 0.988451 0.151043
12.719000 0.988299 0.152032
12.720000 0.988146 0.153020
12.721000 0.987992 0.154008
12.722000 0.987837 0.154996
12.723000 0.987681 0.155984
12.724000 0.987524 0.156971
12.725000 0.987366 0.157959
12.726000 0.987207 0.158946
12.727000 0.987047 0.159933
12.728000 0.986886 0.160920
12.729000 0.986724 0.161907
12.730000 0.986561 0.162893
12.731000 0.986397 0.163880
12.732000 0.986232 0.164866
12.733000 0.986066 0.165852
12.734000 0.985900 0.166838
12.735000 0.985732 0.167824
12.736000 0.985563 0.168810
12.737000 0.985393 0.169795
12.738000 0.985222 0.170781
12.739000 0.985051 0.171766
12.740000 0.984878 0.172751
12.741000 0.984704 0.173736
12.742000 0.984529 0.174720
12.743000 0.984354 0.175705
12.744000 0.984177 0.176689
12.745000 0.983999 0.177673
12.746000 0.983821 0.178657
12.747000 0.983641 0.179641
12.748000 0.983460 0.180624
12.749000 0.983279 0.181608
12.750000 0.983096 0.182591
12.751000 0.982913 0.183574
12.752000 0.982728 0.184557
12.753000 0.982542 0.185539
12.754000 0.982356 0.186522
12.755000 0.982168 0.187504
12.756000 0.981980 0.188486
12.757000 0.981790 0.189468
12.758000 0.981600 0.190450
12.759000 0.981409 0.191431
12.760000 0.981216 0.192412
12.761000 0.981023 0.193393
12.762000 0.980828 0.194374
12.763000 0.980633 0.195355
12.764000 0.980437 0.196336
12.765000 0.980239 0.197316
12.766000 0.980041 0.198296
12.767000 0.979842 0.199276
12.768000 0.979641 0.200256
12.769000 0.979440 0.201235
12.770000 0.979238 0.202215
12.771000 0.979035 0.203194
12.772000 0.978831 0.204173
12.773000 0.978625 0.205152
12.774000 0.978419 0.206130
12.775000 0.978212 0.207108
12.776000 0.978004 0.208086
12.777000 0.977795 0.209064
12.778000 0.977585 0.210042
12.779000 0.977374 0.211020
12.780000 0.977162 0.211997
12.781000 0.976949 0.212974
12.782000 0.976735 0.213951
12.783000 0.976520 0.214927
12.784000 0.976304 0.215904
12.785000 0.976087 0.216880
12.786000 0.975869 0.217856
12.787000 0.975650 0.218832
12.788000 0.975431 0.219807
12.789000 0.975210 0.220783
12.790000 0.974988 0.221758
12.791000 0.974765 0.222732
12.792000 0.974542 0.223707
12.793000 0.974317 0.224682
12.794000 0.974091 0.225656
12.795000 0.973865 0.226630
12.796000 0.973637 0.227604
12.797000 0.973408 0.228577
12.798000 0.973179 0.229550
12.799000 0.972948 0.230523
12.800000 0.972717 0.231496
12.801000 0.972484 0.232469
12.802000 0.972251 0.233441
12.803000 0.972016 0.234413
12.804000 0.971781 0.235385
12.805000 0.971545 0.236357
12.806000 0.971307 0.237328
12.807000 0.971069 0.238299
12.808000 0.970830 0.239270
12.809000 0.970589 0.240241
12.810000 0.970348 0.241212
12.811000 0.970106 0.242182
12.812000 0.969863 0.243152
12.813000 0.969619 0.244122
12.814000 0.969374 0.245091
12.815000 0.969128 0.246060
12.816000 0.968881 0.247029
12.817000 0.968633 0.247998
12.818000 0.968384 0.248967
12.819000 0.968134 0.249935
12.820000 0.967883 0.250903
12.821000 0.967631 0.251871
12.822000 0.967378 0.252838
12.823000 0.967124 0.253805
12.824000 0.966869 0.254772
12.825000 0.966614 0.255739
12.826000 0.966357 0.256706
12.827000 0.966099 0.257672
12.828000 0.965840 0.258638
12.829000 0.965581 0.259604
12.830000 0.965320 0.260569
12.831000 0.965059 0.261534
12.832000 0.964796 0.262499
12.833000 0.964533 0.263464
12.834000 0.964268 0.264428
12.835000 0.964003 0.265392
12.836000 0.963737 0.266356
12.837000 0.963469 0.267320
12.838000 0.963201 0.268283
12.839000 0.962932 0.269246
12.840000 0.962661 0.270209
12.841000 0.962390 0.271171
12.842000 0.962118 0.272134
12.843000 0.961845 0.273096
12.844000 0.961571 0.274057
12.845000 0.961296 0.275019
12.846000 0.961020 0.275980
12.847000 0.960743 0.276941
12.848000 0.960465 0.277901
12.849000 0.960186 0.278862
12.850000 0.959906 0.279822
12.851000 0.959625 0.280782
12.852000 0.959344 0.281741
12.853000 0.959061 0.282700
12.854000 0.958777 0.283659
12.855000 0.958493 0.284618
12.856000 0.958207 0.285576
12.857000 0.957920 0.286534
12.858000 0.957633 0.287492
12.859000 0.957344 0.288450
12.860000 0.957055 0.289407
12.861000 0.956765 0.290364
12.862000 0.956473 0.291320
12.863000 0.956181 0.292277
12.864000 0.955888 0.293233
12.865000 0.955594 0.294188
12.866000 0.955298 0.295144
12.867000 0.955002 0.296099
12.868000 0.954705 0.297054
12.869000 0.954407 0.298008
12.870000 0.954108 0.298963
12.871000 0.953808 0.299917
12.872000 0.953507 0.300870
12.873000 0.953205 0.301824
12.874000 0.952903 0.302777
12.875000 0.952599 0.303729
12.876000 0.952294 0.304682
12.877000 0.951989 0.305634
12.878000 0.951682 0.306586
12.879000 0.951374 0.307537
12.880000 0.951066 0.308489
12.881000 0.950756 0.309440
12.882000 0.950446 0.310390
12.883000 0.950135 0.311340
12.884000 0.949822 0.312290
12.885000 0.949509 0.313240
12.886000 0.949195 0.314189
12.887000 0.948880 0.315138
12.888000 0.948564 0.316087
12.889000 0.948246 0.317036
12.890000 0.947928 0.317984
12.891000 0.947610 0.318931
12.892000 0.947290 0.319879
12.893000 0.946969 0.320826
12.894000 0.946647 0.321773
12.895000 0.946324 0.322719
12.896000 0.946001 0.323665
12.897000 0.945676 0.324611
12.898000 0.945350 0.325557
12.899000 0.945024 0.326502
12.900000 0.944696 0.327447
12.901000 0.944368 0.328391
12.902000 0.944039 0.329336
12.903000 0.943708 0.330279
12.904000 0.943377 0.331223
12.905000 0.943045 0.332166
12.906000 0.942712 0.333109
12.907000 0.942378 0.334052
12.908000 0.942043 0.334994
12.909000 0.941707 0.335936
12.910000 0.941370 0.336877
12.911000 0.941032 0.337818
12.912000 0.940693 0.338759
12.913000 0.940353 0.339700
12.914000 0.940013 0.340640
12.915000 0.939671 0.341580
12.916000 0.939328 0.342519
12.917000 0.938985 0.343459
12.918000 0.938641 0.344397
12.919000 0.938295 0.345336
12.920000 0.937949 0.346274
12.921000 0.937602 0.347212
12.922000 0.937253 0.348149
12.923000 0.936904 0.349086
12.924000 0.936554 0.350023
12.925000 0.936203 0.350959
12.926000 0.935851 0.351895
12.927000 0.935498 0.352831
12.928000 0.935145 0.353766
12.929000 0.934790 0.354701
12.930000 0.934434 0.355636
12.931000 0.934078 0.356570
12.932000 0.933720 0.357504
12.933000 0.933362 0.358438
12.934000 0.933002 0.359371
12.935000 0.932642 0.360304
12.936000 0.932281 0.361236
12.937000 0.931918 0.362168
12.938000 0.931555 0.363100
12.939000 0.931191 0.364031
12.940000 0.930826 0.364962
12.941000 0.930460 0.365893
12.942000 0.930093 0.366823
12.943000 0.929726 0.367753
12.944000 0.929357 0.368683
12.945000 0.928987 0.369612
12.946000 0.928617 0.370541
12.947000 0.928245 0.371469
12.948000 0.927873 0.372397
12.949000 0.927499 0.373325
12.950000 0.927125 0.374252
12.951000 0.926750 0.375179
12.952000 0.926374 0.376106
12.953000 0.925997 0.377032
12.954000 0.925619 0.377958
12.955000 0.925240 0.378883
12.956000 0.924860 0.379808
12.957000 0.924479 0.380733
12.958000 0.924098 0.381657
12.959000 0.923715 0.382581
12.960000 0.923331 0.383504
12.961000 0.922947 0.384428
12.962000 0.922562 0.385350
12.963000 0.922175 0.386273
12.964000 0.921788 0.387195
12.965000 0.921400 0.388116
12.966000 0.921011 0.389038
12.967000 0.920621 0.389958
12.968000 0.920230 0.390879
12.969000 0.919838 0.391799
12.970000 0.919445 0.392718
12.971000 0.919052 0.393638
12.972000 0.918657 0.394557
12.973000 0.918261 0.395475
12.974000 0.917865 0.396393
12.975000 0.917468 0.397311
12.976000 0.917069 0.398228
12.977000 0.916670 0.399145
12.978000 0.916270 0.400061
12.979000 0.915869 0.400977
12.980000 0.915467 0.401893
12.981000 0.915064 0.402808
12.982000 0.914661 0.403723
12.983000 0.914256 0.404638
12.984000 0.913850 0.405552
12.985000 0.913444 0.406465
12.986000 0.913036 0.407379
12.987000 0.912628 0.408291
12.988000 0.912219 0.409204
12.989000 0.911809 0.410116
12.990000 0.911397 0.411027
12.991000 0.910985 0.411939
12.992000 0.910573 0.412849
12.993000 0.910159 0.413760
12.994000 0.909744 0.414670
12.995000 0.909328 0.415579
12.996000 0.908912 0.416488
12.997000 0.908494 0.417397
12.998000 0.908076 0.418305
12.999000 0.907657 0.419213
13.000000 0.907237 0.420121
13.001000 0.906816 0.421028
13.002000 0.906394 0.421934
13.003000 0.905971 0.422841
13.004000 0.905547 0.423746
13.005000 0.905122 0.424652
13.006000 0.904697 0.425557
13.007000 0.904270 0.426461
13.008000 0.903843 0.427365
13.009000 0.903414 0.428269
13.010000 0.902985 0.429172
13.011000 0.902555 0.430075
13.012000 0.902124 0.430977
13.013000 0.901692 0.431879
13.014000 0.901259 0.432780
13.015000 0.900826 0.433681
13.016000 0.900391 0.434582
13.017000 0.899955 0.435482
13.018000 0.899519 0.436382
13.019000 0.899082 0.437281
13.020000 0.898643 0.438180
13.021000 0.898204 0.439079
13.022000 0.897764 0.439977
13.023000 0.897323 0.440874
13.024000 0.896882 0.441771
13.025000 0.896439 0.442668
13.026000 0.895995 0.443564
13.027000 0.895551 0.444460
13.028000 0.895105 0.445355
13.029000 0.894659 0.446250
13.030000 0.894212 0.447144
13.031000 0.893764 0.448038
13.032000 0.893315 0.448932
13.033000 0.892865 0.449825
13.034000 0.892414 0.450718
13.035000 0.891962 0.451610
13.036000 0.891510 0.452502
13.037000 0.891056 0.453393
13.038000 0.890602 0.454284
13.039000 0.890147 0.455174
13.040000 0.889691 0.456064
13.041000 0.889234 0.456954
13.042000 0.888776 0.457843
13.043000 0.888317 0.458731
13.044000 0.887857 0.459619
13.045000 0.887397 0.460507
13.046000 0.886935 0.461394
13.047000 0.886473 0.462281
13.048000 0.886010 0.463167
13.049000 0.885546 0.464053
13.050000 0.885081 0.464938
13.051000 0.884615 0.465823
13.052000 0.884148 0.466707
13.053000 0.883680 0.467591
13.054000 0.883212 0.468475
13.055000 0.882742 0.469358
13.056000 0.882272 0.470240
13.057000 0.881801 0.471122
13.058000 0.881329 0.472004
13.059000 0.880856 0.472885
13.060000 0.880382 0.473765
13.061000 0.879907 0.474646
13.062000 0.879432 0.475525
13.063000 0.878955 0.476404
13.064000 0.878478 0.477283
13.065000 0.878000 0.478161
13.066000 0.877521 0.479039
13.067000 0.877041 0.479916
13.068000 0.876560 0.480793
13.069000 0.876078 0.481670
13.070000 0.875595 0.482545
13.071000 0.875112 0.483421
13.072000 0.874628 0.484296
13.073000 0.874142 0.485170
13.074000 0.873656 0.486044
13.075000 0.873169 0.486917
13.076000 0.872681 0.487790
13.077000 0.872193 0.488663
13.078000 0.871703 0.489535
13.079000 0.871213 0.490406
13.080000 0.870721 0.491277
13.081000 0.870229 0.492147
13.082000 0.869736 0.493017
13.083000 0.869242 0.493887
13.084000 0.868747 0.494756
13.085000 0.868252 0.495624
13.086000 0.867755 0.496492
13.087000 0.867258 0.497360
13.088000 0.866759 0.498227
13.089000 0.866260 0.499093
13.090000 0.865760 0.499959
13.091000 0.865259 0.500825
13.092000 0.864757 0.501690
13.093000 0.864255 0.502554
13.094000 0.863751 0.503418
13.095000 0.863247 0.504282
13.096000 0.862742 0.505145
13.097000 0.862236 0.506007
13.098000 0.861729 0.506869
13.099000 0.861221 0.507731
13.100000 0.860712 0.508592
13.101000 0.860203 0.509452
13.102000 0.859692 0.510312
13.103000 0.859181 0.511172
13.104000 0.858669 0.512031
13.105000 0.858156 0.512889
13.106000 0.857642 0.513747
13.107000 0.857128 0.514604
13.108000 0.856612 0.515461
13.109000 0.856096 0.516318
13.110000 0.855578 0.517173
13.111000 0.855060 0.518029
13.112000 0.854541 0.518884
13.113000 0.854022 0.519738
13.114000 0.853501 0.520592
13.115000 0.852979 0.521445
13.116000 0.852457 0.522298
13.117000 0.851934 0.523150
13.118000 0.851410 0.524001
13.119000 0.850885 0.524853
13.120000 0.850359 0.525703
13.121000 0.849832 0.526553
13.122000 0.849305 0.527403
13.123000 0.848777 0.528252
13.124000 0.848247 0.529100
13.125000 0.847717 0.529948
13.126000 0.847186 0.530796
13.127000 0.846655 0.531643
13.128000 0.846122 0.532489
13.129000 0.845589 0.533335
13.130000 0.845055 0.534180
13.131000 0.844519 0.535025
13.132000 0.843983 0.535869
13.133000 0.843447 0.536713
13.134000 0.842909 0.537556
13.135000 0.842371 0.538399
13.136000 0.841831 0.539241
13.137000 0.841291 0.540083
13.138000 0.840750 0.540924
13.139000 0.840208 0.541764
13.140000 0.839666 0.542604
13.141000 0.839122 0.543443
13.142000 0.838578 0.544282
13.143000 0.838032 0.545121
13.144000 0.837486 0.545958
13.145000 0.836940 0.546796
13.146000 0.836392 0.547632
13.147000 0.835843 0.548468
13.148000 0.835294 0.549304
13.149000 0.834744 0.550139
13.150000 0.834193 0.550973
13.151000 0.833641 0.551807
13.152000 0.833088 0.552641
13.153000 0.832534 0.553473
13.154000 0.831980 0.554306
13.155000 0.831425 0.555137
13.156000 0.830869 0.555969
13.157000 0.830312 0.556799
13.158000 0.829754 0.557629
13.159000 0.829196 0.558459
13.160000 0.828636 0.559288
13.161000 0.828076 0.560116
13.162000 0.827515 0.560944
13.163000 0.826953 0.561771
13.164000 0.826391 0.562598
13.165000 0.825827 0.563424
13.166000 0.825263 0.564249
13.167000 0.824698 0.565074
13.168000 0.824132 0.565899
13.169000 0.823565 0.566723
13.170000 0.822997 0.567546
13.171000 0.822429 0.568369
13.172000 0.821859 0.569191
13.173000 0.821289 0.570012
13.174000 0.820718 0.570833
13.175000 0.820147 0.571654
13.176000 0.819574 0.572474
13.177000 0.819001 0.573293
13.178000 0.818426 0.574112
13.179000 0.817851 0.574930
13.180000 0.817276 0.575747
13.181000 0.816699 0.576564
13.182000 0.816121 0.577381
13.183000 0.815543 0.578196
13.184000 0.814964 0.579012
13.185000 0.814384 0.579826
13.186000 0.813803 0.580640
13.187000 0.813222 0.581454
13.188000 0.812639 0.582267
13.189000 0.812056 0.583079
13.190000 0.811472 0.583891
13.191000 0.810888 0.584702
13.192000 0.810302 0.585513
13.193000 0.809716 0.586323
13.194000 0.809128 0.587132
13.195000 0.808540 0.587941
13.196000 0.807951 0.588749
13.197000 0.807362 0.589557
13.198000 0.806771 0.590364
13.199000 0.806180 0.591171
13.200000 0.805588 0.591976
13.201000 0.804995 0.592782
13.202000 0.804401 0.593586
13.203000 0.803807 0.594391
13.204000 0.803212 0.595194
13.205000 0.802615 0.595997
13.206000 0.802019 0.596799
13.207000 0.801421 0.597601
13.208000 0.800822 0.598402
13.209000 0.800223 0.599203
13.210000 0.799623 0.600003
13.211000 0.799022 0.600802
13.212000 0.798420 0.601601
13.213000 0.797818 0.602399
13.214000 0.797215 0.603196
13.215000 0.796610 0.603993
13.216000 0.796006 0.604789
13.217000 0.795400 0.605585
13.218000 0.794793 0.606380
13.219000 0.794186 0.607175
13.220000 0.793578 0.607969
13.221000 0.792969 0.608762
13.222000 0.792360 0.609555
13.223000 0.791749 0.610347
13.224000 0.791138 0.611138
13.225000 0.790526 0.611929
13.226000 0.789913 0.612719
13.227000 0.789299 0.613509
13.228000 0.788685 0.614298
13.229000 0.788070 0.615086
13.230000 0.787454 0.615874
13.231000 0.786837 0.616661
13.232000 0.786220 0.617447
13.233000 0.785601 0.618233
13.234000 0.784982 0.619019
13.235000 0.784362 0.619803
13.236000 0.783741 0.620587
13.237000 0.783120 0.621371
13.238000 0.782498 0.622154
13.239000 0.781875 0.622936
13.240000 0.781251 0.623717
13.241000 0.780626 0.624498
13.242000 0.780001 0.625279
13.243000 0.779375 0.626058
13.244000 0.778748 0.626837
13.245000 0.778120 0.627616
13.246000 0.777491 0.628394
13.247000 0.776862 0.629171
13.248000 0.776232 0.629947
13.249000 0.775601 0.630723
13.250000 0.774970 0.631499
13.251000 0.774337 0.632273
13.252000 0.773704 0.633047
13.253000 0.773070 0.633821
13.254000 0.772435 0.634593
13.255000 0.771800 0.635366
13.256000 0.771164 0.636137
13.257000 0.770527 0.636908
13.258000 0.769889 0.637678
13.259000 0.769250 0.638448
13.260000 0.768611 0.639217
13.261000 0.767971 0.639985
13.262000 0.767330 0.640752
13.263000 0.766688 0.641519
13.264000 0.766046 0.642286
13.265000 0.765403 0.643052
13.266000 0.764759 0.643817
13.267000 0.764114 0.644581
13.268000 0.763469 0.645345
13.269000 0.762823 0.646108
13.270000 0.762176 0.646871
13.271000 0.761528 0.647632
13.272000 0.760879 0.648394
13.273000 0.760230 0.649154
13.274000 0.759580 0.649914
13.275000 0.758929 0.650673
13.276000 0.758278 0.651432
13.277000 0.757625 0.652190
13.278000 0.756972 0.652947
13.279000 0.756318 0.653704
13.280000 0.755664 0.654460
13.281000 0.755009 0.655215
13.282000 0.754352 0.655970
13.283000 0.753696 0.656724
13.284000 0.753038 0.657477
13.285000 0.752380 0.658230
13.286000 0.751721 0.658982
13.287000 0.751061 0.659733
13.288000 0.750400 0.660484
13.289000 0.749739 0.661234
13.290000 0.749077 0.661984
13.291000 0.748414 0.662732
13.292000 0.747750 0.663480
13.293000 0.747086 0.664228
13.294000 0.746421 0.664975
13.295000 0.745755 0.665721
13.296000 0.745088 0.666466
13.297000 0.744421 0.667211
13.298000 0.743753 0.667955
13.299000 0.743084 0.668698
13.300000 0.742414 0.669441
13.301000 0.741744 0.670183
13.302000 0.741073 0.670925
13.303000 0.740401 0.671665
13.304000 0.739729 0.672405
13.305000 0.739055 0.673145
13.306000 0.738381 0.673883
13.307000 0.737707 0.674622
13.308000 0.737031 0.675359
13.309000 0.736355 0.676096
13.310000 0.735678 0.676832
13.311000 0.735000 0.677567
13.312000 0.734322 0.678302
13.313000 0.733643 0.679036
13.314000 0.732963 0.679769
13.315000 0.732282 0.680502
13.316000 0.731601 0.681233
13.317000 0.730919 0.681965
13.318000 0.730236 0.682695
13.319000 0.729552 0.683425
13.320000 0.728868 0.684154
13.321000 0.728183 0.684883
13.322000 0.727497 0.685611
13.323000 0.726811 0.686338
13.324000 0.726124 0.687064
13.325000 0.725436 0.687790
13.326000 0.724747 0.688515
13.327000 0.724058 0.689240
13.328000 0.723368 0.689963
13.329000 0.722677 0.690686
13.330000 0.721985 0.691409
13.331000 0.721293 0.692130
13.332000 0.720600 0.692851
13.333000 0.719906 0.693572
13.334000 0.719212 0.694291
13.335000 0.718517 0.695010
13.336000 0.717821 0.695728
13.337000 0.717124 0.696446
13.338000 0.716427 0.697162
13.339000 0.715729 0.697878
13.340000 0.715030 0.698594
13.341000 0.714331 0.699309
13.342000 0.713630 0.700023
13.343000 0.712930 0.700736
13.344000 0.712228 0.701448
13.345000 0.711526 0.702160
13.346000 0.710823 0.702871
13.347000 0.710119 0.703582
13.348000 0.709414 0.704292
13.349000 0.708709 0.705001
13.350000 0.708003 0.705709
13.351000 0.707297 0.706417
13.352000 0.706590 0.707124
13.353000 0.705882 0.707830
13.354000 0.705173 0.708535
13.355000 0.704464 0.709240
13.356000 0.703754 0.709944
13.357000 0.703043 0.710648
13.358000 0.702331 0.711350
13.359000 0.701619 0.712052
13.360000 0.700906 0.712754
13.361000 0.700193 0.713454
13.362000 0.699478 0.714154
13.363000 0.698763 0.714853
13.364000 0.698047 0.715552
13.365000 0.697331 0.716249
13.366000 0.696614 0.716946
13.367000 0.695896 0.717643
13.368000 0.695178 0.718338
13.369000 0.694459 0.719033
13.370000 0.693739 0.719727
13.371000 0.693018 0.720420
13.372000 0.692297 0.721113
13.373000 0.691575 0.721805
13.374000 0.690852 0.722496
13.375000 0.690129 0.723187
13.376000 0.689405 0.723876
13.377000 0.688680 0.724565
13.378000 0.687955 0.725254
13.379000 0.687229 0.725941
13.380000 0.686502 0.726628
13.381000 0.685774 0.727314
13.382000 0.685046 0.728000
13.383000 0.684317 0.728684
13.384000 0.683588 0.729368
13.385000 0.682858 0.730052
13.386000 0.682127 0.730734
13.387000 0.681395 0.731416
13.388000 0.680663 0.732097
13.389000 0.679930 0.732777
13.390000 0.679196 0.733457
13.391000 0.678462 0.734136
13.392000 0.677727 0.734814
13.393000 0.676991 0.735491
13.394000 0.676255 0.736168
13.395000 0.675518 0.736844
13.396000 0.674780 0.737519
13.397000 0.674042 0.738193
13.398000 0.673303 0.738867
13.399000 0.672563 0.739540
13.400000 0.671823 0.740212
13.401000 0.671082 0.740883
13.402000 0.670340 0.741554
13.403000 0.669598 0.742224
13.404000 0.668855 0.742893
13.405000 0.668111 0.743562
13.406000 0.667367 0.744230
13.407000 0.666622 0.744896
13.408000 0.665876 0.745563
13.409000 0.665129 0.746228
13.410000 0.664382 0.746893
13.411000 0.663635 0.747557
13.412000 0.662886 0.748220
13.413000 0.662137 0.748883
13.414000 0.661387 0.749545
13.415000 0.660637 0.750206
13.416000 0.659886 0.750866
13.417000 0.659134 0.751525
13.418000 0.658382 0.752184
13.419000 0.657629 0.752842
13.420000 0.656875 0.753499
13.421000 0.656121 0.754156
13.422000 0.655366 0.754812
13.423000 0.654610 0.755467
13.424000 0.653854 0.756121
13.425000 0.653097 0.756774
13.426000 0.652340 0.757427
13.427000 0.651581 0.758079
13.428000 0.650822 0.758730
13.429000 0.650063 0.759381
13.430000 0.649303 0.760030
13.431000 0.648542 0.760679
13.432000 0.647780 0.761327
13.433000 0.647018 0.761975
13.434000 0.646255 0.762621
13.435000 0.645492 0.763267
13.436000 0.644728 0.763912
13.437000 0.643963 0.764557
13.438000 0.643198 0.765200
13.439000 0.642432 0.765843
13.440000 0.641665 0.766485
13.441000 0.640898 0.767126
13.442000 0.640130 0.767767
13.443000 0.639361 0.768407
13.444000 0.638592 0.769046
13.445000 0.637822 0.769684
13.446000 0.637052 0.770321
13.447000 0.636280 0.770958
13.448000 0.635509 0.771594
13.449000 0.634736 0.772229
13.450000 0.633963 0.772863
13.451000 0.633189 0.773497
13.452000 0.632415 0.774130
13.453000 0.631640 0.774762
13.454000 0.630865 0.775393
13.455000 0.630088 0.776024
13.456000 0.629312 0.776653
13.457000 0.628534 0.777282
13.458000 0.627756 0.777910
13.459000 0.626977 0.778538
13.460000 0.626198 0.779164
13.461000 0.625418 0.779790
13.462000 0.624637 0.780415
13.463000 0.623856 0.781039
13.464000 0.623074 0.781663
13.465000 0.622292 0.782285
13.466000 0.621509 0.782907
13.467000 0.620725 0.783528
13.468000 0.619941 0.784149
13.469000 0.619156 0.784768
13.470000 0.618370 0.785387
13.471000 0.617584 0.786005
13.472000 0.616797 0.786622
13.473000 0.616010 0.787239
13.474000 0.615222 0.787854
13.475000 0.614433 0.788469
13.476000 0.613644 0.789083
13.477000 0.612854 0.789696
13.478000 0.612063 0.790309
13.479000 0.611272 0.790921
13.480000 0.610480 0.791531
13.481000 0.609688 0.792142
13.482000 0.608895 0.792751
13.483000 0.608102 0.793359
13.484000 0.607307 0.793967
13.485000 0.606513 0.794574
13.486000 0.605717 0.795180
13.487000 0.604921 0.795785
13.488000 0.604125 0.796390
13.489000 0.603328 0.796994
13.490000 0.602530 0.797597
13.491000 0.601731 0.798199
13.492000 0.600932 0.798800
13.493000 0.600133 0.799401
13.494000 0.599333 0.800000
13.495000 0.598532 0.800599
13.496000 0.597730 0.801197
13.497000 0.596928 0.801795
13.498000 0.596126 0.802391
13.499000 0.595323 0.802987
13.500000 0.594519 0.803582
13.501000 0.593714 0.804176
13.502000 0.592909 0.804769
13.503000 0.592104 0.805362
13.504000 0.591298 0.805953
13.505000 0.590491 0.806544
13.506000 0.589684 0.807134
13.507000 0.588876 0.807724
13.508000 0.588067 0.808312
13.509000 0.587258 0.808900
13.510000 0.586448 0.809487
13.511000 0.585638 0.810073
13.512000 0.584827 0.810658
13.513000 0.584016 0.811242
13.514000 0.583204 0.811826
13.515000 0.582391 0.812409
13.516000 0.581578 0.812991
13.517000 0.580764 0.813572
13.518000 0.579950 0.814152
13.519000 0.579135 0.814732
13.520000 0.578319 0.815311
13.521000 0.577503 0.815889
13.522000 0.576687 0.816466
13.523000 0.575869 0.817042
13.524000 0.575051 0.817617
13.525000 0.574233 0.818192
13.526000 0.573414 0.818766
13.527000 0.572595 0.819339
13.528000 0.571774 0.819911
13.529000 0.570954 0.820482
13.530000 0.570132 0.821053
13.531000 0.569311 0.821623
13.532000 0.568488 0.822192
13.533000 0.567665 0.822760
13.534000 0.566842 0.823327
13.535000 0.566018 0.823893
13.536000 0.565193 0.824459
13.537000 0.564368 0.825024
13.538000 0.563542 0.825588
13.539000 0.562715 0.826151
13.540000 0.561889 0.826713
13.541000 0.561061 0.827275
13.542000 0.560233 0.827835
13.543000 0.559404 0.828395
13.544000 0.558575 0.828954
13.545000 0.557745 0.829512
13.546000 0.556915 0.830069
13.547000 0.556084 0.830626
13.548000 0.555253 0.831182
13.549000 0.554421 0.831736
13.550000 0.553588 0.832290
13.551000 0.552755 0.832844
13.552000 0.551922 0.833396
13.553000 0.551088 0.833947
13.554000 0.550253 0.834498
13.555000 0.549418 0.835048
13.556000 0.548582 0.835597
13.557000 0.547745 0.836145
13.558000 0.546909 0.836692
13.559000 0.546071 0.837239
13.560000 0.545233 0.837785
13.561000 0.544394 0.838329
13.562000 0.543555 0.838873
13.563000 0.542716 0.839417
13.564000 0.541876 0.839959
13.565000 0.541035 0.840500
13.566000 0.540194 0.841041
13.567000 0.539352 0.841581
13.568000 0.538509 0.842120
13.569000 0.537666 0.842658
13.570000 0.536823 0.843195
13.571000 0.535979 0.843731
13.572000 0.535135 0.844267
13.573000 0.534290 0.844802
13.574000 0.533444 0.845335
13.575000 0.532598 0.845869
13.576000 0.531751 0.846401
13.577000 0.530904 0.846932
13.578000 0.530056 0.847462
13.579000 0.529208 0.847992
13.580000 0.528359 0.848521
13.581000 0.527510 0.849049
13.582000 0.526660 0.849576
13.583000 0.525810 0.850102
13.584000 0.524959 0.850628
13.585000 0.524108 0.851152
13.586000 0.523256 0.851676
13.587000 0.522403 0.852199
13.588000 0.521550 0.852721
13.589000 0.520697 0.853242
13.590000 0.519843 0.853762
13.591000 0.518988 0.854281
13.592000 0.518133 0.854800
13.593000 0.517278 0.855318
13.594000 0.516422 0.855834
13.595000 0.515565 0.856350
13.596000 0.514708 0.856866
13.597000 0.513850 0.857380
13.598000 0.512992 0.857893
13.599000 0.512134 0.858406
13.600000 0.511274 0.858918
13.601000 0.510415 0.859428
13.602000 0.509555 0.859938
13.603000 0.508694 0.860448
13.604000 0.507833 0.860956
13.605000 0.506971 0.861463
13.606000 0.506109 0.861970
13.607000 0.505246 0.862475
13.608000 0.504383 0.862980
13.609000 0.503519 0.863484
13.610000 0.502655 0.863987
13.611000 0.501790 0.864490
13.612000 0.500925 0.864991
13.613000 0.500059 0.865491
13.614000 0.499193 0.865991
13.615000 0.498326 0.866490
13.616000 0.497459 0.866988
13.617000 0.496591 0.867485
13.618000 0.495723 0.867981
13.619000 0.494854 0.868476
13.620000 0.493985 0.868971
13.621000 0.493115 0.869464
13.622000 0.492245 0.869957
13.623000 0.491374 0.870449
13.624000 0.490503 0.870940
13.625000 0.489631 0.871430
13.626000 0.488759 0.871919
13.627000 0.487887 0.872407
13.628000 0.487013 0.872895
13.629000 0.486140 0.873381
13.630000 0.485266 0.873867
13.631000 0.484391 0.874352
13.632000 0.483516 0.874836
13.633000 0.482640 0.875319
13.634000 0.481764 0.875801
13.635000 0.480888 0.876282
13.636000 0.480011 0.876763
13.637000 0.479133 0.877242
13.638000 0.478255 0.877721
13.639000 0.477377 0.878199
13.640000 0.476498 0.878676
13.641000 0.475619 0.879152
13.642000 0.474739 0.879627
13.643000 0.473858 0.880101
13.644000 0.472977 0.880575
13.645000 0.472096 0.881047
13.646000 0.471214 0.881519
13.647000 0.470332 0.881990
13.648000 0.469449 0.882459
13.649000 0.468566 0.882928
13.650000 0.467683 0.883397
13.651000 0.466798 0.883864
13.652000 0.465914 0.884330
13.653000 0.465029 0.884796
13.654000 0.464143 0.885260
13.655000 0.463257 0.885724
13.656000 0.462371 0.886187
13.657000 0.461484 0.886649
13.658000 0.460596 0.887110
13.659000 0.459709 0.887570
13.660000 0.458820 0.888029
13.661000 0.457932 0.888488
13.662000 0.457042 0.888945
13.663000 0.456153 0.889402
13.664000 0.455263 0.889857
13.665000 0.454372 0.890312
13.666000 0.453481 0.890766
13.667000 0.452589 0.891219
13.668000 0.451697 0.891671
13.669000 0.450805 0.892123
13.670000 0.449912 0.892573
13.671000 0.449019 0.893022
13.672000 0.448125 0.893471
13.673000 0.447231 0.893919
13.674000 0.446336 0.894365
13.675000 0.445441 0.894811
13.676000 0.444546 0.895256
13.677000 0.443650 0.895700
13.678000 0.442753 0.896144
13.679000 0.441856 0.896586
13.680000 0.440959 0.897027
13.681000 0.440061 0.897468
13.682000 0.439163 0.897907
13.683000 0.438265 0.898346
13.684000 0.437366 0.898784
13.685000 0.436466 0.899221
13.686000 0.435566 0.899657
13.687000 0.434666 0.900092
13.688000 0.433765 0.900526
13.689000 0.432864 0.900959
13.690000 0.431962 0.901392
13.691000 0.431060 0.901823
13.692000 0.430157 0.902254
13.693000 0.429254 0.902684
13.694000 0.428351 0.903113
13.695000 0.427447 0.903540
13.696000 0.426543 0.903967
13.697000 0.425638 0.904394
13.698000 0.424733 0.904819
13.699000 0.423828 0.905243
13.700000 0.422922 0.905666
13.701000 0.422015 0.906089
13.702000 0.421108 0.906510
13.703000 0.420201 0.906931
13.704000 0.419294 0.907351
13.705000 0.418386 0.907770
13.706000 0.417477 0.908188
13.707000 0.416568 0.908605
13.708000 0.415659 0.909021
13.709000 0.414749 0.909436
13.710000 0.413839 0.909850
13.711000 0.412928 0.910264
13.712000 0.412017 0.910676
13.713000 0.411106 0.911088
13.714000 0.410194 0.911498
13.715000 0.409282 0.911908
13.716000 0.408369 0.912317
13.717000 0.407456 0.912725
13.718000 0.406543 0.913132
13.719000 0.405629 0.913538
13.720000 0.404715 0.913943
13.721000 0.403800 0.914347
13.722000 0.402885 0.914751
13.723000 0.401970 0.915153
13.724000 0.401054 0.915555
13.725000 0.400138 0.915955
13.726000 0.399221 0.916355
13.727000 0.398304 0.916754
13.728000 0.397386 0.917151
13.729000 0.396469 0.917548
13.730000 0.395550 0.917944
13.731000 0.394632 0.918339
13.732000 0.393713 0.918734
13.733000 0.392793 0.919127
13.734000 0.391873 0.919519
13.735000 0.390953 0.919911
13.736000 0.390033 0.920301
13.737000 0.389112 0.920691
13.738000 0.388190 0.921079
13.739000 0.387268 0.921467
13.740000 0.386346 0.921854
13.741000 0.385424 0.922240
13.742000 0.384501 0.922625
13.743000 0.383578 0.923009
13.744000 0.382654 0.923392
13.745000 0.381730 0.923774
13.746000 0.380805 0.924155
13.747000 0.379880 0.924536
13.748000 0.378955 0.924915
13.749000 0.378030 0.925294
13.750000 0.377104 0.925671
13.751000 0.376177 0.926048
13.752000 0.375251 0.926424
13.753000 0.374323 0.926798
13.754000 0.373396 0.927172
13.755000 0.372468 0.927545
13.756000 0.371540 0.927917
13.757000 0.370611 0.928288
13.758000 0.369682 0.928658
13.759000 0.368753 0.929028
13.760000 0.367823 0.929396
13.761000 0.366893 0.929763
13.762000 0.365963 0.930130
13.763000 0.365032 0.930495
13.764000 0.364101 0.930860
13.765000 0.363169 0.931223
13.766000 0.362237 0.931586
13.767000 0.361305 0.931948
13.768000 0.360372 0.932309
13.769000 0.359439 0.932669
13.770000 0.358506 0.933027
13.771000 0.357572 0.933386
13.772000 0.356638 0.933743
13.773000 0.355704 0.934099
13.774000 0.354769 0.934454
13.775000 0.353834 0.934808
13.776000 0.352898 0.935162
13.777000 0.351963 0.935514
13.778000 0.351026 0.935866
13.779000 0.350090 0.936216
13.780000 0.349153 0.936566
13.781000 0.348216 0.936914
13.782000 0.347278 0.937262
13.783000 0.346340 0.937609
13.784000 0.345402 0.937955
13.785000 0.344463 0.938300
13.786000 0.343524 0.938644
13.787000 0.342585 0.938987
13.788000 0.341645 0.939329
13.789000 0.340705 0.939670
13.790000 0.339765 0.940010
13.791000 0.338824 0.940350
13.792000 0.337883 0.940688
13.793000 0.336942 0.941025
13.794000 0.336000 0.941362
13.795000 0.335058 0.941697
13.796000 0.334116 0.942032
13.797000 0.333173 0.942366
13.798000 0.332230 0.942698
13.799000 0.331287 0.943030
13.800000 0.330343 0.943361
13.801000 0.329399 0.943691
13.802000 0.328455 0.944020
13.803000 0.327510 0.944348
13.804000 0.326565 0.944675
13.805000 0.325620 0.945001
13.806000 0.324674 0.945326
13.807000 0.323728 0.945650
13.808000 0.322782 0.945974
13.809000 0.321835 0.946296
13.810000 0.320888 0.946617
13.811000 0.319941 0.946938
13.812000 0.318993 0.947257
13.813000 0.318045 0.947576
13.814000 0.317097 0.947893
13.815000 0.316149 0.948210
13.816000 0.315200 0.948525
13.817000 0.314250 0.948840
13.818000 0.313301 0.949154
13.819000 0.312351 0.949467
13.820000 0.311401 0.949779
13.821000 0.310451 0.950090
13.822000 0.309500 0.950400
13.823000 0.308549 0.950709
13.824000 0.307597 0.951017
13.825000 0.306646 0.951324
13.826000 0.305694 0.951630
13.827000 0.304742 0.951935
13.828000 0.303789 0.952239
13.829000 0.302836 0.952543
13.830000 0.301883 0.952845
13.831000 0.300929 0.953147
13.832000 0.299976 0.953447
13.833000 0.299021 0.953746
13.834000 0.298067 0.954045
13.835000 0.297112 0.954343
13.836000 0.296157 0.954639
13.837000 0.295202 0.954935
13.838000 0.294247 0.955230
13.839000 0.293291 0.955523
13.840000 0.292334 0.955816
13.841000 0.291378 0.956108
13.842000 0.290421 0.956399
13.843000 0.289464 0.956689
13.844000 0.288507 0.956978
13.845000 0.287549 0.957266
13.846000 0.286591 0.957553
13.847000 0.285633 0.957839
13.848000 0.284675 0.958124
13.849000 0.283716 0.958408
13.850000 0.282757 0.958692
13.851000 0.281798 0.958974
13.852000 0.280838 0.959255
13.853000 0.279878 0.959536
13.854000 0.278918 0.959815
13.855000 0.277957 0.960093
13.856000 0.276997 0.960371
13.857000 0.276036 0.960647
13.858000 0.275074 0.960923
13.859000 0.274113 0.961198
13.860000 0.273151 0.961471
13.861000 0.272189 0.961744
13.862000 0.271226 0.962016
13.863000 0.270264 0.962286
13.864000 0.269301 0.962556
13.865000 0.268338 0.962825
13.866000 0.267374 0.963093
13.867000 0.266411 0.963360
13.868000 0.265447 0.963626
13.869000 0.264482 0.963891
13.870000 0.263518 0.964155
13.871000 0.262553 0.964418
13.872000 0.261588 0.964680
13.873000 0.260623 0.964941
13.874000 0.259657 0.965201
13.875000 0.258691 0.965460
13.876000 0.257725 0.965718
13.877000 0.256759 0.965976
13.878000 0.255792 0.966232
13.879000 0.254825 0.966487
13.880000 0.253858 0.966742
13.881000 0.252891 0.966995
13.882000 0.251923 0.967247
13.883000 0.250955 0.967499
13.884000 0.249987 0.967749
13.885000 0.249019 0.967999
13.886000 0.248050 0.968247
13.887000 0.247081 0.968495
13.888000 0.246112 0.968741
13.889000 0.245143 0.968987
13.890000 0.244173 0.969232
13.891000 0.243203 0.969475
13.892000 0.242233 0.969718
13.893000 0.241263 0.969960
13.894000 0.240292 0.970201
13.895000 0.239322 0.970440
13.896000 0.238350 0.970679
13.897000 0.237379 0.970917
13.898000 0.236408 0.971154
13.899000 0.235436 0.971390
13.900000 0.234464 0.971625
13.901000 0.233492 0.971859
13.902000 0.232519 0.972092
13.903000 0.231546 0.972324
13.904000 0.230574 0.972555
13.905000 0.229600 0.972785
13.906000 0.228627 0.973014
13.907000 0.227653 0.973242
13.908000 0.226679 0.973469
13.909000 0.225705 0.973696
13.910000 0.224731 0.973921
13.911000 0.223757 0.974145
13.912000 0.222782 0.974368
13.913000 0.221807 0.974591
13.914000 0.220832 0.974812
13.915000 0.219856 0.975032
13.916000 0.218881 0.975252
13.917000 0.217905 0.975470
13.918000 0.216929 0.975688
13.919000 0.215952 0.975904
13.920000 0.214976 0.976119
13.921000 0.213999 0.976334
13.922000 0.213022 0.976547
13.923000 0.212045 0.976760
13.924000 0.211068 0.976972
13.925000 0.210090 0.977182
13.926000 0.209112 0.977392
13.927000 0.208134 0.977600
13.928000 0.207156 0.977808
13.929000 0.206178 0.978015
13.930000 0.205199 0.978220
13.931000 0.204220 0.978425
13.932000 0.203241 0.978629
13.933000 0.202262 0.978832
13.934000 0.201282 0.979033
13.935000 0.200303 0.979234
13.936000 0.199323 0.979434
13.937000 0.198343 0.979633
13.938000 0.197363 0.979831
13.939000 0.196382 0.980027
13.940000 0.195402 0.980223
13.941000 0.194421 0.980418
13.942000 0.193440 0.980612
13.943000 0.192459 0.980805
13.944000 0.191477 0.980997
13.945000 0.190496 0.981188
13.946000 0.189514 0.981378
13.947000 0.188532 0.981567
13.948000 0.187550 0.981755
13.949000 0.186567 0.981942
13.950000 0.185585 0.982128
13.951000 0.184602 0.982313
13.952000 0.183619 0.982498
13.953000 0.182636 0.982681
13.954000 0.181653 0.982863
13.955000 0.180669 0.983044
13.956000 0.179686 0.983224
13.957000 0.178702 0.983403
13.958000 0.177718 0.983582
13.959000 0.176734 0.983759
13.960000 0.175749 0.983935
13.961000 0.174765 0.984110
13.962000 0.173780 0.984285
13.963000 0.172795 0.984458
13.964000 0.171810 0.984630
13.965000 0.170825 0.984801
13.966000 0.169840 0.984972
13.967000 0.168854 0.985141
13.968000 0.167868 0.985309
13.969000 0.166883 0.985477
13.970000 0.165896 0.985643
13.971000 0.164910 0.985809
13.972000 0.163924 0.985973
13.973000 0.162937 0.986136
13.974000 0.161951 0.986299
13.975000 0.160964 0.986460
13.976000 0.159977 0.986621
13.977000 0.158989 0.986780
13.978000 0.158002 0.986939
13.979000 0.157015 0.987096
13.980000 0.156027 0.987253
13.981000 0.155039 0.987408
13.982000 0.154051 0.987563
13.983000 0.153063 0.987716
13.984000 0.152075 0.987869
13.985000 0.151086 0.988021
13.986000 0.150098 0.988171
13.987000 0.149109 0.988321
13.988000 0.148120 0.988469
13.989000 0.147131 0.988617
13.990000 0.146142 0.988764
13.991000 0.145152 0.988909
13.992000 0.144163 0.989054
13.993000 0.143173 0.989198
13.994000 0.142184 0.989340
13.995000 0.141194 0.989482
13.996000 0.140204 0.989623
13.997000 0.139213 0.989762
13.998000 0.138223 0.989901
13.999000 0.137233 0.990039
14.000000 0.136242 0.990176
14.001000 0.135251 0.990311
14.002000 0.134260 0.990446
14.003000 0.133269 0.990580
14.004000 0.132278 0.990713
14.005000 0.131287 0.990844
14.006000 0.130296 0.990975
14.007000 0.129304 0.991105
14.008000 0.128312 0.991234
14.009000 0.127321 0.991362
14.010000 0.126329 0.991489
14.011000 0.125337 0.991614
14.012000 0.124344 0.991739
14.013000 0.123352 0.991863
14.014000 0.122360 0.991986
14.015000 0.121367 0.992108
14.016000 0.120374 0.992229
14.017000 0.119382 0.992348
14.018000 0.118389 0.992467
14.019000 0.117396 0.992585
14.020000 0.116403 0.992702
14.021000 0.115409 0.992818
14.022000 0.114416 0.992933
14.023000 0.113422 0.993047
14.024000 0.112429 0.993160
14.025000 0.111435 0.993272
14.026000 0.110441 0.993383
14.027000 0.109447 0.993493
14.028000 0.108453 0.993602
14.029000 0.107459 0.993710
14.030000 0.106465 0.993817
14.031000 0.105471 0.993922
14.032000 0.104476 0.994027
14.033000 0.103481 0.994131
14.034000 0.102487 0.994234
14.035000 0.101492 0.994336
14.036000 0.100497 0.994437
14.037000 0.099502 0.994537
14.038000 0.098507 0.994636
14.039000 0.097512 0.994734
14.040000 0.096517 0.994831
14.041000 0.095521 0.994927
14.042000 0.094526 0.995022
14.043000 0.093530 0.995116
14.044000 0.092534 0.995210
14.045000 0.091539 0.995302
14.046000 0.090543 0.995393
14.047000 0.089547 0.995483
14.048000 0.088551 0.995572
14.049000 0.087555 0.995660
14.050000 0.086559 0.995747
14.051000 0.085562 0.995833
14.052000 0.084566 0.995918
14.053000 0.083569 0.996002
14.054000 0.082573 0.996085
14.055000 0.081576 0.996167
14.056000 0.080580 0.996248
14.057000 0.079583 0.996328
14.058000 0.078586 0.996407
14.059000 0.077589 0.996485
14.060000 0.076592 0.996563
14.061000 0.075595 0.996639
14.062000 0.074598 0.996714
14.063000 0.073600 0.996788
14.064000 0.072603 0.996861
14.065000 0.071606 0.996933
14.066000 0.070608 0.997004
14.067000 0.069611 0.997074
14.068000 0.068613 0.997143
14.069000 0.067615 0.997212
14.070000 0.066618 0.997279
14.071000 0.065620 0.997345
14.072000 0.064622 0.997410
14.073000 0.063624 0.997474
14.074000 0.062626 0.997537
14.075000 0.061628 0.997599
14.076000 0.060630 0.997660
14.077000 0.059632 0.997720
14.078000 0.058633 0.997780
14.079000 0.057635 0.997838
14.080000 0.056637 0.997895
14.081000 0.055638 0.997951
14.082000 0.054640 0.998006
14.083000 0.053641 0.998060
14.084000 0.052643 0.998113
14.085000 0.051644 0.998166
14.086000 0.050645 0.998217
14.087000 0.049647 0.998267
14.088000 0.048648 0.998316
14.089000 0.047649 0.998364
14.090000 0.046650 0.998411
14.091000 0.045651 0.998457
14.092000 0.044652 0.998503
14.093000 0.043653 0.998547
14.094000 0.042654 0.998590
14.095000 0.041655 0.998632
14.096000 0.040656 0.998673
14.097000 0.039657 0.998713
14.098000 0.038657 0.998753
14.099000 0.037658 0.998791
14.100000 0.036659 0.998828
14.101000 0.035659 0.998864
14.102000 0.034660 0.998899
14.103000 0.033661 0.998933
14.104000 0.032661 0.998967
14.105000 0.031662 0.998999
14.106000 0.030662 0.999030
14.107000 0.029663 0.999060
14.108000 0.028663 0.999089
14.109000 0.027663 0.999117
14.110000 0.026664 0.999144
14.111000 0.025664 0.999171
14.112000 0.024665 0.999196
14.113000 0.023665 0.999220
14.114000 0.022665 0.999243
14.115000 0.021665 0.999265
14.116000 0.020666 0.999286
14.117000 0.019666 0.999307
14.118000 0.018666 0.999326
14.119000 0.017666 0.999344
14.120000 0.016666 0.999361
14.121000 0.015666 0.999377
14.122000 0.014666 0.999392
14.123000 0.013667 0.999407
14.124000 0.012667 0.999420
14.125000 0.011667 0.999432
14.126000 0.010667 0.999443
14.127000 0.009667 0.999453
14.128000 0.008667 0.999462
14.129000 0.007667 0.999471
14.130000 0.006667 0.999478
14.131000 0.005667 0.999484
14.132000 0.004667 0.999489
14.133000 0.003667 0.999493
14.134000 0.002667 0.999496
14.135000 0.001667 0.999499
14.136000 0.000667 0.999500
14.137000 -0.000333 0.999500
14.138000 -0.001333 0.999499
14.139000 -0.002333 0.999497
14.140000 -0.003333 0.999494
14.141000 -0.004333 0.999491
14.142000 -0.005333 0.999486
14.143000 -0.006333 0.999480
14.144000 -0.007333 0.999473
14.145000 -0.008333 0.999465
14.146000 -0.009333 0.999456
14.147000 -0.010333 0.999447
14.148000 -0.011333 0.999436
14.149000 -0.012333 0.999424
14.150000 -0.013333 0.999411
14.151000 -0.014332 0.999397
14.152000 -0.015332 0.999382
14.153000 -0.016332 0.999367
14.154000 -0.017332 0.999350
14.155000 -0.018332 0.999332
14.156000 -0.019332 0.999313
14.157000 -0.020332 0.999293
14.158000 -0.021331 0.999273
14.159000 -0.022331 0.999251
14.160000 -0.023331 0.999228
14.161000 -0.024331 0.999204
14.162000 -0.025330 0.999179
14.163000 -0.026330 0.999153
14.164000 -0.027330 0.999127
14.165000 -0.028329 0.999099
14.166000 -0.029329 0.999070
14.167000 -0.030328 0.999040
14.168000 -0.031328 0.999009
14.169000 -0.032327 0.998977
14.170000 -0.033327 0.998945
14.171000 -0.034326 0.998911
14.172000 -0.035326 0.998876
14.173000 -0.036325 0.998840
14.174000 -0.037324 0.998803
14.175000 -0.038324 0.998765
14.176000 -0.039323 0.998727
14.177000 -0.040322 0.998687
14.178000 -0.041321 0.998646
14.179000 -0.042320 0.998604
14.180000 -0.043319 0.998561
14.181000 -0.044318 0.998517
14.182000 -0.045317 0.998473
14.183000 -0.046316 0.998427
14.184000 -0.047315 0.998380
14.185000 -0.048314 0.998332
14.186000 -0.049313 0.998283
14.187000 -0.050312 0.998234
14.188000 -0.051310 0.998183
14.189000 -0.052309 0.998131
14.190000 -0.053308 0.998078
14.191000 -0.054306 0.998024
14.192000 -0.055305 0.997970
14.193000 -0.056303 0.997914
14.194000 -0.057302 0.997857
14.195000 -0.058300 0.997799
14.196000 -0.059298 0.997740
14.197000 -0.060296 0.997681
14.198000 -0.061295 0.997620
14.199000 -0.062293 0.997558
14.200000 -0.063291 0.997495
14.201000 -0.064289 0.997431
14.202000 -0.065287 0.997367
14.203000 -0.066284 0.997301
14.204000 -0.067282 0.997234
14.205000 -0.068280 0.997166
14.206000 -0.069277 0.997097
14.207000 -0.070275 0.997028
14.208000 -0.071272 0.996957
14.209000 -0.072270 0.996885
14.210000 -0.073267 0.996812
14.211000 -0.074265 0.996739
14.212000 -0.075262 0.996664
14.213000 -0.076259 0.996588
14.214000 -0.077256 0.996511
14.215000 -0.078253 0.996434
14.216000 -0.079250 0.996355
14.217000 -0.080247 0.996275
14.218000 -0.081243 0.996194
14.219000 -0.082240 0.996113
14.220000 -0.083237 0.996030
14.221000 -0.084233 0.995946
14.222000 -0.085229 0.995861
14.223000 -0.086226 0.995776
14.224000 -0.087222 0.995689
14.225000 -0.088218 0.995601
14.226000 -0.089214 0.995512
14.227000 -0.090210 0.995423
14.228000 -0.091206 0.995332
14.229000 -0.092202 0.995240
14.230000 -0.093198 0.995148
14.231000 -0.094193 0.995054
14.232000 -0.095189 0.994959
14.233000 -0.096184 0.994864
14.234000 -0.097179 0.994767
14.235000 -0.098175 0.994669
14.236000 -0.099170 0.994571
14.237000 -0.100165 0.994471
14.238000 -0.101160 0.994370
14.239000 -0.102154 0.994269
14.240000 -0.103149 0.994166
14.241000 -0.104144 0.994062
14.242000 -0.105138 0.993958
14.243000 -0.106133 0.993852
14.244000 -0.107127 0.993745
14.245000 -0.108121 0.993638
14.246000 -0.109115 0.993529
14.247000 -0.110109 0.993420
14.248000 -0.111103 0.993309
14.249000 -0.112097 0.993197
14.250000 -0.113091 0.993085
14.251000 -0.114084 0.992971
14.252000 -0.115077 0.992857
14.253000 -0.116071 0.992741
14.254000 -0.117064 0.992624
14.255000 -0.118057 0.992507
14.256000 -0.119050 0.992388
14.257000 -0.120043 0.992269
14.258000 -0.121035 0.992148
14.259000 -0.122028 0.992027
14.260000 -0.123021 0.991904
14.261000 -0.124013 0.991781
14.262000 -0.125005 0.991656
14.263000 -0.125997 0.991531
14.264000 -0.126989 0.991404
14.265000 -0.127981 0.991277
14.266000 -0.128973 0.991148
14.267000 -0.129964 0.991019
14.268000 -0.130956 0.990888
14.269000 -0.131947 0.990757
14.270000 -0.132938 0.990624
14.271000 -0.133929 0.990491
14.272000 -0.134920 0.990356
14.273000 -0.135911 0.990221
14.274000 -0.136902 0.990085
14.275000 -0.137892 0.989947
14.276000 -0.138883 0.989809
14.277000 -0.139873 0.989670
14.278000 -0.140863 0.989529
14.279000 -0.141853 0.989388
14.280000 -0.142843 0.989245
14.281000 -0.143832 0.989102
14.282000 -0.144822 0.988958
14.283000 -0.145811 0.988812
14.284000 -0.146801 0.988666
14.285000 -0.147790 0.988519
14.286000 -0.148779 0.988371
14.287000 -0.149767 0.988221
14.288000 -0.150756 0.988071
14.289000 -0.151745 0.987920
14.290000 -0.152733 0.987768
14.291000 -0.153721 0.987614
14.292000 -0.154709 0.987460
14.293000 -0.155697 0.987305
14.294000 -0.156685 0.987149
14.295000 -0.157672 0.986992
14.296000 -0.158660 0.986833
14.297000 -0.159647 0.986674
14.298000 -0.160634 0.986514
14.299000 -0.161621 0.986353
14.300000 -0.162608 0.986191
14.301000 -0.163594 0.986028
14.302000 -0.164581 0.985864
14.303000 -0.165567 0.985699
14.304000 -0.166553 0.985533
14.305000 -0.167539 0.985365
14.306000 -0.168525 0.985197
14.307000 -0.169511 0.985028
14.308000 -0.170496 0.984858
14.309000 -0.171481 0.984687
14.310000 -0.172466 0.984515
14.311000 -0.173451 0.984342
14.312000 -0.174436 0.984169
14.313000 -0.175421 0.983994
14.314000 -0.176405 0.983818
14.315000 -0.177389 0.983641
14.316000 -0.178373 0.983463
14.317000 -0.179357 0.983284
14.318000 -0.180341 0.983104
14.319000 -0.181324 0.982923
14.320000 -0.182308 0.982742
14.321000 -0.183291 0.982559
14.322000 -0.184274 0.982375
14.323000 -0.185257 0.982190
14.324000 -0.186239 0.982004
14.325000 -0.187222 0.981818
14.326000 -0.188204 0.981630
14.327000 -0.189186 0.981441
14.328000 -0.190168 0.981252
14.329000 -0.191149 0.981061
14.330000 -0.192131 0.980869
14.331000 -0.193112 0.980677
14.332000 -0.194093 0.980483
14.333000 -0.195074 0.980289
14.334000 -0.196055 0.980093
14.335000 -0.197035 0.979896
14.336000 -0.198016 0.979699
14.337000 -0.198996 0.979500
14.338000 -0.199976 0.979301
14.339000 -0.200955 0.979100
14.340000 -0.201935 0.978899
14.341000 -0.202914 0.978697
14.342000 -0.203893 0.978493
14.343000 -0.204872 0.978289
14.344000 -0.205851 0.978083
14.345000 -0.206829 0.977877
14.346000 -0.207807 0.977670
14.347000 -0.208786 0.977461
14.348000 -0.209763 0.977252
14.349000 -0.210741 0.977042
14.350000 -0.211718 0.976831
14.351000 -0.212696 0.976619
14.352000 -0.213673 0.976405
14.353000 -0.214650 0.976191
14.354000 -0.215626 0.975976
14.355000 -0.216602 0.975760
14.356000 -0.217579 0.975543
14.357000 -0.218555 0.975325
14.358000 -0.219530 0.975106
14.359000 -0.220506 0.974886
14.360000 -0.221481 0.974665
14.361000 -0.222456 0.974443
14.362000 -0.223431 0.974220
14.363000 -0.224406 0.973996
14.364000 -0.225380 0.973771
14.365000 -0.226354 0.973545
14.366000 -0.227328 0.973318
14.367000 -0.228302 0.973090
14.368000 -0.229275 0.972862
14.369000 -0.230248 0.972632
14.370000 -0.231221 0.972401
14.371000 -0.232194 0.972169
14.372000 -0.233167 0.971937
14.373000 -0.234139 0.971703
14.374000 -0.235111 0.971468
14.375000 -0.236083 0.971233
14.376000 -0.237055 0.970996
14.377000 -0.238026 0.970759
14.378000 -0.238997 0.970520
14.379000 -0.239968 0.970281
14.380000 -0.240939 0.970040
14.381000 -0.241909 0.969799
14.382000 -0.242879 0.969557
14.383000 -0.243849 0.969313
14.384000 -0.244819 0.969069
14.385000 -0.245788 0.968824
14.386000 -0.246758 0.968577
14.387000 -0.247727 0.968330
14.388000 -0.248695 0.968082
14.389000 -0.249664 0.967833
14.390000 -0.250632 0.967582
14.391000 -0.251600 0.967331
14.392000 -0.252568 0.967079
14.393000 -0.253535 0.966826
14.394000 -0.254502 0.966572
14.395000 -0.255469 0.966317
14.396000 -0.256436 0.966061
14.397000 -0.257402 0.965804
14.398000 -0.258369 0.965546
14.399000 -0.259334 0.965288
14.400000 -0.260300 0.965028
14.401000 -0.261265 0.964767
14.402000 -0.262231 0.964505
14.403000 -0.263195 0.964243
14.404000 -0.264160 0.963979
14.405000 -0.265124 0.963714
14.406000 -0.266089 0.963449
14.407000 -0.267052 0.963182
14.408000 -0.268016 0.962915
14.409000 -0.268979 0.962646
14.410000 -0.269942 0.962377
14.411000 -0.270905 0.962106
14.412000 -0.271867 0.961835
14.413000 -0.272830 0.961562
14.414000 -0.273792 0.961289
14.415000 -0.274753 0.961015
14.416000 -0.275715 0.960740
14.417000 -0.276676 0.960463
14.418000 -0.277636 0.960186
14.419000 -0.278597 0.959908
14.420000 -0.279557 0.959629
14.421000 -0.280517 0.959349
14.422000 -0.281477 0.959068
14.423000 -0.282436 0.958786
14.424000 -0.283396 0.958503
14.425000 -0.284354 0.958219
14.426000 -0.285313 0.957934
14.427000 -0.286271 0.957649
14.428000 -0.287229 0.957362
14.429000 -0.288187 0.957074
14.430000 -0.289144 0.956785
14.431000 -0.290102 0.956496
14.432000 -0.291058 0.956205
14.433000 -0.292015 0.955914
14.434000 -0.292971 0.955621
14.435000 -0.293927 0.955328
14.436000 -0.294883 0.955033
14.437000 -0.295838 0.954738
14.438000 -0.296793 0.954442
14.439000 -0.297748 0.954144
14.440000 -0.298703 0.953846
14.441000 -0.299657 0.953547
14.442000 -0.300611 0.953247
14.443000 -0.301564 0.952946
14.444000 -0.302518 0.952644
14.445000 -0.303471 0.952341
14.446000 -0.304423 0.952037
14.447000 -0.305376 0.951732
14.448000 -0.306328 0.951426
14.449000 -0.307280 0.951119
14.450000 -0.308231 0.950812
14.451000 -0.309182 0.950503
14.452000 -0.310133 0.950193
14.453000 -0.311084 0.949883
14.454000 -0.312034 0.949571
14.455000 -0.312984 0.949259
14.456000 -0.313933 0.948945
14.457000 -0.314883 0.948631
14.458000 -0.315832 0.948315
14.459000 -0.316780 0.947999
14.460000 -0.317729 0.947682
14.461000 -0.318677 0.947364
14.462000 -0.319624 0.947044
14.463000 -0.320572 0.946724
14.464000 -0.321519 0.946403
14.465000 -0.322466 0.946081
14.466000 -0.323412 0.945758
14.467000 -0.324358 0.945434
14.468000 -0.325304 0.945110
14.469000 -0.326249 0.944784
14.470000 -0.327194 0.944457
14.471000 -0.328139 0.944129
14.472000 -0.329084 0.943801
14.473000 -0.330028 0.943471
14.474000 -0.330972 0.943141
14.475000 -0.331915 0.942809
14.476000 -0.332858 0.942477
14.477000 -0.333801 0.942144
14.478000 -0.334743 0.941809
14.479000 -0.335686 0.941474
14.480000 -0.336627 0.941138
14.481000 -0.337569 0.940801
14.482000 -0.338510 0.940463
14.483000 -0.339451 0.940124
14.484000 -0.340391 0.939784
14.485000 -0.341331 0.939443
14.486000 -0.342271 0.939101
14.487000 -0.343211 0.938758
14.488000 -0.344150 0.938415
14.489000 -0.345088 0.938070
14.490000 -0.346027 0.937725
14.491000 -0.346965 0.937378
14.492000 -0.347903 0.937031
14.493000 -0.348840 0.936682
14.494000 -0.349777 0.936333
14.495000 -0.350714 0.935983
14.496000 -0.351650 0.935632
14.497000 -0.352586 0.935279
14.498000 -0.353521 0.934926
14.499000 -0.354457 0.934572
14.500000 -0.355392 0.934218
14.501000 -0.356326 0.933862
14.502000 -0.357260 0.933505
14.503000 -0.358194 0.933147
14.504000 -0.359128 0.932788
14.505000 -0.360061 0.932429
14.506000 -0.360993 0.932068
14.507000 -0.361926 0.931707
14.508000 -0.362858 0.931345
14.509000 -0.363790 0.930981
14.510000 -0.364721 0.930617
14.511000 -0.365652 0.930252
14.512000 -0.366582 0.929886
14.513000 -0.367513 0.929519
14.514000 -0.368442 0.929151
14.515000 -0.369372 0.928782
14.516000 -0.370301 0.928412
14.517000 -0.371230 0.928041
14.518000 -0.372158 0.927669
14.519000 -0.373086 0.927297
14.520000 -0.374014 0.926923
14.521000 -0.374941 0.926549
14.522000 -0.375868 0.926173
14.523000 -0.376794 0.925797
14.524000 -0.377720 0.925420
14.525000 -0.378646 0.925042
14.526000 -0.379571 0.924662
14.527000 -0.380496 0.924282
14.528000 -0.381421 0.923901
14.529000 -0.382345 0.923520
14.530000 -0.383269 0.923137
14.531000 -0.384192 0.922753
14.532000 -0.385116 0.922368
14.533000 -0.386038 0.921983
14.534000 -0.386960 0.921596
14.535000 -0.387882 0.921209
14.536000 -0.388804 0.920821
14.537000 -0.389725 0.920431
14.538000 -0.390646 0.920041
14.539000 -0.391566 0.919650
14.540000 -0.392486 0.919258
14.541000 -0.393406 0.918865
14.542000 -0.394325 0.918471
14.543000 -0.395244 0.918076
14.544000 -0.396162 0.917681
14.545000 -0.397080 0.917284
14.546000 -0.397998 0.916887
14.547000 -0.398915 0.916488
14.548000 -0.399831 0.916089
14.549000 -0.400748 0.915688
14.550000 -0.401664 0.915287
14.551000 -0.402579 0.914885
14.552000 -0.403495 0.914482
14.553000 -0.404409 0.914078
14.554000 -0.405324 0.913673
14.555000 -0.406238 0.913267
14.556000 -0.407151 0.912861
14.557000 -0.408064 0.912453
14.558000 -0.408977 0.912045
14.559000 -0.409890 0.911635
14.560000 -0.410801 0.911225
14.561000 -0.411713 0.910814
14.562000 -0.412624 0.910401
14.563000 -0.413535 0.909988
14.564000 -0.414445 0.909574
14.565000 -0.415355 0.909159
14.566000 -0.416264 0.908744
14.567000 -0.417173 0.908327
14.568000 -0.418082 0.907909
14.569000 -0.418990 0.907491
14.570000 -0.419898 0.907071
14.571000 -0.420805 0.906651
14.572000 -0.421712 0.906230
14.573000 -0.422619 0.905808
14.574000 -0.423525 0.905384
14.575000 -0.424431 0.904960
14.576000 -0.425336 0.904536
14.577000 -0.426241 0.904110
14.578000 -0.427145 0.903683
14.579000 -0.428049 0.903255
14.580000 -0.428953 0.902827
14.581000 -0.429856 0.902398
14.582000 -0.430758 0.901967
14.583000 -0.431661 0.901536
14.584000 -0.432562 0.901104
14.585000 -0.433464 0.900671
14.586000 -0.434365 0.900237
14.587000 -0.435265 0.899802
14.588000 -0.436165 0.899367
14.589000 -0.437065 0.898930
14.590000 -0.437964 0.898492
14.591000 -0.438863 0.898054
14.592000 -0.439761 0.897615
14.593000 -0.440659 0.897174
14.594000 -0.441557 0.896733
14.595000 -0.442454 0.896291
14.596000 -0.443350 0.895848
14.597000 -0.444246 0.895405
14.598000 -0.445142 0.894960
14.599000 -0.446037 0.894514
14.600000 -0.446932 0.894068
14.601000 -0.447827 0.893620
14.602000 -0.448720 0.893172
14.603000 -0.449614 0.892723
14.604000 -0.450507 0.892273
14.605000 -0.451399 0.891822
14.606000 -0.452291 0.891370
14.607000 -0.453183 0.890917
14.608000 -0.454074 0.890464
14.609000 -0.454965 0.890009
14.610000 -0.455855 0.889554
14.611000 -0.456745 0.889098
14.612000 -0.457635 0.888640
14.613000 -0.458523 0.888182
14.614000 -0.459412 0.887723
14.615000 -0.460300 0.887263
14.616000 -0.461187 0.886803
14.617000 -0.462075 0.886341
14.618000 -0.462961 0.885879
14.619000 -0.463847 0.885415
14.620000 -0.464733 0.884951
14.621000 -0.465618 0.884486
14.622000 -0.466503 0.884020
14.623000 -0.467387 0.883553
14.624000 -0.468271 0.883085
14.625000 -0.469154 0.882616
14.626000 -0.470037 0.882147
14.627000 -0.470920 0.881676
14.628000 -0.471802 0.881205
14.629000 -0.472683 0.880732
14.630000 -0.473564 0.880259
14.631000 -0.474445 0.879785
14.632000 -0.475325 0.879310
14.633000 -0.476204 0.878835
14.634000 -0.477083 0.878358
14.635000 -0.477962 0.877881
14.636000 -0.478840 0.877402
14.637000 -0.479718 0.876923
14.638000 -0.480595 0.876443
14.639000 -0.481472 0.875962
14.640000 -0.482348 0.875480
14.641000 -0.483224 0.874997
14.642000 -0.484099 0.874513
14.643000 -0.484974 0.874029
14.644000 -0.485848 0.873543
14.645000 -0.486722 0.873057
14.646000 -0.487595 0.872570
14.647000 -0.488468 0.872082
14.648000 -0.489340 0.871593
14.649000 -0.490212 0.871103
14.650000 -0.491083 0.870613
14.651000 -0.491954 0.870121
14.652000 -0.492825 0.869629
14.653000 -0.493694 0.869135
14.654000 -0.494564 0.868641
14.655000 -0.495433 0.868146
14.656000 -0.496301 0.867650
14.657000 -0.497169 0.867154
14.658000 -0.498036 0.866656
14.659000 -0.498903 0.866158
14.660000 -0.499770 0.865658
14.661000 -0.500636 0.865158
14.662000 -0.501501 0.864657
14.663000 -0.502366 0.864155
14.664000 -0.503230 0.863652
14.665000 -0.504094 0.863149
14.666000 -0.504958 0.862644
14.667000 -0.505821 0.862139
14.668000 -0.506683 0.861632
14.669000 -0.507545 0.861125
14.670000 -0.508406 0.860617
14.671000 -0.509267 0.860109
14.672000 -0.510127 0.859599
14.673000 -0.510987 0.859088
14.674000 -0.511847 0.858577
14.675000 -0.512705 0.858065
14.676000 -0.513564 0.857551
14.677000 -0.514422 0.857037
14.678000 -0.515279 0.856523
14.679000 -0.516136 0.856007
14.680000 -0.516992 0.855490
14.681000 -0.517848 0.854973
14.682000 -0.518703 0.854455
14.683000 -0.519558 0.853935
14.684000 -0.520412 0.853416
14.685000 -0.521265 0.852895
14.686000 -0.522118 0.852373
14.687000 -0.522971 0.851850
14.688000 -0.523823 0.851327
14.689000 -0.524675 0.850803
14.690000 -0.525526 0.850278
14.691000 -0.526376 0.849752
14.692000 -0.527226 0.849225
14.693000 -0.528076 0.848697
14.694000 -0.528925 0.848169
14.695000 -0.529773 0.847639
14.696000 -0.530621 0.847109
14.697000 -0.531468 0.846578
14.698000 -0.532315 0.846046
14.699000 -0.533161 0.845514
14.700000 -0.534007 0.844980
14.701000 -0.534852 0.844446
14.702000 -0.535697 0.843910
14.703000 -0.536541 0.843374
14.704000 -0.537385 0.842837
14.705000 -0.538228 0.842299
14.706000 -0.539070 0.841761
14.707000 -0.539912 0.841221
14.708000 -0.540754 0.840681
14.709000 -0.541595 0.840140
14.710000 -0.542435 0.839598
14.711000 -0.543275 0.839055
14.712000 -0.544114 0.838511
14.713000 -0.544953 0.837967
14.714000 -0.545791 0.837421
14.715000 -0.546629 0.836875
14.716000 -0.547466 0.836328
14.717000 -0.548302 0.835780
14.718000 -0.549138 0.835231
14.719000 -0.549974 0.834682
14.720000 -0.550809 0.834131
14.721000 -0.551643 0.833580
14.722000 -0.552477 0.833028
14.723000 -0.553310 0.832475
14.724000 -0.554143 0.831922
14.725000 -0.554975 0.831367
14.726000 -0.555807 0.830812
14.727000 -0.556638 0.830255
14.728000 -0.557468 0.829698
14.729000 -0.558298 0.829140
14.730000 -0.559127 0.828582
14.731000 -0.559956 0.828022
14.732000 -0.560784 0.827462
14.733000 -0.561612 0.826901
14.734000 -0.562439 0.826339
14.735000 -0.563266 0.825776
14.736000 -0.564092 0.825212
14.737000 -0.564917 0.824648
14.738000 -0.565742 0.824082
14.739000 -0.566566 0.823516
14.740000 -0.567390 0.822949
14.741000 -0.568213 0.822381
14.742000 -0.569036 0.821813
14.743000 -0.569858 0.821243
14.744000 -0.570679 0.820673
14.745000 -0.571500 0.820102
14.746000 -0.572321 0.819530
14.747000 -0.573140 0.818957
14.748000 -0.573960 0.818384
14.749000 -0.574778 0.817809
14.750000 -0.575596 0.817234
14.751000 -0.576414 0.816658
14.752000 -0.577230 0.816081
14.753000 -0.578047 0.815504
14.754000 -0.578862 0.814925
14.755000 -0.579678 0.814346
14.756000 -0.580492 0.813766
14.757000 -0.581306 0.813185
14.758000 -0.582120 0.812603
14.759000 -0.582932 0.812021
14.760000 -0.583745 0.811437
14.761000 -0.584556 0.810853
14.762000 -0.585367 0.810268
14.763000 -0.586178 0.809682
14.764000 -0.586988 0.809096
14.765000 -0.587797 0.808508
14.766000 -0.588606 0.807920
14.767000 -0.589414 0.807331
14.768000 -0.590221 0.806741
14.769000 -0.591028 0.806151
14.770000 -0.591835 0.805559
14.771000 -0.592640 0.804967
14.772000 -0.593446 0.804374
14.773000 -0.594250 0.803780
14.774000 -0.595054 0.803186
14.775000 -0.595858 0.802590
14.776000 -0.596660 0.801994
14.777000 -0.597462 0.801397
14.778000 -0.598264 0.800799
14.779000 -0.599065 0.800200
14.780000 -0.599865 0.799601
14.781000 -0.600665 0.799001
14.782000 -0.601464 0.798400
14.783000 -0.602263 0.797798
14.784000 -0.603061 0.797195
14.785000 -0.603858 0.796592
14.786000 -0.604655 0.795987
14.787000 -0.605451 0.795382
14.788000 -0.606247 0.794776
14.789000 -0.607042 0.794170
14.790000 -0.607836 0.793562
14.791000 -0.608630 0.792954
14.792000 -0.609423 0.792345
14.793000 -0.610216 0.791735
14.794000 -0.611008 0.791125
14.795000 -0.611799 0.790513
14.796000 -0.612590 0.789901
14.797000 -0.613380 0.789288
14.798000 -0.614169 0.788674
14.799000 -0.614958 0.788060
14.800000 -0.615746 0.787444
14.801000 -0.616534 0.786828
14.802000 -0.617321 0.786211
14.803000 -0.618108 0.785594
14.804000 -0.618893 0.784975
14.805000 -0.619678 0.784356
14.806000 -0.620463 0.783736
14.807000 -0.621247 0.783115
14.808000 -0.622030 0.782493
14.809000 -0.622813 0.781871
14.810000 -0.623595 0.781248
14.811000 -0.624376 0.780624
14.812000 -0.625157 0.779999
14.813000 -0.625937 0.779373
14.814000 -0.626717 0.778747
14.815000 -0.627496 0.778120
14.816000 -0.628274 0.777492
14.817000 -0.629052 0.776863
14.818000 -0.629829 0.776234
14.819000 -0.630605 0.775604
14.820000 -0.631381 0.774973
14.821000 -0.632156 0.774341
14.822000 -0.632931 0.773708
14.823000 -0.633705 0.773075
14.824000 -0.634478 0.772441
14.825000 -0.635251 0.771806
14.826000 -0.636023 0.771170
14.827000 -0.636794 0.770534
14.828000 -0.637565 0.769897
14.829000 -0.638335 0.769259
14.830000 -0.639104 0.768620
14.831000 -0.639873 0.767981
14.832000 -0.640641 0.767340
14.833000 -0.641409 0.766699
14.834000 -0.642176 0.766058
14.835000 -0.642942 0.765415
14.836000 -0.643707 0.764772
14.837000 -0.644472 0.764128
14.838000 -0.645237 0.763483
14.839000 -0.646000 0.762837
14.840000 -0.646763 0.762191
14.841000 -0.647526 0.761544
14.842000 -0.648287 0.760896
14.843000 -0.649048 0.760247
14.844000 -0.649809 0.759598
14.845000 -0.650569 0.758947
14.846000 -0.651328 0.758296
14.847000 -0.652086 0.757645
14.848000 -0.652844 0.756992
14.849000 -0.653601 0.756339
14.850000 -0.654358 0.755685
14.851000 -0.655114 0.755030
14.852000 -0.655869 0.754375
14.853000 -0.656623 0.753719
14.854000 -0.657377 0.753062
14.855000 -0.658130 0.752404
14.856000 -0.658883 0.751745
14.857000 -0.659635 0.751086
14.858000 -0.660386 0.750426
14.859000 -0.661137 0.749765
14.860000 -0.661887 0.749104
14.861000 -0.662636 0.748442
14.862000 -0.663385 0.747779
14.863000 -0.664133 0.747115
14.864000 -0.664880 0.746450
14.865000 -0.665626 0.745785
14.866000 -0.666372 0.745119
14.867000 -0.667118 0.744452
14.868000 -0.667862 0.743785
14.869000 -0.668606 0.743117
14.870000 -0.669350 0.742448
14.871000 -0.670092 0.741778
14.872000 -0.670834 0.741107
14.873000 -0.671575 0.740436
14.874000 -0.672316 0.739764
14.875000 -0.673056 0.739092
14.876000 -0.673795 0.738418
14.877000 -0.674534 0.737744
14.878000 -0.675272 0.737069
14.879000 -0.676009 0.736393
14.880000 -0.676745 0.735717
14.881000 -0.677481 0.735040
14.882000 -0.678217 0.734362
14.883000 -0.678951 0.733684
14.884000 -0.679685 0.733004
14.885000 -0.680418 0.732324
14.886000 -0.681151 0.731643
14.887000 -0.681882 0.730962
14.888000 -0.682613 0.730280
14.889000 -0.683344 0.729597
14.890000 -0.684074 0.728913
14.891000 -0.684803 0.728228
14.892000 -0.685531 0.727543
14.893000 -0.686259 0.726857
14.894000 -0.686986 0.726171
14.895000 -0.687712 0.725483
14.896000 -0.688438 0.724795
14.897000 -0.689163 0.724107
14.898000 -0.689887 0.723417
14.899000 -0.690611 0.722727
14.900000 -0.691333 0.722036
14.901000 -0.692056 0.721344
14.902000 -0.692777 0.720652
14.903000 -0.693498 0.719959
14.904000 -0.694218 0.719265
14.905000 -0.694938 0.718570
14.906000 -0.695656 0.717875
14.907000 -0.696374 0.717179
14.908000 -0.697092 0.716482
14.909000 -0.697808 0.715785
14.910000 -0.698524 0.715086
14.911000 -0.699239 0.714388
14.912000 -0.699954 0.713688
14.913000 -0.700668 0.712988
14.914000 -0.701381 0.712287
14.915000 -0.702093 0.711585
14.916000 -0.702805 0.710882
14.917000 -0.703516 0.710179
14.918000 -0.704226 0.709475
14.919000 -0.704936 0.708771
14.920000 -0.705645 0.708066
14.921000 -0.706353 0.707360
14.922000 -0.707061 0.706653
14.923000 -0.707767 0.705945
14.924000 -0.708474 0.705237
14.925000 -0.709179 0.704528
14.926000 -0.709884 0.703819
14.927000 -0.710588 0.703109
14.928000 -0.711291 0.702398
14.929000 -0.711993 0.701686
14.930000 -0.712695 0.700974
14.931000 -0.713396 0.700261
14.932000 -0.714097 0.699547
14.933000 -0.714796 0.698833
14.934000 -0.715495 0.698117
14.935000 -0.716194 0.697402
14.936000 -0.716891 0.696685
14.937000 -0.717588 0.695968
14.938000 -0.718284 0.695250
14.939000 -0.718980 0.694531
14.940000 -0.719674 0.693812
14.941000 -0.720368 0.693092
14.942000 -0.721061 0.692371
14.943000 -0.721754 0.691650
14.944000 -0.722446 0.690928
14.945000 -0.723137 0.690205
14.946000 -0.723827 0.689481
14.947000 -0.724517 0.688757
14.948000 -0.725206 0.688032
14.949000 -0.725894 0.687307
14.950000 -0.726581 0.686581
14.951000 -0.727268 0.685854
14.952000 -0.727954 0.685126
14.953000 -0.728639 0.684398
14.954000 -0.729324 0.683669
14.955000 -0.730008 0.682939
14.956000 -0.730691 0.682209
14.957000 -0.731373 0.681478
14.958000 -0.732055 0.680746
14.959000 -0.732735 0.680014
14.960000 -0.733416 0.679280
14.961000 -0.734095 0.678547
14.962000 -0.734774 0.677812
14.963000 -0.735452 0.677077
14.964000 -0.736129 0.676341
14.965000 -0.736805 0.675605
14.966000 -0.737481 0.674868
14.967000 -0.738156 0.674130
14.968000 -0.738830 0.673391
14.969000 -0.739504 0.672652
14.970000 -0.740177 0.671912
14.971000 -0.740849 0.671172
14.972000 -0.741520 0.670431
14.973000 -0.742191 0.669689
14.974000 -0.742860 0.668946
14.975000 -0.743529 0.668203
14.976000 -0.744198 0.667459
14.977000 -0.744865 0.666715
14.978000 -0.745532 0.665970
14.979000 -0.746198 0.665224
14.980000 -0.746864 0.664477
14.981000 -0.747528 0.663730
14.982000 -0.748192 0.662982
14.983000 -0.748855 0.662234
14.984000 -0.749518 0.661484
14.985000 -0.750179 0.660735
14.986000 -0.750840 0.659984
14.987000 -0.751500 0.659233
14.988000 -0.752159 0.658481
14.989000 -0.752818 0.657729
14.990000 -0.753476 0.656975
14.991000 -0.754133 0.656222
14.992000 -0.754789 0.655467
14.993000 -0.755445 0.654712
14.994000 -0.756100 0.653956
14.995000 -0.756754 0.653200
14.996000 -0.757407 0.652443
14.997000 -0.758060 0.651685
14.998000 -0.758712 0.650927
14.999000 -0.759363 0.650168
15.000000 -0.760013 0.649408
15.001000 -0.760662 0.648648
15.002000 -0.761311 0.647887
15.003000 -0.761959 0.647125
15.004000 -0.762606 0.646363
15.005000 -0.763253 0.645600
15.006000 -0.763899 0.644836
15.007000 -0.764544 0.644072
15.008000 -0.765188 0.643307
15.009000 -0.765831 0.642542
15.010000 -0.766474 0.641775
15.011000 -0.767116 0.641009
15.012000 -0.767757 0.640241
15.013000 -0.768397 0.639473
15.014000 -0.769037 0.638704
15.015000 -0.769676 0.637935
15.016000 -0.770314 0.637165
15.017000 -0.770951 0.636394
15.018000 -0.771588 0.635623
15.019000 -0.772223 0.634851
15.020000 -0.772858 0.634079
15.021000 -0.773492 0.633306
15.022000 -0.774126 0.632532
15.023000 -0.774758 0.631757
15.024000 -0.775390 0.630982
15.025000 -0.776021 0.630207
15.026000 -0.776652 0.629430
15.027000 -0.777281 0.628653
15.028000 -0.777910 0.627876
15.029000 -0.778538 0.627097
15.030000 -0.779165 0.626319
15.031000 -0.779792 0.625539
15.032000 -0.780417 0.624759
15.033000 -0.781042 0.623978
15.034000 -0.781666 0.623197
15.035000 -0.782290 0.622415
15.036000 -0.782912 0.621632
15.037000 -0.783534 0.620849
15.038000 -0.784155 0.620065
15.039000 -0.784775 0.619281
15.040000 -0.785394 0.618496
15.041000 -0.786013 0.617710
15.042000 -0.786631 0.616924
15.043000 -0.787248 0.616137
15.044000 -0.787864 0.615349
15.045000 -0.788480 0.614561
15.046000 -0.789094 0.613772
15.047000 -0.789708 0.612983
15.048000 -0.790321 0.612193
15.049000 -0.790933 0.611402
15.050000 -0.791545 0.610611
15.051000 -0.792156 0.609819
15.052000 -0.792766 0.609027
15.053000 -0.793375 0.608234
15.054000 -0.793983 0.607440
15.055000 -0.794591 0.606646
15.056000 -0.795197 0.605851
15.057000 -0.795803 0.605055
15.058000 -0.796408 0.604259
15.059000 -0.797013 0.603462
15.060000 -0.797616 0.602665
15.061000 -0.798219 0.601867
15.062000 -0.798821 0.601069
15.063000 -0.799422 0.600269
15.064000 -0.800023 0.599470
15.065000 -0.800622 0.598669
15.066000 -0.801221 0.597869
15.067000 -0.801819 0.597067
15.068000 -0.802416 0.596265
15.069000 -0.803012 0.595462
15.070000 -0.803608 0.594659
15.071000 -0.804203 0.593855
15.072000 -0.804797 0.593050
15.073000 -0.805390 0.592245
15.074000 -0.805982 0.591440
15.075000 -0.806574 0.590633
15.076000 -0.807165 0.589827
15.077000 -0.807754 0.589019
15.078000 -0.808344 0.588211
15.079000 -0.808932 0.587402
15.080000 -0.809519 0.586593
15.081000 -0.810106 0.585783
15.082000 -0.810692 0.584973
15.083000 -0.811277 0.584162
15.084000 -0.811861 0.583350
15.085000 -0.812445 0.582538
15.086000 -0.813027 0.581725
15.087000 -0.813609 0.580912
15.088000 -0.814190 0.580098
15.089000 -0.814770 0.579284
15.090000 -0.815350 0.578469
15.091000 -0.815928 0.577653
15.092000 -0.816506 0.576837
15.093000 -0.817083 0.576020
15.094000 -0.817659 0.575203
15.095000 -0.818234 0.574385
15.096000 -0.818809 0.573566
15.097000 -0.819382 0.572747
15.098000 -0.819955 0.571927
15.099000 -0.820527 0.571107
15.100000 -0.821099 0.570286
15.101000 -0.821669 0.569465
15.102000 -0.822238 0.568643
15.103000 -0.822807 0.567821
15.104000 -0.823375 0.566997
15.105000 -0.823942 0.566174
15.106000 -0.824508 0.565350
15.107000 -0.825074 0.564525
15.108000 -0.825639 0.563699
15.109000 -0.826202 0.562874
15.110000 -0.826765 0.562047
15.111000 -0.827327 0.561220
15.112000 -0.827889 0.560392
15.113000 -0.828449 0.559564
15.114000 -0.829009 0.558735
15.115000 -0.829568 0.557906
15.116000 -0.830126 0.557076
15.117000 -0.830683 0.556246
15.118000 -0.831239 0.555415
15.119000 -0.831795 0.554583
15.120000 -0.832349 0.553751
15.121000 -0.832903 0.552919
15.122000 -0.833456 0.552086
15.123000 -0.834008 0.551252
15.124000 -0.834560 0.550418
15.125000 -0.835110 0.549583
15.126000 -0.835660 0.548747
15.127000 -0.836209 0.547911
15.128000 -0.836757 0.547075
15.129000 -0.837304 0.546238
15.130000 -0.837850 0.545400
15.131000 -0.838396 0.544562
15.132000 -0.838940 0.543724
15.133000 -0.839484 0.542884
15.134000 -0.840027 0.542045
15.135000 -0.840569 0.541204
15.136000 -0.841110 0.540363
15.137000 -0.841651 0.539522
15.138000 -0.842190 0.538680
15.139000 -0.842729 0.537838
15.140000 -0.843267 0.536995
15.141000 -0.843804 0.536151
15.142000 -0.844340 0.535307
15.143000 -0.844876 0.534462
15.144000 -0.845410 0.533617
15.145000 -0.845944 0.532772
15.146000 -0.846477 0.531925
15.147000 -0.847009 0.531079
15.148000 -0.847540 0.530231
15.149000 -0.848070 0.529384
15.150000 -0.848600 0.528535
15.151000 -0.849128 0.527686
15.152000 -0.849656 0.526837
15.153000 -0.850183 0.525987
15.154000 -0.850709 0.525137
15.155000 -0.851234 0.524286
15.156000 -0.851759 0.523434
15.157000 -0.852282 0.522582
15.158000 -0.852805 0.521730
15.159000 -0.853327 0.520877
15.160000 -0.853848 0.520023
15.161000 -0.854368 0.519169
15.162000 -0.854887 0.518314
15.163000 -0.855405 0.517459
15.164000 -0.855923 0.516603
15.165000 -0.856440 0.515747
15.166000 -0.856955 0.514891
15.167000 -0.857470 0.514033
15.168000 -0.857984 0.513176
15.169000 -0.858498 0.512317
15.170000 -0.859010 0.511459
15.171000 -0.859522 0.510599
15.172000 -0.860032 0.509740
15.173000 -0.860542 0.508879
15.174000 -0.861051 0.508018
15.175000 -0.861559 0.507157
15.176000 -0.862066 0.506295
15.177000 -0.862573 0.505433
15.178000 -0.863078 0.504570
15.179000 -0.863583 0.503707
15.180000 -0.864087 0.502843
15.181000 -0.864590 0.501979
15.182000 -0.865092 0.501114
15.183000 -0.865593 0.500249
15.184000 -0.866093 0.499383
15.185000 -0.866593 0.498516
15.186000 -0.867091 0.497649
15.187000 -0.867589 0.496782
15.188000 -0.868086 0.495914
15.189000 -0.868582 0.495046
15.190000 -0.869077 0.494177
15.191000 -0.869571 0.493308
15.192000 -0.870064 0.492438
15.193000 -0.870557 0.491568
15.194000 -0.871049 0.490697
15.195000 -0.871539 0.489826
15.196000 -0.872029 0.488954
15.197000 -0.872518 0.488082
15.198000 -0.873006 0.487209
15.199000 -0.873494 0.486336
15.200000 -0.873980 0.485462
15.201000 -0.874466 0.484588
15.202000 -0.874950 0.483713
15.203000 -0.875434 0.482838
15.204000 -0.875917 0.481962
15.205000 -0.876399 0.481086
15.206000 -0.876880 0.480209
15.207000 -0.877360 0.479332
15.208000 -0.877840 0.478454
15.209000 -0.878318 0.477576
15.210000 -0.878796 0.476698
15.211000 -0.879273 0.475819
15.212000 -0.879749 0.474939
15.213000 -0.880224 0.474059
15.214000 -0.880698 0.473179
15.215000 -0.881171 0.472298
15.216000 -0.881643 0.471416
15.217000 -0.882115 0.470535
15.218000 -0.882585 0.469652
15.219000 -0.883055 0.468769
15.220000 -0.883524 0.467886
15.221000 -0.883992 0.467002
15.222000 -0.884459 0.466118
15.223000 -0.884925 0.465233
15.224000 -0.885390 0.464348
15.225000 -0.885855 0.463463
15.226000 -0.886318 0.462577
15.227000 -0.886781 0.461690
15.228000 -0.887243 0.460803
15.229000 -0.887703 0.459916
15.230000 -0.888163 0.459028
15.231000 -0.888623 0.458139
15.232000 -0.889081 0.457250
15.233000 -0.889538 0.456361
15.234000 -0.889994 0.455471
15.235000 -0.890450 0.454581
15.236000 -0.890905 0.453690
15.237000 -0.891358 0.452799
15.238000 -0.891811 0.451908
15.239000 -0.892263 0.451016
15.240000 -0.892714 0.450123
15.241000 -0.893164 0.449230
15.242000 -0.893614 0.448337
15.243000 -0.894062 0.447443
15.244000 -0.894510 0.446549
15.245000 -0.894956 0.445654
15.246000 -0.895402 0.444759
15.247000 -0.895847 0.443863
15.248000 -0.896291 0.442967
15.249000 -0.896734 0.442071
15.250000 -0.897176 0.441174
15.251000 -0.897617 0.440276
15.252000 -0.898057 0.439378
15.253000 -0.898497 0.438480
15.254000 -0.898935 0.437581
15.255000 -0.899373 0.436682
15.256000 -0.899810 0.435783
15.257000 -0.900245 0.434883
15.258000 -0.900680 0.433982
15.259000 -0.901114 0.433081
15.260000 -0.901548 0.432180
15.261000 -0.901980 0.431278
15.262000 -0.902411 0.430376
15.263000 -0.902842 0.429473
15.264000 -0.903271 0.428570
15.265000 -0.903700 0.427667
15.266000 -0.904127 0.426763
15.267000 -0.904554 0.425859
15.268000 -0.904980 0.424954
15.269000 -0.905405 0.424049
15.270000 -0.905829 0.423143
15.271000 -0.906252 0.422237
15.272000 -0.906675 0.421330
15.273000 -0.907096 0.420424
15.274000 -0.907517 0.419516
15.275000 -0.907936 0.418609
15.276000 -0.908355 0.417700
15.277000 -0.908772 0.416792
15.278000 -0.909189 0.415883
15.279000 -0.909605 0.414973
15.280000 -0.910020 0.414064
15.281000 -0.910434 0.413153
15.282000 -0.910848 0.412243
15.283000 -0.911260 0.411332
15.284000 -0.911671 0.410420
15.285000 -0.912082 0.409508
15.286000 -0.912491 0.408596
15.287000 -0.912900 0.407683
15.288000 -0.913308 0.406770
15.289000 -0.913714 0.405857
15.290000 -0.914120 0.404943
15.291000 -0.914525 0.404029
15.292000 -0.914929 0.403114
15.293000 -0.915333 0.402199
15.294000 -0.915735 0.401283
15.295000 -0.916136 0.400367
15.296000 -0.916537 0.399451
15.297000 -0.916936 0.398534
15.298000 -0.917335 0.397617
15.299000 -0.917732 0.396700
15.300000 -0.918129 0.395782
15.301000 -0.918525 0.394863
15.302000 -0.918920 0.393945
15.303000 -0.919314 0.393025
15.304000 -0.919707 0.392106
15.305000 -0.920099 0.391186
15.306000 -0.920490 0.390266
15.307000 -0.920880 0.389345
15.308000 -0.921270 0.388424
15.309000 -0.921658 0.387502
15.310000 -0.922046 0.386581
15.311000 -0.922432 0.385658
15.312000 -0.922818 0.384736
15.313000 -0.923203 0.383813
15.314000 -0.923587 0.382889
15.315000 -0.923970 0.381966
15.316000 -0.924352 0.381041
15.317000 -0.924733 0.380117
15.318000 -0.925113 0.379192
15.319000 -0.925492 0.378267
15.320000 -0.925870 0.377341
15.321000 -0.926248 0.376415
15.322000 -0.926624 0.375488
15.323000 -0.927000 0.374562
15.324000 -0.927374 0.373634
15.325000 -0.927748 0.372707
15.326000 -0.928121 0.371779
15.327000 -0.928493 0.370851
15.328000 -0.928864 0.369922
15.329000 -0.929233 0.368993
15.330000 -0.929603 0.368064
15.331000 -0.929971 0.367134
15.332000 -0.930338 0.366204
15.333000 -0.930704 0.365273
15.334000 -0.931069 0.364342
15.335000 -0.931434 0.363411
15.336000 -0.931797 0.362479
15.337000 -0.932160 0.361547
15.338000 -0.932521 0.360615
15.339000 -0.932882 0.359682
15.340000 -0.933242 0.358749
15.341000 -0.933600 0.357816
15.342000 -0.933958 0.356882
15.343000 -0.934315 0.355948
15.344000 -0.934671 0.355013
15.345000 -0.935026 0.354079
15.346000 -0.935380 0.353143
15.347000 -0.935733 0.352208
15.348000 -0.936086 0.351272
15.349000 -0.936437 0.350336
15.350000 -0.936787 0.349399
15.351000 -0.937137 0.348462
15.352000 -0.937485 0.347525
15.353000 -0.937833 0.346587
15.354000 -0.938179 0.345649
15.355000 -0.938525 0.344711
15.356000 -0.938870 0.343772
15.357000 -0.939214 0.342833
15.358000 -0.939557 0.341894
15.359000 -0.939899 0.340954
15.360000 -0.940239 0.340014
15.361000 -0.940580 0.339073
15.362000 -0.940919 0.338133
15.363000 -0.941257 0.337192
15.364000 -0.941594 0.336250
15.365000 -0.941930 0.335308
15.366000 -0.942266 0.334366
15.367000 -0.942600 0.333424
15.368000 -0.942933 0.332481
15.369000 -0.943266 0.331538
15.370000 -0.943598 0.330595
15.371000 -0.943928 0.329651
15.372000 -0.944258 0.328707
15.373000 -0.944587 0.327762
15.374000 -0.944914 0.326817
15.375000 -0.945241 0.325872
15.376000 -0.945567 0.324927
15.377000 -0.945892 0.323981
15.378000 -0.946216 0.323035
15.379000 -0.946539 0.322089
15.380000 -0.946861 0.321142
15.381000 -0.947182 0.320195
15.382000 -0.947503 0.319248
15.383000 -0.947822 0.318300
15.384000 -0.948140 0.317352
15.385000 -0.948458 0.316404
15.386000 -0.948774 0.315455
15.387000 -0.949090 0.314506
15.388000 -0.949404 0.313557
15.389000 -0.949718 0.312607
15.390000 -0.950030 0.311658
15.391000 -0.950342 0.310707
15.392000 -0.950653 0.309757
15.393000 -0.950962 0.308806
15.394000 -0.951271 0.307855
15.395000 -0.951579 0.306904
15.396000 -0.951886 0.305952
15.397000 -0.952192 0.305000
15.398000 -0.952497 0.304047
15.399000 -0.952801 0.303095
15.400000 -0.953104 0.302142
15.401000 -0.953406 0.301189
15.402000 -0.953708 0.300235
15.403000 -0.954008 0.299281
15.404000 -0.954307 0.298327
15.405000 -0.954606 0.297373
15.406000 -0.954903 0.296418
15.407000 -0.955199 0.295463
15.408000 -0.955495 0.294507
15.409000 -0.955789 0.293552
15.410000 -0.956083 0.292596
15.411000 -0.956376 0.291640
15.412000 -0.956667 0.290683
15.413000 -0.956958 0.289726
15.414000 -0.957248 0.288769
15.415000 -0.957537 0.287812
15.416000 -0.957824 0.286854
15.417000 -0.958111 0.285896
15.418000 -0.958397 0.284938
15.419000 -0.958682 0.283979
15.420000 -0.958966 0.283021
15.421000 -0.959249 0.282061
15.422000 -0.959531 0.281102
15.423000 -0.959812 0.280142
15.424000 -0.960093 0.279182
15.425000 -0.960372 0.278222
15.426000 -0.960650 0.277262
15.427000 -0.960927 0.276301
15.428000 -0.961204 0.275340
15.429000 -0.961479 0.274378
15.430000 -0.961753 0.273417
15.431000 -0.962027 0.272455
15.432000 -0.962299 0.271493
15.433000 -0.962571 0.270530
15.434000 -0.962841 0.269568
15.435000 -0.963111 0.268605
15.436000 -0.963380 0.267641
15.437000 -0.963647 0.266678
15.438000 -0.963914 0.265714
15.439000 -0.964180 0.264750
15.440000 -0.964444 0.263786
15.441000 -0.964708 0.262821
15.442000 -0.964971 0.261856
15.443000 -0.965233 0.260891
15.444000 -0.965494 0.259926
15.445000 -0.965754 0.258960
15.446000 -0.966013 0.257994
15.447000 -0.966271 0.257028
15.448000 -0.966528 0.256062
15.449000 -0.966784 0.255095
15.450000 -0.967039 0.254128
15.451000 -0.967293 0.253161
15.452000 -0.967546 0.252194
15.453000 -0.967799 0.251226
15.454000 -0.968050 0.250258
15.455000 -0.968300 0.249290
15.456000 -0.968549 0.248321
15.457000 -0.968798 0.247353
15.458000 -0.969045 0.246384
15.459000 -0.969291 0.245415
15.460000 -0.969537 0.244445
15.461000 -0.969781 0.243476
15.462000 -0.970025 0.242506
15.463000 -0.970267 0.241536
15.464000 -0.970509 0.240565
15.465000 -0.970749 0.239595
15.466000 -0.970989 0.238624
15.467000 -0.971228 0.237653
15.468000 -0.971465 0.236681
15.469000 -0.971702 0.235710
15.470000 -0.971938 0.234738
15.471000 -0.972173 0.233766
15.472000 -0.972406 0.232794
15.473000 -0.972639 0.231821
15.474000 -0.972871 0.230848
15.475000 -0.973102 0.229875
15.476000 -0.973332 0.228902
15.477000 -0.973561 0.227929
15.478000 -0.973789 0.226955
15.479000 -0.974016 0.225981
15.480000 -0.974242 0.225007
15.481000 -0.974467 0.224033
15.482000 -0.974691 0.223058
15.483000 -0.974914 0.222083
15.484000 -0.975136 0.221108
15.485000 -0.975357 0.220133
15.486000 -0.975577 0.219157
15.487000 -0.975796 0.218182
15.488000 -0.976014 0.217206
15.489000 -0.976232 0.216230
15.490000 -0.976448 0.215253
15.491000 -0.976663 0.214277
15.492000 -0.976877 0.213300
15.493000 -0.977091 0.212323
15.494000 -0.977303 0.211346
15.495000 -0.977514 0.210368
15.496000 -0.977725 0.209391
15.497000 -0.977934 0.208413
15.498000 -0.978143 0.207435
15.499000 -0.978350 0.206457
15.500000 -0.978557 0.205478
15.501000 -0.978762 0.204500
15.502000 -0.978967 0.203521
15.503000 -0.979170 0.202542
15.504000 -0.979373 0.201562
15.505000 -0.979574 0.200583
15.506000 -0.979775 0.199603
15.507000 -0.979974 0.198623
15.508000 -0.980173 0.197643
15.509000 -0.980371 0.196663
15.510000 -0.980567 0.195683
15.511000 -0.980763 0.194702
15.512000 -0.980958 0.193721
15.513000 -0.981151 0.192740
15.514000 -0.981344 0.191759
15.515000 -0.981536 0.190777
15.516000 -0.981727 0.189796
15.517000 -0.981917 0.188814
15.518000 -0.982105 0.187832
15.519000 -0.982293 0.186850
15.520000 -0.982480 0.185867
15.521000 -0.982666 0.184885
15.522000 -0.982851 0.183902
15.523000 -0.983035 0.182919
15.524000 -0.983218 0.181936
15.525000 -0.983400 0.180953
15.526000 -0.983581 0.179969
15.527000 -0.983761 0.178985
15.528000 -0.983940 0.178001
15.529000 -0.984118 0.177017
15.530000 -0.984295 0.176033
15.531000 -0.984471 0.175049
15.532000 -0.984646 0.174064
15.533000 -0.984820 0.173080
15.534000 -0.984993 0.172095
15.535000 -0.985165 0.171110
15.536000 -0.985336 0.170124
15.537000 -0.985506 0.169139
15.538000 -0.985675 0.168153
15.539000 -0.985844 0.167168
15.540000 -0.986011 0.166182
15.541000 -0.986177 0.165196
15.542000 -0.986342 0.164209
15.543000 -0.986506 0.163223
15.544000 -0.986670 0.162236
15.545000 -0.986832 0.161250
15.546000 -0.986993 0.160263
15.547000 -0.987153 0.159276
15.548000 -0.987313 0.158288
15.549000 -0.987471 0.157301
15.550000 -0.987628 0.156313
15.551000 -0.987785 0.155326
15.552000 -0.987940 0.154338
15.553000 -0.988094 0.153350
15.554000 -0.988248 0.152362
15.555000 -0.988400 0.151373
15.556000 -0.988551 0.150385
15.557000 -0.988702 0.149396
15.558000 -0.988851 0.148407
15.559000 -0.989000 0.147418
15.560000 -0.989147 0.146429
15.561000 -0.989293 0.145440
15.562000 -0.989439 0.144451
15.563000 -0.989583 0.143461
15.564000 -0.989727 0.142472
15.565000 -0.989869 0.141482
15.566000 -0.990011 0.140492
15.567000 -0.990151 0.139502
15.568000 -0.990291 0.138512
15.569000 -0.990429 0.137521
15.570000 -0.990567 0.136531
15.571000 -0.990703 0.135540
15.572000 -0.990839 0.134549
15.573000 -0.990973 0.133558
15.574000 -0.991107 0.132567
15.575000 -0.991240 0.131576
15.576000 -0.991371 0.130585
15.577000 -0.991502 0.129593
15.578000 -0.991631 0.128602
15.579000 -0.991760 0.127610
15.580000 -0.991888 0.126618
15.581000 -0.992014 0.125626
15.582000 -0.992140 0.124634
15.583000 -0.992264 0.123642
15.584000 -0.992388 0.122650
15.585000 -0.992511 0.121657
15.586000 -0.992632 0.120665
15.587000 -0.992753 0.119672
15.588000 -0.992873 0.118679
15.589000 -0.992991 0.117686
15.590000 -0.993109 0.116693
15.591000 -0.993226 0.115700
15.592000 -0.993341 0.114707
15.593000 -0.993456 0.113713
15.594000 -0.993570 0.112720
15.595000 -0.993683 0.111726
15.596000 -0.993794 0.110733
15.597000 -0.993905 0.109739
15.598000 -0.994015 0.108745
15.599000 -0.994124 0.107751
15.600000 -0.994231 0.106757
15.601000 -0.994338 0.105762
15.602000 -0.994444 0.104768
15.603000 -0.994549 0.103773
15.604000 -0.994652 0.102779
15.605000 -0.994755 0.101784
15.606000 -0.994857 0.100789
15.607000 -0.994958 0.099794
15.608000 -0.995058 0.098799
15.609000 -0.995156 0.097804
15.610000 -0.995254 0.096809
15.611000 -0.995351 0.095814
15.612000 -0.995447 0.094818
15.613000 -0.995542 0.093823
15.614000 -0.995635 0.092827
15.615000 -0.995728 0.091832
15.616000 -0.995820 0.090836
15.617000 -0.995911 0.089840
15.618000 -0.996001 0.088844
15.619000 -0.996090 0.087848
15.620000 -0.996177 0.086852
15.621000 -0.996264 0.085856
15.622000 -0.996350 0.084859
15.623000 -0.996435 0.083863
15.624000 -0.996519 0.082866
15.625000 -0.996602 0.081870
15.626000 -0.996684 0.080873
15.627000 -0.996765 0.079876
15.628000 -0.996844 0.078880
15.629000 -0.996923 0.077883
15.630000 -0.997001 0.076886
15.631000 -0.997078 0.075889
15.632000 -0.997154 0.074892
15.633000 -0.997229 0.073894
15.634000 -0.997303 0.072897
15.635000 -0.997376 0.071900
15.636000 -0.997448 0.070902
15.637000 -0.997518 0.069905
15.638000 -0.997588 0.068907
15.639000 -0.997657 0.067910
15.640000 -0.997725 0.066912
15.641000 -0.997792 0.065914
15.642000 -0.997858 0.064917
15.643000 -0.997923 0.063919
15.644000 -0.997987 0.062921
15.645000 -0.998050 0.061923
15.646000 -0.998112 0.060925
15.647000 -0.998173 0.059926
15.648000 -0.998233 0.058928
15.649000 -0.998291 0.057930
15.650000 -0.998349 0.056932
15.651000 -0.998406 0.055933
15.652000 -0.998462 0.054935
15.653000 -0.998517 0.053936
15.654000 -0.998571 0.052938
15.655000 -0.998624 0.051939
15.656000 -0.998676 0.050941
15.657000 -0.998727 0.049942
15.658000 -0.998777 0.048943
15.659000 -0.998826 0.047944
15.660000 -0.998874 0.046945
15.661000 -0.998921 0.045947
15.662000 -0.998967 0.044948
15.663000 -0.999012 0.043949
15.664000 -0.999056 0.042950
15.665000 -0.999099 0.041951
15.666000 -0.999140 0.040951
15.667000 -0.999181 0.039952
15.668000 -0.999221 0.038953
15.669000 -0.999260 0.037954
15.670000 -0.999298 0.036955
15.671000 -0.999335 0.035955
15.672000 -0.999371 0.034956
15.673000 -0.999406 0.033956
15.674000 -0.999440 0.032957
15.675000 -0.999473 0.031958
15.676000 -0.999505 0.030958
15.677000 -0.999536 0.029959
15.678000 -0.999566 0.028959
15.679000 -0.999595 0.027959
15.680000 -0.999623 0.026960
15.681000 -0.999650 0.025960
15.682000 -0.999676 0.024961
15.683000 -0.999701 0.023961
15.684000 -0.999725 0.022961
15.685000 -0.999748 0.021961
15.686000 -0.999770 0.020962
15.687000 -0.999791 0.019962
15.688000 -0.999811 0.018962
15.689000 -0.999830 0.017962
15.690000 -0.999847 0.016962
15.691000 -0.999864 0.015963
15.692000 -0.999880 0.014963
15.693000 -0.999895 0.013963
15.694000 -0.999909 0.012963
15.695000 -0.999922 0.011963
15.696000 -0.999934 0.010963
15.697000 -0.999945 0.009963
15.698000 -0.999955 0.008963
15.699000 -0.999964 0.007963
15.700000 -0.999972 0.006963
15.701000 -0.999979 0.005963
15.702000 -0.999985 0.004963
15.703000 -0.999990 0.003963
15.704000 -0.999994 0.002963
15.705000 -0.999997 0.001963
15.706000 -0.999999 0.000963
15.707000 -1.000000 -0.000037
15.708000 -1.000000 -0.001037
15.709000 -0.999999 -0.002037
15.710000 -0.999997 -0.003037
15.711000 -0.999994 -0.004037
15.712000 -0.999990 -0.005037
15.713000 -0.999985 -0.006037
15.714000 -0.999979 -0.007037
15.715000 -0.999972 -0.008037
15.716000 -0.999964 -0.009037
15.717000 -0.999954 -0.010037
15.718000 -0.999944 -0.011037
15.719000 -0.999933 -0.012036
15.720000 -0.999921 -0.013036
15.721000 -0.999908 -0.014036
15.722000 -0.999894 -0.015036
15.723000 -0.999879 -0.016036
15.724000 -0.999863 -0.017036
15.725000 -0.999846 -0.018036
15.726000 -0.999828 -0.019036
15.727000 -0.999809 -0.020035
15.728000 -0.999789 -0.021035
15.729000 -0.999768 -0.022035
15.730000 -0.999746 -0.023035
15.731000 -0.999723 -0.024035
15.732000 -0.999699 -0.025034
15.733000 -0.999674 -0.026034
15.734000 -0.999648 -0.027034
15.735000 -0.999621 -0.028033
15.736000 -0.999593 -0.029033
15.737000 -0.999564 -0.030032
15.738000 -0.999534 -0.031032
15.739000 -0.999503 -0.032032
15.740000 -0.999471 -0.033031
15.741000 -0.999438 -0.034030
15.742000 -0.999404 -0.035030
15.743000 -0.999369 -0.036029
15.744000 -0.999333 -0.037029
15.745000 -0.999296 -0.038028
15.746000 -0.999258 -0.039027
15.747000 -0.999218 -0.040026
15.748000 -0.999178 -0.041026
15.749000 -0.999137 -0.042025
15.750000 -0.999095 -0.043024
15.751000 -0.999052 -0.044023
15.752000 -0.999008 -0.045022
15.753000 -0.998963 -0.046021
15.754000 -0.998917 -0.047020
15.755000 -0.998870 -0.048019
15.756000 -0.998822 -0.049018
15.757000 -0.998773 -0.050016
15.758000 -0.998723 -0.051015
15.759000 -0.998672 -0.052014
15.760000 -0.998620 -0.053013
15.761000 -0.998567 -0.054011
15.762000 -0.998513 -0.055010
15.763000 -0.998458 -0.056008
15.764000 -0.998402 -0.057007
15.765000 -0.998345 -0.058005
15.766000 -0.998287 -0.059003
15.767000 -0.998228 -0.060002
15.768000 -0.998168 -0.061000
15.769000 -0.998107 -0.061998
15.770000 -0.998045 -0.062996
15.771000 -0.997982 -0.063994
15.772000 -0.997918 -0.064992
15.773000 -0.997853 -0.065990
15.774000 -0.997787 -0.066988
15.775000 -0.997720 -0.067985
15.776000 -0.997652 -0.068983
15.777000 -0.997583 -0.069981
15.778000 -0.997513 -0.070978
15.779000 -0.997442 -0.071976
15.780000 -0.997370 -0.072973
15.781000 -0.997297 -0.073970
15.782000 -0.997223 -0.074968
15.783000 -0.997148 -0.075965
15.784000 -0.997072 -0.076962
15.785000 -0.996995 -0.077959
15.786000 -0.996918 -0.078956
15.787000 -0.996839 -0.079953
15.788000 -0.996759 -0.080950
15.789000 -0.996678 -0.081946
15.790000 -0.996596 -0.082943
15.791000 -0.996513 -0.083940
15.792000 -0.996429 -0.084936
15.793000 -0.996344 -0.085932
15.794000 -0.996258 -0.086929
15.795000 -0.996171 -0.087925
15.796000 -0.996083 -0.088921
15.797000 -0.995994 -0.089917
15.798000 -0.995904 -0.090913
15.799000 -0.995813 -0.091909
15.800000 -0.995721 -0.092905
15.801000 -0.995629 -0.093900
15.802000 -0.995535 -0.094896
15.803000 -0.995440 -0.095891
15.804000 -0.995344 -0.096887
15.805000 -0.995247 -0.097882
15.806000 -0.995149 -0.098877
15.807000 -0.995050 -0.099872
15.808000 -0.994950 -0.100867
15.809000 -0.994850 -0.101862
15.810000 -0.994748 -0.102857
15.811000 -0.994645 -0.103852
15.812000 -0.994541 -0.104846
15.813000 -0.994436 -0.105841
15.814000 -0.994330 -0.106835
15.815000 -0.994223 -0.107830
15.816000 -0.994116 -0.108824
15.817000 -0.994007 -0.109818
15.818000 -0.993897 -0.110812
15.819000 -0.993786 -0.111806
15.820000 -0.993674 -0.112799
15.821000 -0.993562 -0.113793
15.822000 -0.993448 -0.114786
15.823000 -0.993333 -0.115780
15.824000 -0.993217 -0.116773
15.825000 -0.993100 -0.117766
15.826000 -0.992983 -0.118759
15.827000 -0.992864 -0.119752
15.828000 -0.992744 -0.120745
15.829000 -0.992623 -0.121738
15.830000 -0.992502 -0.122730
15.831000 -0.992379 -0.123723
15.832000 -0.992255 -0.124715
15.833000 -0.992131 -0.125707
15.834000 -0.992005 -0.126699
15.835000 -0.991878 -0.127691
15.836000 -0.991750 -0.128683
15.837000 -0.991622 -0.129675
15.838000 -0.991492 -0.130666
15.839000 -0.991361 -0.131658
15.840000 -0.991230 -0.132649
15.841000 -0.991097 -0.133640
15.842000 -0.990964 -0.134631
15.843000 -0.990829 -0.135622
15.844000 -0.990693 -0.136613
15.845000 -0.990557 -0.137604
15.846000 -0.990419 -0.138594
15.847000 -0.990280 -0.139584
15.848000 -0.990141 -0.140575
15.849000 -0.990000 -0.141565
15.850000 -0.989859 -0.142555
15.851000 -0.989716 -0.143544
15.852000 -0.989573 -0.144534
15.853000 -0.989428 -0.145524
15.854000 -0.989283 -0.146513
15.855000 -0.989136 -0.147502
15.856000 -0.988989 -0.148491
15.857000 -0.988840 -0.149480
15.858000 -0.988691 -0.150469
15.859000 -0.988540 -0.151457
15.860000 -0.988389 -0.152446
15.861000 -0.988236 -0.153434
15.862000 -0.988083 -0.154422
15.863000 -0.987928 -0.155410
15.864000 -0.987773 -0.156398
15.865000 -0.987617 -0.157386
15.866000 -0.987459 -0.158373
15.867000 -0.987301 -0.159361
15.868000 -0.987142 -0.160348
15.869000 -0.986981 -0.161335
15.870000 -0.986820 -0.162322
15.871000 -0.986658 -0.163309
15.872000 -0.986494 -0.164295
15.873000 -0.986330 -0.165282
15.874000 -0.986165 -0.166268
15.875000 -0.985998 -0.167254
15.876000 -0.985831 -0.168240
15.877000 -0.985663 -0.169226
15.878000 -0.985494 -0.170211
15.879000 -0.985324 -0.171197
15.880000 -0.985152 -0.172182
15.881000 -0.984980 -0.173167
15.882000 -0.984807 -0.174152
15.883000 -0.984633 -0.175137
15.884000 -0.984458 -0.176121
15.885000 -0.984282 -0.177106
15.886000 -0.984105 -0.178090
15.887000 -0.983926 -0.179074
15.888000 -0.983747 -0.180058
15.889000 -0.983567 -0.181041
15.890000 -0.983386 -0.182025
15.891000 -0.983204 -0.183008
15.892000 -0.983021 -0.183991
15.893000 -0.982837 -0.184974
15.894000 -0.982652 -0.185957
15.895000 -0.982466 -0.186939
15.896000 -0.982279 -0.187922
15.897000 -0.982092 -0.188904
15.898000 -0.981903 -0.189886
15.899000 -0.981713 -0.190868
15.900000 -0.981522 -0.191849
15.901000 -0.981330 -0.192831
15.902000 -0.981137 -0.193812
15.903000 -0.980943 -0.194793
15.904000 -0.980749 -0.195774
15.905000 -0.980553 -0.196755
15.906000 -0.980356 -0.197735
15.907000 -0.980158 -0.198715
15.908000 -0.979960 -0.199695
15.909000 -0.979760 -0.200675
15.910000 -0.979559 -0.201655
15.911000 -0.979358 -0.202634
15.912000 -0.979155 -0.203614
15.913000 -0.978952 -0.204593
15.914000 -0.978747 -0.205571
15.915000 -0.978541 -0.206550
15.916000 -0.978335 -0.207529
15.917000 -0.978127 -0.208507
15.918000 -0.977919 -0.209485
15.919000 -0.977709 -0.210463
15.920000 -0.977499 -0.211440
15.921000 -0.977287 -0.212418
15.922000 -0.977075 -0.213395
15.923000 -0.976862 -0.214372
15.924000 -0.976647 -0.215349
15.925000 -0.976432 -0.216325
15.926000 -0.976216 -0.217301
15.927000 -0.975998 -0.218278
15.928000 -0.975780 -0.219253
15.929000 -0.975561 -0.220229
15.930000 -0.975341 -0.221205
15.931000 -0.975119 -0.222180
15.932000 -0.974897 -0.223155
15.933000 -0.974674 -0.224130
15.934000 -0.974450 -0.225104
15.935000 -0.974225 -0.226078
15.936000 -0.973999 -0.227053
15.937000 -0.973772 -0.228026
15.938000 -0.973544 -0.229000
15.939000 -0.973315 -0.229974
15.940000 -0.973085 -0.230947
15.941000 -0.972854 -0.231920
15.942000 -0.972622 -0.232892
15.943000 -0.972389 -0.233865
15.944000 -0.972155 -0.234837
15.945000 -0.971921 -0.235809
15.946000 -0.971685 -0.236781
15.947000 -0.971448 -0.237753
15.948000 -0.971210 -0.238724
15.949000 -0.970971 -0.239695
15.950000 -0.970732 -0.240666
15.951000 -0.970491 -0.241637
15.952000 -0.970250 -0.242607
15.953000 -0.970007 -0.243577
15.954000 -0.969763 -0.244547
15.955000 -0.969519 -0.245517
15.956000 -0.969273 -0.246486
15.957000 -0.969027 -0.247455
15.958000 -0.968779 -0.248424
15.959000 -0.968531 -0.249393
15.960000 -0.968282 -0.250361
15.961000 -0.968031 -0.251329
15.962000 -0.967780 -0.252297
15.963000 -0.967528 -0.253265
15.964000 -0.967274 -0.254232
15.965000 -0.967020 -0.255199
15.966000 -0.966765 -0.256166
15.967000 -0.966509 -0.257133
15.968000 -0.966252 -0.258099
15.969000 -0.965994 -0.259065
15.970000 -0.965735 -0.260031
15.971000 -0.965475 -0.260997
15.972000 -0.965214 -0.261962
15.973000 -0.964952 -0.262927
15.974000 -0.964689 -0.263892
15.975000 -0.964425 -0.264857
15.976000 -0.964160 -0.265821
15.977000 -0.963894 -0.266785
15.978000 -0.963628 -0.267749
15.979000 -0.963360 -0.268712
15.980000 -0.963091 -0.269675
15.981000 -0.962821 -0.270638
15.982000 -0.962551 -0.271601
15.983000 -0.962279 -0.272563
15.984000 -0.962007 -0.273526
15.985000 -0.961733 -0.274487
15.986000 -0.961459 -0.275449
15.987000 -0.961183 -0.276410
15.988000 -0.960907 -0.277371
15.989000 -0.960630 -0.278332
15.990000 -0.960351 -0.279293
15.991000 -0.960072 -0.280253
15.992000 -0.959792 -0.281213
15.993000 -0.959511 -0.282173
15.994000 -0.959228 -0.283132
15.995000 -0.958945 -0.284091
15.996000 -0.958661 -0.285050
15.997000 -0.958376 -0.286008
15.998000 -0.958090 -0.286967
15.999000 -0.957803 -0.287924
16.000000 -0.957515 -0.288882
16.001000 -0.957227 -0.289839
16.002000 -0.956937 -0.290797
16.003000 -0.956646 -0.291753
16.004000 -0.956354 -0.292710
16.005000 -0.956061 -0.293666
16.006000 -0.955768 -0.294622
16.007000 -0.955473 -0.295578
16.008000 -0.955178 -0.296533
16.009000 -0.954881 -0.297488
16.010000 -0.954584 -0.298443
16.011000 -0.954285 -0.299397
16.012000 -0.953986 -0.300351
16.013000 -0.953686 -0.301305
16.014000 -0.953384 -0.302259
16.015000 -0.953082 -0.303212
16.016000 -0.952779 -0.304165
16.017000 -0.952475 -0.305117
16.018000 -0.952170 -0.306070
16.019000 -0.951864 -0.307022
16.020000 -0.951557 -0.307973
16.021000 -0.951249 -0.308925
16.022000 -0.950940 -0.309876
16.023000 -0.950630 -0.310827
16.024000 -0.950319 -0.311777
16.025000 -0.950007 -0.312727
16.026000 -0.949695 -0.313677
16.027000 -0.949381 -0.314627
16.028000 -0.949066 -0.315576
16.029000 -0.948751 -0.316525
16.030000 -0.948434 -0.317474
16.031000 -0.948117 -0.318422
16.032000 -0.947799 -0.319370
16.033000 -0.947479 -0.320317
16.034000 -0.947159 -0.321265
16.035000 -0.946838 -0.322212
16.036000 -0.946515 -0.323158
16.037000 -0.946192 -0.324105
16.038000 -0.945868 -0.325051
16.039000 -0.945543 -0.325996
16.040000 -0.945217 -0.326942
16.041000 -0.944890 -0.327887
16.042000 -0.944562 -0.328832
16.043000 -0.944234 -0.329776
16.044000 -0.943904 -0.330720
16.045000 -0.943573 -0.331664
16.046000 -0.943242 -0.332607
16.047000 -0.942909 -0.333550
16.048000 -0.942575 -0.334493
16.049000 -0.942241 -0.335435
16.050000 -0.941906 -0.336378
16.051000 -0.941569 -0.337319
16.052000 -0.941232 -0.338261
16.053000 -0.940894 -0.339202
16.054000 -0.940555 -0.340142
16.055000 -0.940214 -0.341083
16.056000 -0.939873 -0.342023
16.057000 -0.939531 -0.342963
16.058000 -0.939188 -0.343902
16.059000 -0.938845 -0.344841
16.060000 -0.938500 -0.345780
16.061000 -0.938154 -0.346718
16.062000 -0.937807 -0.347656
16.063000 -0.937460 -0.348594
16.064000 -0.937111 -0.349531
16.065000 -0.936762 -0.350468
16.066000 -0.936411 -0.351404
16.067000 -0.936060 -0.352341
16.068000 -0.935708 -0.353277
16.069000 -0.935354 -0.354212
16.070000 -0.935000 -0.355147
16.071000 -0.934645 -0.356082
16.072000 -0.934289 -0.357017
16.073000 -0.933932 -0.357951
16.074000 -0.933574 -0.358884
16.075000 -0.933215 -0.359818
16.076000 -0.932855 -0.360751
16.077000 -0.932495 -0.361683
16.078000 -0.932133 -0.362616
16.079000 -0.931770 -0.363548
16.080000 -0.931407 -0.364479
16.081000 -0.931043 -0.365411
16.082000 -0.930677 -0.366341
16.083000 -0.930311 -0.367272
16.084000 -0.929944 -0.368202
16.085000 -0.929575 -0.369132
16.086000 -0.929206 -0.370061
16.087000 -0.928836 -0.370990
16.088000 -0.928465 -0.371919
16.089000 -0.928093 -0.372847
16.090000 -0.927721 -0.373775
16.091000 -0.927347 -0.374703
16.092000 -0.926972 -0.375630
16.093000 -0.926597 -0.376557
16.094000 -0.926220 -0.377483
16.095000 -0.925843 -0.378409
16.096000 -0.925464 -0.379335
16.097000 -0.925085 -0.380260
16.098000 -0.924705 -0.381185
16.099000 -0.924324 -0.382109
16.100000 -0.923942 -0.383033
16.101000 -0.923559 -0.383957
16.102000 -0.923175 -0.384881
16.103000 -0.922790 -0.385804
16.104000 -0.922404 -0.386726
16.105000 -0.922017 -0.387648
16.106000 -0.921630 -0.388570
16.107000 -0.921241 -0.389492
16.108000 -0.920852 -0.390413
16.109000 -0.920461 -0.391333
16.110000 -0.920070 -0.392254
16.111000 -0.919678 -0.393173
16.112000 -0.919285 -0.394093
16.113000 -0.918891 -0.395012
16.114000 -0.918496 -0.395931
16.115000 -0.918100 -0.396849
16.116000 -0.917703 -0.397767
16.117000 -0.917305 -0.398684
16.118000 -0.916907 -0.399602
16.119000 -0.916507 -0.400518
16.120000 -0.916107 -0.401435
16.121000 -0.915705 -0.402350
16.122000 -0.915303 -0.403266
16.123000 -0.914900 -0.404181
16.124000 -0.914496 -0.405096
16.125000 -0.914091 -0.406010
16.126000 -0.913685 -0.406924
16.127000 -0.913278 -0.407837
16.128000 -0.912870 -0.408750
16.129000 -0.912461 -0.409663
16.130000 -0.912052 -0.410575
16.131000 -0.911641 -0.411487
16.132000 -0.911230 -0.412399
16.133000 -0.910817 -0.413310
16.134000 -0.910404 -0.414220
16.135000 -0.909990 -0.415131
16.136000 -0.909575 -0.416040
16.137000 -0.909159 -0.416950
16.138000 -0.908742 -0.417859
16.139000 -0.908324 -0.418767
16.140000 -0.907905 -0.419675
16.141000 -0.907486 -0.420583
16.142000 -0.907065 -0.421490
16.143000 -0.906644 -0.422397
16.144000 -0.906221 -0.423304
16.145000 -0.905798 -0.424210
16.146000 -0.905374 -0.425115
16.147000 -0.904949 -0.426020
16.148000 -0.904523 -0.426925
16.149000 -0.904096 -0.427829
16.150000 -0.903668 -0.428733
16.151000 -0.903240 -0.429637
16.152000 -0.902810 -0.430540
16.153000 -0.902379 -0.431442
16.154000 -0.901948 -0.432344
16.155000 -0.901516 -0.433246
16.156000 -0.901083 -0.434147
16.157000 -0.900648 -0.435048
16.158000 -0.900213 -0.435949
16.159000 -0.899778 -0.436849
16.160000 -0.899341 -0.437748
16.161000 -0.898903 -0.438647
16.162000 -0.898464 -0.439546
16.163000 -0.898025 -0.440444
16.164000 -0.897585 -0.441342
16.165000 -0.897143 -0.442240
16.166000 -0.896701 -0.443136
16.167000 -0.896258 -0.444033
16.168000 -0.895814 -0.444929
16.169000 -0.895369 -0.445825
16.170000 -0.894923 -0.446720
16.171000 -0.894477 -0.447614
16.172000 -0.894029 -0.448509
16.173000 -0.893581 -0.449402
16.174000 -0.893131 -0.450296
16.175000 -0.892681 -0.451189
16.176000 -0.892230 -0.452081
16.177000 -0.891778 -0.452973
16.178000 -0.891325 -0.453865
16.179000 -0.890871 -0.454756
16.180000 -0.890417 -0.455647
16.181000 -0.889961 -0.456537
16.182000 -0.889504 -0.457426
16.183000 -0.889047 -0.458316
16.184000 -0.888589 -0.459205
16.185000 -0.888130 -0.460093
16.186000 -0.887670 -0.460981
16.187000 -0.887209 -0.461868
16.188000 -0.886747 -0.462755
16.189000 -0.886284 -0.463642
16.190000 -0.885821 -0.464528
16.191000 -0.885356 -0.465413
16.192000 -0.884891 -0.466298
16.193000 -0.884425 -0.467183
16.194000 -0.883957 -0.468067
16.195000 -0.883489 -0.468951
16.196000 -0.883021 -0.469834
16.197000 -0.882551 -0.470717
16.198000 -0.882080 -0.471599
16.199000 -0.881609 -0.472481
16.200000 -0.881136 -0.473363
16.201000 -0.880663 -0.474244
16.202000 -0.880189 -0.475124
16.203000 -0.879714 -0.476004
16.204000 -0.879238 -0.476883
16.205000 -0.878761 -0.477762
16.206000 -0.878283 -0.478641
16.207000 -0.877805 -0.479519
16.208000 -0.877325 -0.480397
16.209000 -0.876845 -0.481274
16.210000 -0.876364 -0.482150
16.211000 -0.875881 -0.483026
16.212000 -0.875398 -0.483902
16.213000 -0.874915 -0.484777
16.214000 -0.874430 -0.485652
16.215000 -0.873944 -0.486526
16.216000 -0.873458 -0.487400
16.217000 -0.872971 -0.488273
16.218000 -0.872482 -0.489146
16.219000 -0.871993 -0.490018
16.220000 -0.871503 -0.490890
16.221000 -0.871012 -0.491761
16.222000 -0.870521 -0.492632
16.223000 -0.870028 -0.493502
16.224000 -0.869535 -0.494372
16.225000 -0.869040 -0.495241
16.226000 -0.868545 -0.496110
16.227000 -0.868049 -0.496978
16.228000 -0.867552 -0.497846
16.229000 -0.867055 -0.498713
16.230000 -0.866556 -0.499580
16.231000 -0.866056 -0.500446
16.232000 -0.865556 -0.501312
16.233000 -0.865055 -0.502177
16.234000 -0.864553 -0.503042
16.235000 -0.864050 -0.503907
16.236000 -0.863546 -0.504770
16.237000 -0.863041 -0.505634
16.238000 -0.862536 -0.506496
16.239000 -0.862029 -0.507359
16.240000 -0.861522 -0.508220
16.241000 -0.861014 -0.509082
16.242000 -0.860505 -0.509942
16.243000 -0.859995 -0.510803
16.244000 -0.859484 -0.511662
16.245000 -0.858972 -0.512522
16.246000 -0.858460 -0.513380
16.247000 -0.857947 -0.514239
16.248000 -0.857433 -0.515096
16.249000 -0.856918 -0.515953
16.250000 -0.856402 -0.516810
16.251000 -0.855885 -0.517666
16.252000 -0.855367 -0.518522
16.253000 -0.854849 -0.519377
16.254000 -0.854330 -0.520232
16.255000 -0.853809 -0.521086
16.256000 -0.853288 -0.521939
16.257000 -0.852767 -0.522792
16.258000 -0.852244 -0.523645
16.259000 -0.851720 -0.524497
16.260000 -0.851196 -0.525348
16.261000 -0.850671 -0.526199
16.262000 -0.850144 -0.527050
16.263000 -0.849617 -0.527899
16.264000 -0.849090 -0.528749
16.265000 -0.848561 -0.529598
16.266000 -0.848031 -0.530446
16.267000 -0.847501 -0.531294
16.268000 -0.846970 -0.532141
16.269000 -0.846438 -0.532988
16.270000 -0.845905 -0.533834
16.271000 -0.845371 -0.534679
16.272000 -0.844837 -0.535525
16.273000 -0.844301 -0.536369
16.274000 -0.843765 -0.537213
16.275000 -0.843228 -0.538057
16.276000 -0.842690 -0.538900
16.277000 -0.842151 -0.539742
16.278000 -0.841611 -0.540584
16.279000 -0.841071 -0.541425
16.280000 -0.840529 -0.542266
16.281000 -0.839987 -0.543106
16.282000 -0.839444 -0.543946
16.283000 -0.838900 -0.544785
16.284000 -0.838356 -0.545624
16.285000 -0.837810 -0.546462
16.286000 -0.837264 -0.547299
16.287000 -0.836716 -0.548136
16.288000 -0.836168 -0.548973
16.289000 -0.835619 -0.549809
16.290000 -0.835070 -0.550644
16.291000 -0.834519 -0.551479
16.292000 -0.833968 -0.552313
16.293000 -0.833416 -0.553147
16.294000 -0.832862 -0.553980
16.295000 -0.832309 -0.554813
16.296000 -0.831754 -0.555645
16.297000 -0.831198 -0.556476
16.298000 -0.830642 -0.557307
16.299000 -0.830085 -0.558137
16.300000 -0.829527 -0.558967
16.301000 -0.828968 -0.559796
16.302000 -0.828408 -0.560625
16.303000 -0.827847 -0.561453
16.304000 -0.827286 -0.562281
16.305000 -0.826724 -0.563108
16.306000 -0.826161 -0.563934
16.307000 -0.825597 -0.564760
16.308000 -0.825032 -0.565585
16.309000 -0.824467 -0.566410
16.310000 -0.823901 -0.567234
16.311000 -0.823333 -0.568058
16.312000 -0.822765 -0.568881
16.313000 -0.822197 -0.569703
16.314000 -0.821627 -0.570525
16.315000 -0.821057 -0.571347
16.316000 -0.820485 -0.572168
16.317000 -0.819913 -0.572988
16.318000 -0.819340 -0.573807
16.319000 -0.818767 -0.574626
16.320000 -0.818192 -0.575445
16.321000 -0.817617 -0.576263
16.322000 -0.817041 -0.577080
16.323000 -0.816464 -0.577897
16.324000 -0.815886 -0.578713
16.325000 -0.815307 -0.579529
16.326000 -0.814728 -0.580344
16.327000 -0.814147 -0.581158
16.328000 -0.813566 -0.581972
16.329000 -0.812985 -0.582785
16.330000 -0.812402 -0.583598
16.331000 -0.811818 -0.584410
16.332000 -0.811234 -0.585222
16.333000 -0.810649 -0.586032
16.334000 -0.810063 -0.586843
16.335000 -0.809476 -0.587653
16.336000 -0.808889 -0.588462
16.337000 -0.808300 -0.589270
16.338000 -0.807711 -0.590078
16.339000 -0.807121 -0.590886
16.340000 -0.806530 -0.591693
16.341000 -0.805939 -0.592499
16.342000 -0.805346 -0.593305
16.343000 -0.804753 -0.594110
16.344000 -0.804159 -0.594914
16.345000 -0.803564 -0.595718
16.346000 -0.802969 -0.596521
16.347000 -0.802372 -0.597324
16.348000 -0.801775 -0.598126
16.349000 -0.801177 -0.598927
16.350000 -0.800578 -0.599728
16.351000 -0.799979 -0.600529
16.352000 -0.799378 -0.601328
16.353000 -0.798777 -0.602127
16.354000 -0.798175 -0.602926
16.355000 -0.797572 -0.603724
16.356000 -0.796968 -0.604521
16.357000 -0.796364 -0.605318
16.358000 -0.795759 -0.606114
16.359000 -0.795153 -0.606909
16.360000 -0.794546 -0.607704
16.361000 -0.793938 -0.608498
16.362000 -0.793330 -0.609292
16.363000 -0.792721 -0.610085
16.364000 -0.792111 -0.610877
16.365000 -0.791500 -0.611669
16.366000 -0.790888 -0.612460
16.367000 -0.790276 -0.613251
16.368000 -0.789663 -0.614041
16.369000 -0.789049 -0.614830
16.370000 -0.788434 -0.615619
16.371000 -0.787819 -0.616407
16.372000 -0.787203 -0.617195
16.373000 -0.786585 -0.617981
16.374000 -0.785968 -0.618768
16.375000 -0.785349 -0.619553
16.376000 -0.784729 -0.620338
16.377000 -0.784109 -0.621123
16.378000 -0.783488 -0.621907
16.379000 -0.782866 -0.622690
16.380000 -0.782244 -0.623472
16.381000 -0.781620 -0.624254
16.382000 -0.780996 -0.625036
16.383000 -0.780371 -0.625816
16.384000 -0.779746 -0.626596
16.385000 -0.779119 -0.627376
16.386000 -0.778492 -0.628155
16.387000 -0.777864 -0.628933
16.388000 -0.777235 -0.629710
16.389000 -0.776605 -0.630487
16.390000 -0.775975 -0.631264
16.391000 -0.775344 -0.632039
16.392000 -0.774712 -0.632814
16.393000 -0.774079 -0.633589
16.394000 -0.773446 -0.634362
16.395000 -0.772812 -0.635135
16.396000 -0.772177 -0.635908
16.397000 -0.771541 -0.636680
16.398000 -0.770904 -0.637451
16.399000 -0.770267 -0.638222
16.400000 -0.769629 -0.638992
16.401000 -0.768990 -0.639761
16.402000 -0.768350 -0.640530
16.403000 -0.767710 -0.641298
16.404000 -0.767069 -0.642065
16.405000 -0.766427 -0.642832
16.406000 -0.765784 -0.643598
16.407000 -0.765140 -0.644363
16.408000 -0.764496 -0.645128
16.409000 -0.763851 -0.645892
16.410000 -0.763205 -0.646656
16.411000 -0.762559 -0.647419
16.412000 -0.761912 -0.648181
16.413000 -0.761264 -0.648943
16.414000 -0.760615 -0.649703
16.415000 -0.759965 -0.650464
16.416000 -0.759315 -0.651223
16.417000 -0.758664 -0.651982
16.418000 -0.758012 -0.652741
16.419000 -0.757359 -0.653498
16.420000 -0.756706 -0.654255
16.421000 -0.756052 -0.655012
16.422000 -0.755397 -0.655768
16.423000 -0.754741 -0.656523
16.424000 -0.754085 -0.657277
16.425000 -0.753428 -0.658031
16.426000 -0.752770 -0.658784
16.427000 -0.752111 -0.659536
16.428000 -0.751452 -0.660288
16.429000 -0.750791 -0.661039
16.430000 -0.750131 -0.661790
16.431000 -0.749469 -0.662540
16.432000 -0.748806 -0.663289
16.433000 -0.748143 -0.664037
16.434000 -0.747479 -0.664785
16.435000 -0.746815 -0.665532
16.436000 -0.746149 -0.666279
16.437000 -0.745483 -0.667024
16.438000 -0.744816 -0.667770
16.439000 -0.744149 -0.668514
16.440000 -0.743480 -0.669258
16.441000 -0.742811 -0.670001
16.442000 -0.742141 -0.670743
16.443000 -0.741471 -0.671485
16.444000 -0.740799 -0.672226
16.445000 -0.740127 -0.672967
16.446000 -0.739454 -0.673707
16.447000 -0.738781 -0.674446
16.448000 -0.738106 -0.675184
16.449000 -0.737431 -0.675922
16.450000 -0.736756 -0.676659
16.451000 -0.736079 -0.677395
16.452000 -0.735402 -0.678131
16.453000 -0.734724 -0.678866
16.454000 -0.734045 -0.679601
16.455000 -0.733366 -0.680334
16.456000 -0.732685 -0.681067
16.457000 -0.732005 -0.681800
16.458000 -0.731323 -0.682531
16.459000 -0.730640 -0.683262
16.460000 -0.729957 -0.683993
16.461000 -0.729273 -0.684722
16.462000 -0.728589 -0.685451
16.463000 -0.727904 -0.686179
16.464000 -0.727218 -0.686907
16.465000 -0.726531 -0.687634
16.466000 -0.725843 -0.688360
16.467000 -0.725155 -0.689086
16.468000 -0.724466 -0.689810
16.469000 -0.723776 -0.690535
16.470000 -0.723086 -0.691258
16.471000 -0.722395 -0.691981
16.472000 -0.721703 -0.692703
16.473000 -0.721010 -0.693424
16.474000 -0.720317 -0.694145
16.475000 -0.719623 -0.694865
16.476000 -0.718928 -0.695584
16.477000 -0.718233 -0.696303
16.478000 -0.717537 -0.697020
16.479000 -0.716840 -0.697738
16.480000 -0.716142 -0.698454
16.481000 -0.715444 -0.699170
16.482000 -0.714745 -0.699885
16.483000 -0.714045 -0.700599
16.484000 -0.713345 -0.701313
16.485000 -0.712644 -0.702026
16.486000 -0.711942 -0.702738
16.487000 -0.711239 -0.703450
16.488000 -0.710536 -0.704161
16.489000 -0.709832 -0.704871
16.490000 -0.709127 -0.705581
16.491000 -0.708422 -0.706289
16.492000 -0.707716 -0.706997
16.493000 -0.707009 -0.707705
16.494000 -0.706301 -0.708411
16.495000 -0.705593 -0.709117
16.496000 -0.704884 -0.709823
16.497000 -0.704174 -0.710527
16.498000 -0.703464 -0.711231
16.499000 -0.702753 -0.711934
16.500000 -0.702041 -0.712636
16.501000 -0.701329 -0.713338
16.502000 -0.700615 -0.714039
16.503000 -0.699901 -0.714739
16.504000 -0.699187 -0.715439
16.505000 -0.698472 -0.716138
16.506000 -0.697756 -0.716836
16.507000 -0.697039 -0.717533
16.508000 -0.696322 -0.718230
16.509000 -0.695603 -0.718926
16.510000 -0.694885 -0.719621
16.511000 -0.694165 -0.720316
16.512000 -0.693445 -0.721009
16.513000 -0.692724 -0.721703
16.514000 -0.692003 -0.722395
16.515000 -0.691280 -0.723087
16.516000 -0.690557 -0.723778
16.517000 -0.689834 -0.724468
16.518000 -0.689110 -0.725157
16.519000 -0.688385 -0.725846
16.520000 -0.687659 -0.726534
16.521000 -0.686932 -0.727221
16.522000 -0.686205 -0.727908
16.523000 -0.685478 -0.728594
16.524000 -0.684749 -0.729279
16.525000 -0.684020 -0.729963
16.526000 -0.683290 -0.730647
16.527000 -0.682560 -0.731330
16.528000 -0.681829 -0.732012
16.529000 -0.681097 -0.732693
16.530000 -0.680364 -0.733374
16.531000 -0.679631 -0.734054
16.532000 -0.678897 -0.734733
16.533000 -0.678163 -0.735412
16.534000 -0.677427 -0.736090
16.535000 -0.676691 -0.736767
16.536000 -0.675955 -0.737443
16.537000 -0.675217 -0.738119
16.538000 -0.674480 -0.738794
16.539000 -0.673741 -0.739468
16.540000 -0.673002 -0.740141
16.541000 -0.672262 -0.740814
16.542000 -0.671521 -0.741486
16.543000 -0.670780 -0.742157
16.544000 -0.670038 -0.742827
16.545000 -0.669295 -0.743497
16.546000 -0.668552 -0.744166
16.547000 -0.667808 -0.744834
16.548000 -0.667063 -0.745501
16.549000 -0.666318 -0.746168
16.550000 -0.665572 -0.746834
16.551000 -0.664825 -0.747499
16.552000 -0.664078 -0.748164
16.553000 -0.663330 -0.748827
16.554000 -0.662581 -0.749490
16.555000 -0.661832 -0.750152
16.556000 -0.661082 -0.750814
16.557000 -0.660331 -0.751475
16.558000 -0.659580 -0.752135
16.559000 -0.658828 -0.752794
16.560000 -0.658075 -0.753452
16.561000 -0.657322 -0.754110
16.562000 -0.656568 -0.754767
16.563000 -0.655813 -0.755423
16.564000 -0.655058 -0.756078
16.565000 -0.654302 -0.756733
16.566000 -0.653546 -0.757387
16.567000 -0.652788 -0.758040
16.568000 -0.652031 -0.758693
16.569000 -0.651272 -0.759344
16.570000 -0.650513 -0.759995
16.571000 -0.649753 -0.760645
16.572000 -0.648993 -0.761295
16.573000 -0.648231 -0.761943
16.574000 -0.647470 -0.762591
16.575000 -0.646707 -0.763238
16.576000 -0.645944 -0.763885
16.577000 -0.645181 -0.764530
16.578000 -0.644416 -0.765175
16.579000 -0.643651 -0.765819
16.580000 -0.642886 -0.766462
16.581000 -0.642119 -0.767105
16.582000 -0.641352 -0.767746
16.583000 -0.640585 -0.768387
16.584000 -0.639817 -0.769028
16.585000 -0.639048 -0.769667
16.586000 -0.638278 -0.770306
16.587000 -0.637508 -0.770944
16.588000 -0.636737 -0.771581
16.589000 -0.635966 -0.772217
16.590000 -0.635194 -0.772853
16.591000 -0.634421 -0.773488
16.592000 -0.633648 -0.774122
16.593000 -0.632874 -0.774755
16.594000 -0.632099 -0.775387
16.595000 -0.631324 -0.776019
16.596000 -0.630548 -0.776650
16.597000 -0.629772 -0.777280
16.598000 -0.628995 -0.777909
16.599000 -0.628217 -0.778538
16.600000 -0.627439 -0.779166
16.601000 -0.626660 -0.779793
16.602000 -0.625880 -0.780419
16.603000 -0.625100 -0.781045
16.604000 -0.624319 -0.781669
16.605000 -0.623538 -0.782293
16.606000 -0.622755 -0.782917
16.607000 -0.621973 -0.783539
16.608000 -0.621189 -0.784160
16.609000 -0.620405 -0.784781
16.610000 -0.619621 -0.785401
16.611000 -0.618836 -0.786021
16.612000 -0.618050 -0.786639
16.613000 -0.617263 -0.787257
16.614000 -0.616476 -0.787873
16.615000 -0.615689 -0.788490
16.616000 -0.614900 -0.789105
16.617000 -0.614111 -0.789719
16.618000 -0.613322 -0.790333
16.619000 -0.612532 -0.790946
16.620000 -0.611741 -0.791558
16.621000 -0.610950 -0.792169
16.622000 -0.610158 -0.792780
16.623000 -0.609365 -0.793390
16.624000 -0.608572 -0.793999
16.625000 -0.607778 -0.794607
16.626000 -0.606984 -0.795214
16.627000 -0.606189 -0.795821
16.628000 -0.605393 -0.796427
16.629000 -0.604597 -0.797032
16.630000 -0.603800 -0.797636
16.631000 -0.603002 -0.798239
16.632000 -0.602204 -0.798842
16.633000 -0.601406 -0.799444
16.634000 -0.600607 -0.800045
16.635000 -0.599807 -0.800645
16.636000 -0.599006 -0.801244
16.637000 -0.598205 -0.801843
16.638000 -0.597404 -0.802441
16.639000 -0.596601 -0.803038
16.640000 -0.595799 -0.803634
16.641000 -0.594995 -0.804229
16.642000 -0.594191 -0.804824
16.643000 -0.593386 -0.805418
16.644000 -0.592581 -0.806011
16.645000 -0.591775 -0.806603
16.646000 -0.590969 -0.807194
16.647000 -0.590162 -0.807785
16.648000 -0.589354 -0.808375
16.649000 -0.588546 -0.808964
16.650000 -0.587738 -0.809552
16.651000 -0.586928 -0.810139
16.652000 -0.586118 -0.810726
16.653000 -0.585308 -0.811311
16.654000 -0.584497 -0.811896
16.655000 -0.583685 -0.812480
16.656000 -0.582873 -0.813064
16.657000 -0.582060 -0.813646
16.658000 -0.581246 -0.814228
16.659000 -0.580432 -0.814808
16.660000 -0.579618 -0.815388
16.661000 -0.578803 -0.815968
16.662000 -0.577987 -0.816546
16.663000 -0.577170 -0.817124
16.664000 -0.576354 -0.817700
16.665000 -0.575536 -0.818276
16.666000 -0.574718 -0.818852
16.667000 -0.573899 -0.819426
16.668000 -0.573080 -0.819999
16.669000 -0.572260 -0.820572
16.670000 -0.571440 -0.821144
16.671000 -0.570619 -0.821715
16.672000 -0.569798 -0.822285
16.673000 -0.568976 -0.822854
16.674000 -0.568153 -0.823423
16.675000 -0.567330 -0.823991
16.676000 -0.566506 -0.824558
16.677000 -0.565682 -0.825124
16.678000 -0.564857 -0.825689
16.679000 -0.564031 -0.826253
16.680000 -0.563205 -0.826817
16.681000 -0.562379 -0.827380
16.682000 -0.561551 -0.827942
16.683000 -0.560724 -0.828503
16.684000 -0.559895 -0.829063
16.685000 -0.559067 -0.829623
16.686000 -0.558237 -0.830181
16.687000 -0.557407 -0.830739
16.688000 -0.556577 -0.831296
16.689000 -0.555746 -0.831852
16.690000 -0.554914 -0.832408
16.691000 -0.554082 -0.832962
16.692000 -0.553249 -0.833516
16.693000 -0.552416 -0.834069
16.694000 -0.551582 -0.834621
16.695000 -0.550747 -0.835172
16.696000 -0.549913 -0.835722
16.697000 -0.549077 -0.836272
16.698000 -0.548241 -0.836820
16.699000 -0.547404 -0.837368
16.700000 -0.546567 -0.837915
16.701000 -0.545730 -0.838461
16.702000 -0.544891 -0.839007
16.703000 -0.544053 -0.839551
16.704000 -0.543213 -0.840095
16.705000 -0.542373 -0.840638
16.706000 -0.541533 -0.841180
16.707000 -0.540692 -0.841721
16.708000 -0.539851 -0.842261
16.709000 -0.539008 -0.842800
16.710000 -0.538166 -0.843339
16.711000 -0.537323 -0.843877
16.712000 -0.536479 -0.844414
16.713000 -0.535635 -0.844950
16.714000 -0.534790 -0.845485
16.715000 -0.533945 -0.846019
16.716000 -0.533099 -0.846553
16.717000 -0.532253 -0.847085
16.718000 -0.531406 -0.847617
16.719000 -0.530559 -0.848148
16.720000 -0.529711 -0.848678
16.721000 -0.528862 -0.849208
16.722000 -0.528013 -0.849736
16.723000 -0.527164 -0.850264
16.724000 -0.526314 -0.850790
16.725000 -0.525463 -0.851316
16.726000 -0.524612 -0.851841
16.727000 -0.523761 -0.852366
16.728000 -0.522908 -0.852889
16.729000 -0.522056 -0.853411
16.730000 -0.521203 -0.853933
16.731000 -0.520349 -0.854454
16.732000 -0.519495 -0.854974
16.733000 -0.518640 -0.855493
16.734000 -0.517785 -0.856011
16.735000 -0.516929 -0.856528
16.736000 -0.516073 -0.857045
16.737000 -0.515216 -0.857560
16.738000 -0.514359 -0.858075
16.739000 -0.513501 -0.858589
16.740000 -0.512642 -0.859102
16.741000 -0.511784 -0.859614
16.742000 -0.510924 -0.860126
16.743000 -0.510064 -0.860636
16.744000 -0.509204 -0.861146
16.745000 -0.508343 -0.861655
16.746000 -0.507482 -0.862163
16.747000 -0.506620 -0.862670
16.748000 -0.505757 -0.863176
16.749000 -0.504894 -0.863681
16.750000 -0.504031 -0.864186
16.751000 -0.503167 -0.864689
16.752000 -0.502303 -0.865192
16.753000 -0.501438 -0.865694
16.754000 -0.500572 -0.866195
16.755000 -0.499706 -0.866695
16.756000 -0.498840 -0.867194
16.757000 -0.497973 -0.867693
16.758000 -0.497105 -0.868190
16.759000 -0.496237 -0.868687
16.760000 -0.495369 -0.869183
16.761000 -0.494500 -0.869678
16.762000 -0.493631 -0.870172
16.763000 -0.492761 -0.870665
16.764000 -0.491890 -0.871157
16.765000 -0.491019 -0.871649
16.766000 -0.490148 -0.872139
16.767000 -0.489276 -0.872629
16.768000 -0.488404 -0.873118
16.769000 -0.487531 -0.873606
16.770000 -0.486658 -0.874093
16.771000 -0.485784 -0.874579
16.772000 -0.484909 -0.875064
16.773000 -0.484035 -0.875549
16.774000 -0.483159 -0.876032
16.775000 -0.482283 -0.876515
16.776000 -0.481407 -0.876997
16.777000 -0.480530 -0.877478
16.778000 -0.479653 -0.877958
16.779000 -0.478776 -0.878437
16.780000 -0.477897 -0.878916
16.781000 -0.477019 -0.879393
16.782000 -0.476140 -0.879870
16.783000 -0.475260 -0.880345
16.784000 -0.474380 -0.880820
16.785000 -0.473499 -0.881294
16.786000 -0.472618 -0.881767
16.787000 -0.471737 -0.882239
16.788000 -0.470855 -0.882711
16.789000 -0.469972 -0.883181
16.790000 -0.469089 -0.883651
16.791000 -0.468206 -0.884119
16.792000 -0.467322 -0.884587
16.793000 -0.466438 -0.885054
16.794000 -0.465553 -0.885520
16.795000 -0.464668 -0.885985
16.796000 -0.463782 -0.886449
16.797000 -0.462896 -0.886913
16.798000 -0.462009 -0.887375
16.799000 -0.461122 -0.887837
16.800000 -0.460235 -0.888297
16.801000 -0.459347 -0.888757
16.802000 -0.458458 -0.889216
16.803000 -0.457569 -0.889674
16.804000 -0.456680 -0.890131
16.805000 -0.455790 -0.890587
16.806000 -0.454900 -0.891043
16.807000 -0.454009 -0.891497
16.808000 -0.453118 -0.891951
16.809000 -0.452226 -0.892403
16.810000 -0.451334 -0.892855
16.811000 -0.450441 -0.893306
16.812000 -0.449548 -0.893756
16.813000 -0.448655 -0.894205
16.814000 -0.447761 -0.894653
16.815000 -0.446866 -0.895101
16.816000 -0.445972 -0.895547
16.817000 -0.445076 -0.895993
16.818000 -0.444181 -0.896437
16.819000 -0.443284 -0.896881
16.820000 -0.442388 -0.897324
16.821000 -0.441491 -0.897766
16.822000 -0.440593 -0.898207
16.823000 -0.439695 -0.898647
16.824000 -0.438797 -0.899086
16.825000 -0.437898 -0.899525
16.826000 -0.436999 -0.899962
16.827000 -0.436099 -0.900399
16.828000 -0.435199 -0.900834
16.829000 -0.434299 -0.901269
16.830000 -0.433398 -0.901703
16.831000 -0.432496 -0.902136
16.832000 -0.431594 -0.902568
16.833000 -0.430692 -0.902999
16.834000 -0.429789 -0.903429
16.835000 -0.428886 -0.903859
16.836000 -0.427983 -0.904287
16.837000 -0.427079 -0.904714
16.838000 -0.426174 -0.905141
16.839000 -0.425269 -0.905567
16.840000 -0.424364 -0.905992
16.841000 -0.423458 -0.906416
16.842000 -0.422552 -0.906839
16.843000 -0.421646 -0.907261
16.844000 -0.420739 -0.907682
16.845000 -0.419831 -0.908102
16.846000 -0.418924 -0.908522
16.847000 -0.418015 -0.908940
16.848000 -0.417107 -0.909358
16.849000 -0.416198 -0.909774
16.850000 -0.415288 -0.910190
16.851000 -0.414378 -0.910605
16.852000 -0.413468 -0.911019
16.853000 -0.412557 -0.911432
16.854000 -0.411646 -0.911844
16.855000 -0.410735 -0.912255
16.856000 -0.409823 -0.912665
16.857000 -0.408910 -0.913075
16.858000 -0.407997 -0.913483
16.859000 -0.407084 -0.913891
16.860000 -0.406171 -0.914297
16.861000 -0.405257 -0.914703
16.862000 -0.404342 -0.915108
16.863000 -0.403427 -0.915512
16.864000 -0.402512 -0.915915
16.865000 -0.401597 -0.916317
16.866000 -0.400681 -0.916718
16.867000 -0.399764 -0.917118
16.868000 -0.398847 -0.917517
16.869000 -0.397930 -0.917916
16.870000 -0.397012 -0.918313
16.871000 -0.396094 -0.918710
16.872000 -0.395176 -0.919105
16.873000 -0.394257 -0.919500
16.874000 -0.393338 -0.919894
16.875000 -0.392418 -0.920287
16.876000 -0.391499 -0.920679
16.877000 -0.390578 -0.921070
16.878000 -0.389657 -0.921460
16.879000 -0.388736 -0.921849
16.880000 -0.387815 -0.922237
16.881000 -0.386893 -0.922625
16.882000 -0.385970 -0.923011
16.883000 -0.385048 -0.923397
16.884000 -0.384125 -0.923781
16.885000 -0.383201 -0.924165
16.886000 -0.382277 -0.924548
16.887000 -0.381353 -0.924929
16.888000 -0.380428 -0.925310
16.889000 -0.379503 -0.925690
16.890000 -0.378578 -0.926069
16.891000 -0.377652 -0.926447
16.892000 -0.376726 -0.926825
16.893000 -0.375800 -0.927201
16.894000 -0.374873 -0.927576
16.895000 -0.373945 -0.927951
16.896000 -0.373018 -0.928324
16.897000 -0.372090 -0.928697
16.898000 -0.371161 -0.929068
16.899000 -0.370233 -0.929439
16.900000 -0.369304 -0.929809
16.901000 -0.368374 -0.930178
16.902000 -0.367444 -0.930546
16.903000 -0.366514 -0.930913
16.904000 -0.365583 -0.931279
16.905000 -0.364652 -0.931644
16.906000 -0.363721 -0.932008
16.907000 -0.362789 -0.932371
16.908000 -0.361857 -0.932733
16.909000 -0.360925 -0.933095
16.910000 -0.359992 -0.933455
16.911000 -0.359059 -0.933815
16.912000 -0.358126 -0.934173
16.913000 -0.357192 -0.934531
16.914000 -0.356257 -0.934888
16.915000 -0.355323 -0.935244
16.916000 -0.354388 -0.935598
16.917000 -0.353453 -0.935952
16.918000 -0.352517 -0.936305
16.919000 -0.351581 -0.936657
16.920000 -0.350645 -0.937009
16.921000 -0.349708 -0.937359
16.922000 -0.348771 -0.937708
16.923000 -0.347834 -0.938056
16.924000 -0.346896 -0.938404
16.925000 -0.345958 -0.938750
16.926000 -0.345019 -0.939096
16.927000 -0.344081 -0.939440
16.928000 -0.343142 -0.939784
16.929000 -0.342202 -0.940126
16.930000 -0.341262 -0.940468
16.931000 -0.340322 -0.940809
16.932000 -0.339382 -0.941149
16.933000 -0.338441 -0.941488
16.934000 -0.337500 -0.941826
16.935000 -0.336558 -0.942163
16.936000 -0.335616 -0.942499
16.937000 -0.334674 -0.942834
16.938000 -0.333732 -0.943168
16.939000 -0.332789 -0.943501
16.940000 -0.331846 -0.943834
16.941000 -0.330902 -0.944165
16.942000 -0.329958 -0.944495
16.943000 -0.329014 -0.944825
16.944000 -0.328070 -0.945154
16.945000 -0.327125 -0.945481
16.946000 -0.326180 -0.945808
16.947000 -0.325234 -0.946133
16.948000 -0.324289 -0.946458
16.949000 -0.323342 -0.946782
16.950000 -0.322396 -0.947105
16.951000 -0.321449 -0.947427
16.952000 -0.320502 -0.947748
16.953000 -0.319555 -0.948068
16.954000 -0.318607 -0.948387
16.955000 -0.317659 -0.948705
16.956000 -0.316711 -0.949022
16.957000 -0.315762 -0.949338
16.958000 -0.314813 -0.949654
16.959000 -0.313864 -0.949968
16.960000 -0.312914 -0.950281
16.961000 -0.311964 -0.950594
16.962000 -0.311014 -0.950905
16.963000 -0.310063 -0.951216
16.964000 -0.309112 -0.951526
16.965000 -0.308161 -0.951834
16.966000 -0.307210 -0.952142
16.967000 -0.306258 -0.952449
16.968000 -0.305306 -0.952754
16.969000 -0.304353 -0.953059
16.970000 -0.303401 -0.953363
16.971000 -0.302448 -0.953666
16.972000 -0.301494 -0.953968
16.973000 -0.300541 -0.954269
16.974000 -0.299587 -0.954569
16.975000 -0.298633 -0.954868
16.976000 -0.297678 -0.955166
16.977000 -0.296723 -0.955464
16.978000 -0.295768 -0.955760
16.979000 -0.294813 -0.956055
16.980000 -0.293857 -0.956349
16.981000 -0.292901 -0.956643
16.982000 -0.291945 -0.956935
16.983000 -0.290988 -0.957227
16.984000 -0.290031 -0.957517
16.985000 -0.289074 -0.957807
16.986000 -0.288117 -0.958095
16.987000 -0.287159 -0.958383
16.988000 -0.286201 -0.958670
16.989000 -0.285243 -0.958955
16.990000 -0.284284 -0.959240
16.991000 -0.283325 -0.959524
16.992000 -0.282366 -0.959807
16.993000 -0.281406 -0.960089
16.994000 -0.280447 -0.960370
16.995000 -0.279487 -0.960650
16.996000 -0.278526 -0.960929
16.997000 -0.277566 -0.961207
16.998000 -0.276605 -0.961484
16.999000 -0.275644 -0.961760
17.000000 -0.274683 -0.962035
17.001000 -0.273721 -0.962309
17.002000 -0.272759 -0.962582
17.003000 -0.271797 -0.962855
17.004000 -0.270834 -0.963126
17.005000 -0.269871 -0.963396
17.006000 -0.268908 -0.963666
17.007000 -0.267945 -0.963934
17.008000 -0.266982 -0.964202
17.009000 -0.266018 -0.964468
17.010000 -0.265054 -0.964734
17.011000 -0.264089 -0.964998
17.012000 -0.263125 -0.965262
17.013000 -0.262160 -0.965525
17.014000 -0.261195 -0.965786
17.015000 -0.260229 -0.966047
17.016000 -0.259263 -0.966307
17.017000 -0.258298 -0.966565
17.018000 -0.257331 -0.966823
17.019000 -0.256365 -0.967080
17.020000 -0.255398 -0.967336
17.021000 -0.254431 -0.967591
17.022000 -0.253464 -0.967845
17.023000 -0.252497 -0.968098
17.024000 -0.251529 -0.968350
17.025000 -0.250561 -0.968601
17.026000 -0.249593 -0.968851
17.027000 -0.248624 -0.969100
17.028000 -0.247655 -0.969348
17.029000 -0.246686 -0.969595
17.030000 -0.245717 -0.969842
17.031000 -0.244748 -0.970087
17.032000 -0.243778 -0.970331
17.033000 -0.242808 -0.970574
17.034000 -0.241838 -0.970817
17.035000 -0.240867 -0.971058
17.036000 -0.239897 -0.971298
17.037000 -0.238926 -0.971538
17.038000 -0.237955 -0.971776
17.039000 -0.236983 -0.972014
17.040000 -0.236012 -0.972250
17.041000 -0.235040 -0.972486
17.042000 -0.234068 -0.972720
17.043000 -0.233095 -0.972954
17.044000 -0.232123 -0.973187
17.045000 -0.231150 -0.973418
17.046000 -0.230177 -0.973649
17.047000 -0.229204 -0.973879
17.048000 -0.228230 -0.974107
17.049000 -0.227256 -0.974335
17.050000 -0.226283 -0.974562
17.051000 -0.225308 -0.974788
17.052000 -0.224334 -0.975012
17.053000 -0.223359 -0.975236
17.054000 -0.222384 -0.975459
17.055000 -0.221409 -0.975681
17.056000 -0.220434 -0.975902
17.057000 -0.219459 -0.976122
17.058000 -0.218483 -0.976341
17.059000 -0.217507 -0.976559
17.060000 -0.216531 -0.976776
17.061000 -0.215554 -0.976992
17.062000 -0.214578 -0.977207
17.063000 -0.213601 -0.977421
17.064000 -0.212624 -0.977634
17.065000 -0.211647 -0.977846
17.066000 -0.210669 -0.978057
17.067000 -0.209692 -0.978268
17.068000 -0.208714 -0.978477
17.069000 -0.207736 -0.978685
17.070000 -0.206757 -0.978892
17.071000 -0.205779 -0.979099
17.072000 -0.204800 -0.979304
17.073000 -0.203821 -0.979508
17.074000 -0.202842 -0.979711
17.075000 -0.201863 -0.979914
17.076000 -0.200883 -0.980115
17.077000 -0.199904 -0.980316
17.078000 -0.198924 -0.980515
17.079000 -0.197944 -0.980713
17.080000 -0.196963 -0.980911
17.081000 -0.195983 -0.981107
17.082000 -0.195002 -0.981303
17.083000 -0.194021 -0.981497
17.084000 -0.193040 -0.981691
17.085000 -0.192059 -0.981883
17.086000 -0.191077 -0.982075
17.087000 -0.190096 -0.982266
17.088000 -0.189114 -0.982455
17.089000 -0.188132 -0.982644
17.090000 -0.187149 -0.982831
17.091000 -0.186167 -0.983018
17.092000 -0.185184 -0.983204
17.093000 -0.184202 -0.983389
17.094000 -0.183219 -0.983572
17.095000 -0.182235 -0.983755
17.096000 -0.181252 -0.983937
17.097000 -0.180269 -0.984117
17.098000 -0.179285 -0.984297
17.099000 -0.178301 -0.984476
17.100000 -0.177317 -0.984654
17.101000 -0.176333 -0.984831
17.102000 -0.175348 -0.985006
17.103000 -0.174364 -0.985181
17.104000 -0.173379 -0.985355
17.105000 -0.172394 -0.985528
17.106000 -0.171409 -0.985700
17.107000 -0.170424 -0.985871
17.108000 -0.169438 -0.986041
17.109000 -0.168452 -0.986210
17.110000 -0.167467 -0.986378
17.111000 -0.166481 -0.986545
17.112000 -0.165495 -0.986711
17.113000 -0.164508 -0.986876
17.114000 -0.163522 -0.987040
17.115000 -0.162535 -0.987203
17.116000 -0.161548 -0.987365
17.117000 -0.160562 -0.987526
17.118000 -0.159574 -0.987686
17.119000 -0.158587 -0.987845
17.120000 -0.157600 -0.988003
17.121000 -0.156612 -0.988160
17.122000 -0.155624 -0.988316
17.123000 -0.154636 -0.988471
17.124000 -0.153648 -0.988626
17.125000 -0.152660 -0.988779
17.126000 -0.151672 -0.988931
17.127000 -0.150683 -0.989082
17.128000 -0.149695 -0.989232
17.129000 -0.148706 -0.989381
17.130000 -0.147717 -0.989530
17.131000 -0.146728 -0.989677
17.132000 -0.145739 -0.989823
17.133000 -0.144749 -0.989968
17.134000 -0.143760 -0.990113
17.135000 -0.142770 -0.990256
17.136000 -0.141780 -0.990398
17.137000 -0.140790 -0.990539
17.138000 -0.139800 -0.990680
17.139000 -0.138810 -0.990819
17.140000 -0.137819 -0.990957
17.141000 -0.136829 -0.991095
17.142000 -0.135838 -0.991231
17.143000 -0.134847 -0.991366
17.144000 -0.133857 -0.991501
17.145000 -0.132865 -0.991634
17.146000 -0.131874 -0.991766
17.147000 -0.130883 -0.991898
17.148000 -0.129891 -0.992028
17.149000 -0.128900 -0.992158
17.150000 -0.127908 -0.992286
17.151000 -0.126916 -0.992413
17.152000 -0.125924 -0.992540
17.153000 -0.124932 -0.992665
17.154000 -0.123940 -0.992790
17.155000 -0.122948 -0.992913
17.156000 -0.121955 -0.993036
17.157000 -0.120963 -0.993157
17.158000 -0.119970 -0.993278
17.159000 -0.118977 -0.993397
17.160000 -0.117984 -0.993516
17.161000 -0.116991 -0.993633
17.162000 -0.115998 -0.993750
17.163000 -0.115004 -0.993865
17.164000 -0.114011 -0.993980
17.165000 -0.113018 -0.994093
17.166000 -0.112024 -0.994206
17.167000 -0.111030 -0.994317
17.168000 -0.110036 -0.994428
17.169000 -0.109042 -0.994537
17.170000 -0.108048 -0.994646
17.171000 -0.107054 -0.994753
17.172000 -0.106060 -0.994860
17.173000 -0.105065 -0.994965
17.174000 -0.104071 -0.995070
17.175000 -0.103076 -0.995174
17.176000 -0.102081 -0.995276
17.177000 -0.101087 -0.995378
17.178000 -0.100092 -0.995478
17.179000 -0.099097 -0.995578
17.180000 -0.098101 -0.995676
17.181000 -0.097106 -0.995774
17.182000 -0.096111 -0.995871
17.183000 -0.095116 -0.995966
17.184000 -0.094120 -0.996061
17.185000 -0.093124 -0.996155
17.186000 -0.092129 -0.996247
17.187000 -0.091133 -0.996339
17.188000 -0.090137 -0.996429
17.189000 -0.089141 -0.996519
17.190000 -0.088145 -0.996608
17.191000 -0.087149 -0.996695
17.192000 -0.086153 -0.996782
17.193000 -0.085156 -0.996868
17.194000 -0.084160 -0.996952
17.195000 -0.083163 -0.997036
17.196000 -0.082167 -0.997119
17.197000 -0.081170 -0.997200
17.198000 -0.080173 -0.997281
17.199000 -0.079177 -0.997361
17.200000 -0.078180 -0.997439
17.201000 -0.077183 -0.997517
17.202000 -0.076186 -0.997594
17.203000 -0.075188 -0.997669
17.204000 -0.074191 -0.997744
17.205000 -0.073194 -0.997818
17.206000 -0.072197 -0.997890
17.207000 -0.071199 -0.997962
17.208000 -0.070202 -0.998033
17.209000 -0.069204 -0.998103
17.210000 -0.068207 -0.998171
17.211000 -0.067209 -0.998239
17.212000 -0.066211 -0.998306
17.213000 -0.065213 -0.998371
17.214000 -0.064215 -0.998436
17.215000 -0.063217 -0.998500
17.216000 -0.062219 -0.998563
17.217000 -0.061221 -0.998624
17.218000 -0.060223 -0.998685
17.219000 -0.059225 -0.998745
17.220000 -0.058227 -0.998803
17.221000 -0.057228 -0.998861
17.222000 -0.056230 -0.998918
17.223000 -0.055231 -0.998974
17.224000 -0.054233 -0.999028
17.225000 -0.053234 -0.999082
17.226000 -0.052236 -0.999135
17.227000 -0.051237 -0.999187
17.228000 -0.050238 -0.999237
17.229000 -0.049240 -0.999287
17.230000 -0.048241 -0.999336
17.231000 -0.047242 -0.999384
17.232000 -0.046243 -0.999430
17.233000 -0.045244 -0.999476
17.234000 -0.044245 -0.999521
17.235000 -0.043246 -0.999564
17.236000 -0.042247 -0.999607
17.237000 -0.041248 -0.999649
17.238000 -0.040249 -0.999690
17.239000 -0.039249 -0.999729
17.240000 -0.038250 -0.999768
17.241000 -0.037251 -0.999806
17.242000 -0.036252 -0.999843
17.243000 -0.035252 -0.999878
17.244000 -0.034253 -0.999913
17.245000 -0.033253 -0.999947
17.246000 -0.032254 -0.999980
17.247000 -0.031254 -1.000012
17.248000 -0.030255 -1.000042
17.249000 -0.029255 -1.000072
17.250000 -0.028256 -1.000101
17.251000 -0.027256 -1.000129
17.252000 -0.026256 -1.000155
17.253000 -0.025257 -1.000181
17.254000 -0.024257 -1.000206
17.255000 -0.023257 -1.000230
17.256000 -0.022258 -1.000252
17.257000 -0.021258 -1.000274
17.258000 -0.020258 -1.000295
17.259000 -0.019258 -1.000315
17.260000 -0.018258 -1.000333
17.261000 -0.017259 -1.000351
17.262000 -0.016259 -1.000368
17.263000 -0.015259 -1.000384
17.264000 -0.014259 -1.000398
17.265000 -0.013259 -1.000412
17.266000 -0.012259 -1.000425
17.267000 -0.011259 -1.000437
17.268000 -0.010259 -1.000447
17.269000 -0.009259 -1.000457
17.270000 -0.008259 -1.000466
17.271000 -0.007259 -1.000474
17.272000 -0.006259 -1.000480
17.273000 -0.005259 -1.000486
17.274000 -0.004259 -1.000491
17.275000 -0.003260 -1.000495
17.276000 -0.002260 -1.000497
17.277000 -0.001260 -1.000499
17.278000 -0.000260 -1.000500
17.279000 0.000740 -1.000500
17.280000 0.001740 -1.000499
17.281000 0.002740 -1.000496
17.282000 0.003740 -1.000493
17.283000 0.004740 -1.000489
17.284000 0.005740 -1.000484
17.285000 0.006740 -1.000477
17.286000 0.007740 -1.000470
17.287000 0.008740 -1.000462
17.288000 0.009740 -1.000453
17.289000 0.010740 -1.000442
17.290000 0.011740 -1.000431
17.291000 0.012740 -1.000419
17.292000 0.013740 -1.000406
17.293000 0.014740 -1.000391
17.294000 0.015740 -1.000376
17.295000 0.016740 -1.000360
17.296000 0.017740 -1.000343
17.297000 0.018739 -1.000324
17.298000 0.019739 -1.000305
17.299000 0.020739 -1.000285
17.300000 0.021739 -1.000264
17.301000 0.022739 -1.000241
17.302000 0.023738 -1.000218
17.303000 0.024738 -1.000194
17.304000 0.025738 -1.000169
17.305000 0.026737 -1.000143
17.306000 0.027737 -1.000115
17.307000 0.028737 -1.000087
17.308000 0.029736 -1.000058
17.309000 0.030736 -1.000028
17.310000 0.031735 -0.999996
17.311000 0.032735 -0.999964
17.312000 0.033734 -0.999931
17.313000 0.034734 -0.999897
17.314000 0.035733 -0.999861
17.315000 0.036732 -0.999825
17.316000 0.037732 -0.999788
17.317000 0.038731 -0.999750
17.318000 0.039730 -0.999710
17.319000 0.040729 -0.999670
17.320000 0.041728 -0.999629
17.321000 0.042727 -0.999587
17.322000 0.043727 -0.999544
17.323000 0.044726 -0.999499
17.324000 0.045725 -0.999454
17.325000 0.046723 -0.999408
17.326000 0.047722 -0.999361
17.327000 0.048721 -0.999312
17.328000 0.049720 -0.999263
17.329000 0.050719 -0.999213
17.330000 0.051717 -0.999162
17.331000 0.052716 -0.999110
17.332000 0.053715 -0.999056
17.333000 0.054713 -0.999002
17.334000 0.055712 -0.998947
17.335000 0.056710 -0.998891
17.336000 0.057708 -0.998834
17.337000 0.058707 -0.998775
17.338000 0.059705 -0.998716
17.339000 0.060703 -0.998656
17.340000 0.061701 -0.998595
17.341000 0.062699 -0.998533
17.342000 0.063697 -0.998469
17.343000 0.064695 -0.998405
17.344000 0.065693 -0.998340
17.345000 0.066691 -0.998274
17.346000 0.067689 -0.998207
17.347000 0.068686 -0.998138
17.348000 0.069684 -0.998069
17.349000 0.070682 -0.997999
17.350000 0.071679 -0.997928
17.351000 0.072676 -0.997856
17.352000 0.073674 -0.997782
17.353000 0.074671 -0.997708
17.354000 0.075668 -0.997633
17.355000 0.076665 -0.997557
17.356000 0.077662 -0.997480
17.357000 0.078659 -0.997402
17.358000 0.079656 -0.997322
17.359000 0.080653 -0.997242
17.360000 0.081649 -0.997161
17.361000 0.082646 -0.997079
17.362000 0.083643 -0.996996
17.363000 0.084639 -0.996912
17.364000 0.085635 -0.996827
17.365000 0.086632 -0.996740
17.366000 0.087628 -0.996653
17.367000 0.088624 -0.996565
17.368000 0.089620 -0.996476
17.369000 0.090616 -0.996386
17.370000 0.091612 -0.996295
17.371000 0.092608 -0.996203
17.372000 0.093603 -0.996110
17.373000 0.094599 -0.996016
17.374000 0.095594 -0.995920
17.375000 0.096590 -0.995824
17.376000 0.097585 -0.995727
17.377000 0.098580 -0.995629
17.378000 0.099575 -0.995530
17.379000 0.100570 -0.995430
17.380000 0.101565 -0.995329
17.381000 0.102560 -0.995227
17.382000 0.103555 -0.995124
17.383000 0.104549 -0.995020
17.384000 0.105544 -0.994915
17.385000 0.106538 -0.994809
17.386000 0.107532 -0.994702
17.387000 0.108526 -0.994594
17.388000 0.109520 -0.994485
17.389000 0.110514 -0.994375
17.390000 0.111508 -0.994264
17.391000 0.112502 -0.994152
17.392000 0.113495 -0.994039
17.393000 0.114489 -0.993925
17.394000 0.115482 -0.993810
17.395000 0.116476 -0.993694
17.396000 0.117469 -0.993577
17.397000 0.118462 -0.993459
17.398000 0.119455 -0.993340
17.399000 0.120447 -0.993220
17.400000 0.121440 -0.993099
17.401000 0.122433 -0.992977
17.402000 0.123425 -0.992854
17.403000 0.124417 -0.992730
17.404000 0.125409 -0.992605
17.405000 0.126401 -0.992479
17.406000 0.127393 -0.992352
17.407000 0.128385 -0.992224
17.408000 0.129377 -0.992096
17.409000 0.130368 -0.991966
17.410000 0.131360 -0.991835
17.411000 0.132351 -0.991703
17.412000 0.133342 -0.991570
17.413000 0.134333 -0.991436
17.414000 0.135324 -0.991301
17.415000 0.136315 -0.991166
17.416000 0.137305 -0.991029
17.417000 0.138296 -0.990891
17.418000 0.139286 -0.990752
17.419000 0.140276 -0.990612
17.420000 0.141266 -0.990472
17.421000 0.142256 -0.990330
17.422000 0.143246 -0.990187
17.423000 0.144236 -0.990043
17.424000 0.145225 -0.989899
17.425000 0.146214 -0.989753
17.426000 0.147204 -0.989606
17.427000 0.148193 -0.989459
17.428000 0.149182 -0.989310
17.429000 0.150170 -0.989160
17.430000 0.151159 -0.989010
17.431000 0.152147 -0.988858
17.432000 0.153136 -0.988705
17.433000 0.154124 -0.988552
17.434000 0.155112 -0.988397
17.435000 0.156099 -0.988241
17.436000 0.157087 -0.988085
17.437000 0.158075 -0.987927
17.438000 0.159062 -0.987769
17.439000 0.160049 -0.987609
17.440000 0.161036 -0.987449
17.441000 0.162023 -0.987287
17.442000 0.163010 -0.987125
17.443000 0.163996 -0.986961
17.444000 0.164983 -0.986797
17.445000 0.165969 -0.986631
17.446000 0.166955 -0.986465
17.447000 0.167941 -0.986297
17.448000 0.168927 -0.986129
17.449000 0.169912 -0.985959
17.450000 0.170897 -0.985789
17.451000 0.171883 -0.985617
17.452000 0.172868 -0.985445
17.453000 0.173853 -0.985272
17.454000 0.174837 -0.985097
17.455000 0.175822 -0.984922
17.456000 0.176806 -0.984746
17.457000 0.177790 -0.984568
17.458000 0.178774 -0.984390
17.459000 0.179758 -0.984211
17.460000 0.180742 -0.984031
17.461000 0.181725 -0.983849
17.462000 0.182708 -0.983667
17.463000 0.183691 -0.983484
17.464000 0.184674 -0.983300
17.465000 0.185657 -0.983115
17.466000 0.186640 -0.982929
17.467000 0.187622 -0.982741
17.468000 0.188604 -0.982553
17.469000 0.189586 -0.982364
17.470000 0.190568 -0.982174
17.471000 0.191549 -0.981983
17.472000 0.192531 -0.981791
17.473000 0.193512 -0.981598
17.474000 0.194493 -0.981404
17.475000 0.195474 -0.981209
17.476000 0.196454 -0.981013
17.477000 0.197435 -0.980816
17.478000 0.198415 -0.980618
17.479000 0.199395 -0.980419
17.480000 0.200375 -0.980219
17.481000 0.201354 -0.980019
17.482000 0.202334 -0.979817
17.483000 0.203313 -0.979614
17.484000 0.204292 -0.979410
17.485000 0.205271 -0.979205
17.486000 0.206250 -0.978999
17.487000 0.207228 -0.978793
17.488000 0.208206 -0.978585
17.489000 0.209184 -0.978376
17.490000 0.210162 -0.978167
17.491000 0.211139 -0.977956
17.492000 0.212117 -0.977744
17.493000 0.213094 -0.977532
17.494000 0.214071 -0.977318
17.495000 0.215048 -0.977104
17.496000 0.216024 -0.976888
17.497000 0.217000 -0.976672
17.498000 0.217976 -0.976454
17.499000 0.218952 -0.976236
17.500000 0.219928 -0.976016
17.501000 0.220903 -0.975796
17.502000 0.221878 -0.975574
17.503000 0.222853 -0.975352
17.504000 0.223828 -0.975129
17.505000 0.224803 -0.974904
17.506000 0.225777 -0.974679
17.507000 0.226751 -0.974453
17.508000 0.227725 -0.974226
17.509000 0.228698 -0.973997
17.510000 0.229672 -0.973768
17.511000 0.230645 -0.973538
17.512000 0.231618 -0.973307
17.513000 0.232591 -0.973075
17.514000 0.233563 -0.972842
17.515000 0.234535 -0.972608
17.516000 0.235507 -0.972373
17.517000 0.236479 -0.972137
17.518000 0.237451 -0.971900
17.519000 0.238422 -0.971662
17.520000 0.239393 -0.971423
17.521000 0.240364 -0.971183
17.522000 0.241334 -0.970942
17.523000 0.242305 -0.970700
17.524000 0.243275 -0.970458
17.525000 0.244244 -0.970214
17.526000 0.245214 -0.969969
17.527000 0.246183 -0.969723
17.528000 0.247153 -0.969477
17.529000 0.248121 -0.969229
17.530000 0.249090 -0.968980
17.531000 0.250058 -0.968731
17.532000 0.251026 -0.968480
17.533000 0.251994 -0.968229
17.534000 0.252962 -0.967976
17.535000 0.253929 -0.967723
17.536000 0.254896 -0.967468
17.537000 0.255863 -0.967213
17.538000 0.256830 -0.966957
17.539000 0.257796 -0.966699
17.540000 0.258762 -0.966441
17.541000 0.259728 -0.966182
17.542000 0.260694 -0.965922
17.543000 0.261659 -0.965660
17.544000 0.262624 -0.965398
17.545000 0.263589 -0.965135
17.546000 0.264553 -0.964871
17.547000 0.265517 -0.964606
17.548000 0.266481 -0.964340
17.549000 0.267445 -0.964073
17.550000 0.268408 -0.963805
17.551000 0.269372 -0.963536
17.552000 0.270335 -0.963267
17.553000 0.271297 -0.962996
17.554000 0.272260 -0.962724
17.555000 0.273222 -0.962451
17.556000 0.274183 -0.962177
17.557000 0.275145 -0.961903
17.558000 0.276106 -0.961627
17.559000 0.277067 -0.961351
17.560000 0.278028 -0.961073
17.561000 0.278988 -0.960795
17.562000 0.279949 -0.960515
17.563000 0.280908 -0.960235
17.564000 0.281868 -0.959953
17.565000 0.282827 -0.959671
17.566000 0.283786 -0.959388
17.567000 0.284745 -0.959103
17.568000 0.285704 -0.958818
17.569000 0.286662 -0.958532
17.570000 0.287620 -0.958245
17.571000 0.288577 -0.957957
17.572000 0.289535 -0.957668
17.573000 0.290492 -0.957378
17.574000 0.291448 -0.957087
17.575000 0.292405 -0.956795
17.576000 0.293361 -0.956502
17.577000 0.294317 -0.956208
17.578000 0.295272 -0.955913
17.579000 0.296228 -0.955617
17.580000 0.297183 -0.955321
17.581000 0.298137 -0.955023
17.582000 0.299092 -0.954724
17.583000 0.300046 -0.954425
17.584000 0.300999 -0.954124
17.585000 0.301953 -0.953823
17.586000 0.302906 -0.953520
17.587000 0.303859 -0.953217
17.588000 0.304812 -0.952913
17.589000 0.305764 -0.952607
17.590000 0.306716 -0.952301
17.591000 0.307667 -0.951994
17.592000 0.308619 -0.951686
17.593000 0.309570 -0.951377
17.594000 0.310520 -0.951067
17.595000 0.311471 -0.950756
17.596000 0.312421 -0.950444
17.597000 0.313371 -0.950131
17.598000 0.314320 -0.949817
17.599000 0.315269 -0.949502
17.600000 0.316218 -0.949187
17.601000 0.317167 -0.948870
17.602000 0.318115 -0.948552
17.603000 0.319063 -0.948234
17.604000 0.320010 -0.947914
17.605000 0.320958 -0.947594
17.606000 0.321905 -0.947272
17.607000 0.322851 -0.946950
17.608000 0.323798 -0.946626
17.609000 0.324743 -0.946302
17.610000 0.325689 -0.945977
17.611000 0.326634 -0.945651
17.612000 0.327579 -0.945324
17.613000 0.328524 -0.944996
17.614000 0.329468 -0.944667
17.615000 0.330412 -0.944337
17.616000 0.331356 -0.944006
17.617000 0.332299 -0.943674
17.618000 0.333242 -0.943341
17.619000 0.334185 -0.943008
17.620000 0.335127 -0.942673
17.621000 0.336069 -0.942337
17.622000 0.337011 -0.942001
17.623000 0.337952 -0.941663
17.624000 0.338893 -0.941325
17.625000 0.339834 -0.940985
17.626000 0.340774 -0.940645
17.627000 0.341714 -0.940304
17.628000 0.342654 -0.939962
17.629000 0.343593 -0.939619
17.630000 0.344532 -0.939275
17.631000 0.345471 -0.938930
17.632000 0.346409 -0.938584
17.633000 0.347347 -0.938237
17.634000 0.348285 -0.937889
17.635000 0.349222 -0.937540
17.636000 0.350159 -0.937190
17.637000 0.351095 -0.936840
17.638000 0.352031 -0.936488
17.639000 0.352967 -0.936136
17.640000 0.353903 -0.935782
17.641000 0.354838 -0.935428
17.642000 0.355772 -0.935073
17.643000 0.356707 -0.934716
17.644000 0.357641 -0.934359
17.645000 0.358575 -0.934001
17.646000 0.359508 -0.933642
17.647000 0.360441 -0.933282
17.648000 0.361373 -0.932921
17.649000 0.362306 -0.932559
17.650000 0.363238 -0.932197
17.651000 0.364169 -0.931833
17.652000 0.365100 -0.931468
17.653000 0.366031 -0.931103
17.654000 0.366961 -0.930736
17.655000 0.367892 -0.930369
17.656000 0.368821 -0.930000
17.657000 0.369751 -0.929631
17.658000 0.370679 -0.929261
17.659000 0.371608 -0.928890
17.660000 0.372536 -0.928518
17.661000 0.373464 -0.928145
17.662000 0.374392 -0.927771
17.663000 0.375319 -0.927396
17.664000 0.376245 -0.927020
17.665000 0.377172 -0.926643
17.666000 0.378098 -0.926266
17.667000 0.379023 -0.925887
17.668000 0.379948 -0.925508
17.669000 0.380873 -0.925127
17.670000 0.381798 -0.924746
17.671000 0.382722 -0.924364
17.672000 0.383645 -0.923981
17.673000 0.384569 -0.923596
17.674000 0.385492 -0.923211
17.675000 0.386414 -0.922825
17.676000 0.387336 -0.922439
17.677000 0.388258 -0.922051
17.678000 0.389179 -0.921662
17.679000 0.390100 -0.921272
17.680000 0.391021 -0.920882
17.681000 0.391941 -0.920490
17.682000 0.392861 -0.920098
17.683000 0.393780 -0.919705
17.684000 0.394699 -0.919310
17.685000 0.395618 -0.918915
17.686000 0.396536 -0.918519
17.687000 0.397454 -0.918122
17.688000 0.398371 -0.917724
17.689000 0.399288 -0.917325
17.690000 0.400205 -0.916926
17.691000 0.401121 -0.916525
17.692000 0.402037 -0.916123
17.693000 0.402952 -0.915721
17.694000 0.403867 -0.915318
17.695000 0.404782 -0.914913
17.696000 0.405696 -0.914508
17.697000 0.406610 -0.914102
17.698000 0.407524 -0.913695
17.699000 0.408436 -0.913287
17.700000 0.409349 -0.912878
17.701000 0.410261 -0.912468
17.702000 0.411173 -0.912057
17.703000 0.412084 -0.911646
17.704000 0.412995 -0.911233
17.705000 0.413906 -0.910820
17.706000 0.414816 -0.910405
17.707000 0.415726 -0.909990
17.708000 0.416635 -0.909574
17.709000 0.417544 -0.909157
17.710000 0.418452 -0.908739
17.711000 0.419360 -0.908320
17.712000 0.420268 -0.907900
17.713000 0.421175 -0.907479
17.714000 0.422082 -0.907058
17.715000 0.422988 -0.906635
17.716000 0.423894 -0.906212
17.717000 0.424800 -0.905787
17.718000 0.425705 -0.905362
17.719000 0.426609 -0.904936
17.720000 0.427514 -0.904509
17.721000 0.428417 -0.904081
17.722000 0.429321 -0.903652
17.723000 0.430224 -0.903222
17.724000 0.431126 -0.902792
17.725000 0.432028 -0.902360
17.726000 0.432930 -0.901928
17.727000 0.433831 -0.901494
17.728000 0.434732 -0.901060
17.729000 0.435632 -0.900625
17.730000 0.436532 -0.900189
17.731000 0.437432 -0.899752
17.732000 0.438331 -0.899314
17.733000 0.439229 -0.898875
17.734000 0.440127 -0.898435
17.735000 0.441025 -0.897995
17.736000 0.441922 -0.897553
17.737000 0.442819 -0.897111
17.738000 0.443716 -0.896668
17.739000 0.444612 -0.896224
17.740000 0.445507 -0.895779
17.741000 0.446402 -0.895333
17.742000 0.447297 -0.894886
17.743000 0.448191 -0.894438
17.744000 0.449085 -0.893989
17.745000 0.449978 -0.893540
17.746000 0.450871 -0.893089
17.747000 0.451763 -0.892638
17.748000 0.452655 -0.892186
17.749000 0.453546 -0.891733
17.750000 0.454437 -0.891279
17.751000 0.455328 -0.890824
17.752000 0.456218 -0.890368
17.753000 0.457108 -0.889911
17.754000 0.457997 -0.889454
17.755000 0.458886 -0.888995
17.756000 0.459774 -0.888536
17.757000 0.460662 -0.888076
17.758000 0.461549 -0.887615
17.759000 0.462436 -0.887153
17.760000 0.463322 -0.886690
17.761000 0.464208 -0.886226
17.762000 0.465094 -0.885762
17.763000 0.465979 -0.885296
17.764000 0.466863 -0.884830
17.765000 0.467747 -0.884362
17.766000 0.468631 -0.883894
17.767000 0.469514 -0.883425
17.768000 0.470397 -0.882955
17.769000 0.471279 -0.882484
17.770000 0.472161 -0.882012
17.771000 0.473042 -0.881540
17.772000 0.473923 -0.881066
17.773000 0.474803 -0.880592
17.774000 0.475683 -0.880117
17.775000 0.476563 -0.879641
17.776000 0.477441 -0.879164
17.777000 0.478320 -0.878686
17.778000 0.479198 -0.878207
17.779000 0.480075 -0.877727
17.780000 0.480952 -0.877247
17.781000 0.481829 -0.876765
17.782000 0.482705 -0.876283
17.783000 0.483580 -0.875800
17.784000 0.484455 -0.875316
17.785000 0.485330 -0.874831
17.786000 0.486204 -0.874345
17.787000 0.487078 -0.873859
17.788000 0.487951 -0.873371
17.789000 0.488823 -0.872883
17.790000 0.489696 -0.872394
17.791000 0.490567 -0.871903
17.792000 0.491438 -0.871412
17.793000 0.492309 -0.870921
17.794000 0.493179 -0.870428
17.795000 0.494049 -0.869934
17.796000 0.494918 -0.869440
17.797000 0.495787 -0.868944
17.798000 0.496655 -0.868448
17.799000 0.497523 -0.867951
17.800000 0.498390 -0.867453
17.801000 0.499257 -0.866954
17.802000 0.500123 -0.866455
17.803000 0.500988 -0.865954
17.804000 0.501854 -0.865453
17.805000 0.502718 -0.864950
17.806000 0.503583 -0.864447
17.807000 0.504446 -0.863943
17.808000 0.505309 -0.863438
17.809000 0.506172 -0.862933
17.810000 0.507034 -0.862426
17.811000 0.507896 -0.861919
17.812000 0.508757 -0.861410
17.813000 0.509618 -0.860901
17.814000 0.510478 -0.860391
17.815000 0.511338 -0.859880
17.816000 0.512197 -0.859368
17.817000 0.513055 -0.858856
17.818000 0.513913 -0.858342
17.819000 0.514771 -0.857828
17.820000 0.515628 -0.857313
17.821000 0.516485 -0.856797
17.822000 0.517341 -0.856280
17.823000 0.518196 -0.855762
17.824000 0.519051 -0.855243
17.825000 0.519906 -0.854724
17.826000 0.520760 -0.854203
17.827000 0.521613 -0.853682
17.828000 0.522466 -0.853160
17.829000 0.523318 -0.852637
17.830000 0.524170 -0.852114
17.831000 0.525022 -0.851589
17.832000 0.525872 -0.851064
17.833000 0.526723 -0.850537
17.834000 0.527573 -0.850010
17.835000 0.528422 -0.849482
17.836000 0.529270 -0.848953
17.837000 0.530119 -0.848424
17.838000 0.530966 -0.847893
17.839000 0.531813 -0.847362
17.840000 0.532660 -0.846829
17.841000 0.533506 -0.846296
17.842000 0.534352 -0.845762
17.843000 0.535197 -0.845228
17.844000 0.536041 -0.844692
17.845000 0.536885 -0.844156
17.846000 0.537728 -0.843618
17.847000 0.538571 -0.843080
17.848000 0.539414 -0.842541
17.849000 0.540255 -0.842001
17.850000 0.541097 -0.841461
17.851000 0.541937 -0.840919
17.852000 0.542777 -0.840377
17.853000 0.543617 -0.839833
17.854000 0.544456 -0.839289
17.855000 0.545295 -0.838745
17.856000 0.546133 -0.838199
17.857000 0.546970 -0.837652
17.858000 0.547807 -0.837105
17.859000 0.548643 -0.836557
17.860000 0.549479 -0.836008
17.861000 0.550314 -0.835458
17.862000 0.551149 -0.834907
17.863000 0.551983 -0.834355
17.864000 0.552817 -0.833803
17.865000 0.553650 -0.833250
17.866000 0.554482 -0.832696
17.867000 0.555314 -0.832141
17.868000 0.556145 -0.831585
17.869000 0.556976 -0.831029
17.870000 0.557806 -0.830471
17.871000 0.558636 -0.829913
17.872000 0.559465 -0.829354
17.873000 0.560294 -0.828794
17.874000 0.561122 -0.828233
17.875000 0.561949 -0.827672
17.876000 0.562776 -0.827109
17.877000 0.563603 -0.826546
17.878000 0.564428 -0.825982
17.879000 0.565254 -0.825417
17.880000 0.566078 -0.824852
17.881000 0.566902 -0.824285
17.882000 0.567726 -0.823718
17.883000 0.568549 -0.823150
17.884000 0.569371 -0.822581
17.885000 0.570193 -0.822011
17.886000 0.571014 -0.821440
17.887000 0.571835 -0.820869
17.888000 0.572655 -0.820297
17.889000 0.573474 -0.819724
17.890000 0.574293 -0.819150
17.891000 0.575112 -0.818575
17.892000 0.575929 -0.818000
17.893000 0.576747 -0.817423
17.894000 0.577563 -0.816846
17.895000 0.578379 -0.816268
17.896000 0.579195 -0.815689
17.897000 0.580010 -0.815110
17.898000 0.580824 -0.814529
17.899000 0.581638 -0.813948
17.900000 0.582451 -0.813366
17.901000 0.583263 -0.812783
17.902000 0.584075 -0.812199
17.903000 0.584887 -0.811615
17.904000 0.585698 -0.811030
17.905000 0.586508 -0.810444
17.906000 0.587318 -0.809857
17.907000 0.588127 -0.809269
17.908000 0.588935 -0.808680
17.909000 0.589743 -0.808091
17.910000 0.590550 -0.807501
17.911000 0.591357 -0.806910
17.912000 0.592163 -0.806318
17.913000 0.592969 -0.805726
17.914000 0.593774 -0.805132
17.915000 0.594578 -0.804538
17.916000 0.595382 -0.803943
17.917000 0.596185 -0.803347
17.918000 0.596987 -0.802751
17.919000 0.597789 -0.802153
17.920000 0.598591 -0.801555
17.921000 0.599391 -0.800956
17.922000 0.600192 -0.800356
17.923000 0.600991 -0.799756
17.924000 0.601790 -0.799154
17.925000 0.602588 -0.798552
17.926000 0.603386 -0.797949
17.927000 0.604183 -0.797345
17.928000 0.604980 -0.796741
17.929000 0.605776 -0.796136
17.930000 0.606571 -0.795529
17.931000 0.607366 -0.794922
17.932000 0.608160 -0.794315
17.933000 0.608953 -0.793706
17.934000 0.609746 -0.793097
17.935000 0.610539 -0.792487
17.936000 0.611330 -0.791876
17.937000 0.612121 -0.791264
17.938000 0.612912 -0.790651
17.939000 0.613702 -0.790038
17.940000 0.614491 -0.789424
17.941000 0.615280 -0.788809
17.942000 0.616068 -0.788193
17.943000 0.616855 -0.787577
17.944000 0.617642 -0.786960
17.945000 0.618428 -0.786342
17.946000 0.619213 -0.785723
17.947000 0.619998 -0.785103
17.948000 0.620783 -0.784483
17.949000 0.621566 -0.783862
17.950000 0.622349 -0.783240
17.951000 0.623132 -0.782617
17.952000 0.623914 -0.781993
17.953000 0.624695 -0.781369
17.954000 0.625475 -0.780744
17.955000 0.626255 -0.780118
17.956000 0.627035 -0.779492
17.957000 0.627813 -0.778864
17.958000 0.628591 -0.778236
17.959000 0.629369 -0.777607
17.960000 0.630145 -0.776977
17.961000 0.630922 -0.776347
17.962000 0.631697 -0.775715
17.963000 0.632472 -0.775083
17.964000 0.633246 -0.774450
17.965000 0.634020 -0.773817
17.966000 0.634793 -0.773182
17.967000 0.635565 -0.772547
17.968000 0.636337 -0.771911
17.969000 0.637108 -0.771275
17.970000 0.637879 -0.770637
17.971000 0.638648 -0.769999
17.972000 0.639418 -0.769360
17.973000 0.640186 -0.768720
17.974000 0.640954 -0.768079
17.975000 0.641721 -0.767438
17.976000 0.642488 -0.766796
17.977000 0.643254 -0.766153
17.978000 0.644019 -0.765509
17.979000 0.644784 -0.764865
17.980000 0.645548 -0.764220
17.981000 0.646311 -0.763574
17.982000 0.647074 -0.762927
17.983000 0.647836 -0.762280
17.984000 0.648598 -0.761632
17.985000 0.649358 -0.760983
17.986000 0.650119 -0.760333
17.987000 0.650878 -0.759682
17.988000 0.651637 -0.759031
17.989000 0.652395 -0.758379
17.990000 0.653153 -0.757726
17.991000 0.653910 -0.757073
17.992000 0.654666 -0.756418
17.993000 0.655421 -0.755763
17.994000 0.656176 -0.755108
17.995000 0.656931 -0.754451
17.996000 0.657684 -0.753794
17.997000 0.658437 -0.753136
17.998000 0.659190 -0.752477
17.999000 0.659941 -0.751817
18.000000 0.660692 -0.751157
18.001000 0.661443 -0.750496
18.002000 0.662192 -0.749834
18.003000 0.662941 -0.749172
18.004000 0.663690 -0.748508
18.005000 0.664437 -0.747844
18.006000 0.665184 -0.747179
18.007000 0.665931 -0.746514
18.008000 0.666676 -0.745848
18.009000 0.667421 -0.745180
18.010000 0.668166 -0.744513
18.011000 0.668909 -0.743844
18.012000 0.669652 -0.743175
18.013000 0.670395 -0.742505
18.014000 0.671136 -0.741834
18.015000 0.671877 -0.741163
18.016000 0.672618 -0.740490
18.017000 0.673357 -0.739817
18.018000 0.674096 -0.739144
18.019000 0.674835 -0.738469
18.020000 0.675572 -0.737794
18.021000 0.676309 -0.737118
18.022000 0.677045 -0.736441
18.023000 0.677781 -0.735764
18.024000 0.678516 -0.735086
18.025000 0.679250 -0.734407
18.026000 0.679984 -0.733727
18.027000 0.680717 -0.733047
18.028000 0.681449 -0.732366
18.029000 0.682180 -0.731684
18.030000 0.682911 -0.731001
18.031000 0.683641 -0.730318
18.032000 0.684371 -0.729634
18.033000 0.685100 -0.728949
18.034000 0.685828 -0.728264
18.035000 0.686555 -0.727578
18.036000 0.687282 -0.726891
18.037000 0.688008 -0.726203
18.038000 0.688733 -0.725515
18.039000 0.689458 -0.724826
18.040000 0.690182 -0.724136
18.041000 0.690905 -0.723445
18.042000 0.691628 -0.722754
18.043000 0.692350 -0.722062
18.044000 0.693071 -0.721369
18.045000 0.693792 -0.720676
18.046000 0.694511 -0.719982
18.047000 0.695231 -0.719287
18.048000 0.695949 -0.718591
18.049000 0.696667 -0.717895
18.050000 0.697384 -0.717198
18.051000 0.698100 -0.716500
18.052000 0.698816 -0.715802
18.053000 0.699531 -0.715103
18.054000 0.700245 -0.714403
18.055000 0.700959 -0.713702
18.056000 0.701671 -0.713001
18.057000 0.702384 -0.712299
18.058000 0.703095 -0.711596
18.059000 0.703806 -0.710893
18.060000 0.704516 -0.710189
18.061000 0.705225 -0.709484
18.062000 0.705934 -0.708778
18.063000 0.706642 -0.708072
18.064000 0.707349 -0.707365
18.065000 0.708055 -0.706657
18.066000 0.708761 -0.705949
18.067000 0.709466 -0.705240
18.068000 0.710171 -0.704530
18.069000 0.710874 -0.703819
18.070000 0.711577 -0.703108
18.071000 0.712280 -0.702396
18.072000 0.712981 -0.701683
18.073000 0.713682 -0.700970
18.074000 0.714382 -0.700256
18.075000 0.715081 -0.699541
18.076000 0.715780 -0.698826
18.077000 0.716478 -0.698110
18.078000 0.717175 -0.697393
18.079000 0.717872 -0.696675
18.080000 0.718568 -0.695957
18.081000 0.719263 -0.695238
18.082000 0.719957 -0.694519
18.083000 0.720651 -0.693798
18.084000 0.721344 -0.693077
18.085000 0.722036 -0.692356
18.086000 0.722727 -0.691633
18.087000 0.723418 -0.690910
18.088000 0.724108 -0.690186
18.089000 0.724798 -0.689462
18.090000 0.725486 -0.688737
18.091000 0.726174 -0.688011
18.092000 0.726861 -0.687285
18.093000 0.727548 -0.686557
18.094000 0.728233 -0.685829
18.095000 0.728918 -0.685101
18.096000 0.729603 -0.684372
18.097000 0.730286 -0.683642
18.098000 0.730969 -0.682911
18.099000 0.731651 -0.682180
18.100000 0.732332 -0.681448
18.101000 0.733013 -0.680715
18.102000 0.733693 -0.679982
18.103000 0.734372 -0.679248
18.104000 0.735050 -0.678513
18.105000 0.735728 -0.677778
18.106000 0.736405 -0.677041
18.107000 0.737081 -0.676305
18.108000 0.737756 -0.675567
18.109000 0.738431 -0.674829
18.110000 0.739105 -0.674090
18.111000 0.739778 -0.673351
18.112000 0.740451 -0.672611
18.113000 0.741122 -0.671870
18.114000 0.741793 -0.671129
18.115000 0.742464 -0.670387
18.116000 0.743133 -0.669644
18.117000 0.743802 -0.668900
18.118000 0.744470 -0.668156
18.119000 0.745137 -0.667411
18.120000 0.745804 -0.666666
18.121000 0.746470 -0.665920
18.122000 0.747135 -0.665173
18.123000 0.747799 -0.664425
18.124000 0.748462 -0.663677
18.125000 0.749125 -0.662929
18.126000 0.749787 -0.662179
18.127000 0.750449 -0.661429
18.128000 0.751109 -0.660678
18.129000 0.751769 -0.659927
18.130000 0.752428 -0.659175
18.131000 0.753086 -0.658422
18.132000 0.753744 -0.657668
18.133000 0.754401 -0.656914
18.134000 0.755057 -0.656160
18.135000 0.755712 -0.655404
18.136000 0.756367 -0.654648
18.137000 0.757020 -0.653892
18.138000 0.757673 -0.653134
18.139000 0.758326 -0.652376
18.140000 0.758977 -0.651618
18.141000 0.759628 -0.650858
18.142000 0.760278 -0.650098
18.143000 0.760927 -0.649338
18.144000 0.761575 -0.648576
18.145000 0.762223 -0.647815
18.146000 0.762870 -0.647052
18.147000 0.763516 -0.646289
18.148000 0.764162 -0.645525
18.149000 0.764806 -0.644760
18.150000 0.765450 -0.643995
18.151000 0.766093 -0.643230
18.152000 0.766736 -0.642463
18.153000 0.767377 -0.641696
18.154000 0.768018 -0.640928
18.155000 0.768658 -0.640160
18.156000 0.769297 -0.639391
18.157000 0.769936 -0.638621
18.158000 0.770574 -0.637851
18.159000 0.771211 -0.637080
18.160000 0.771847 -0.636309
18.161000 0.772482 -0.635537
18.162000 0.773117 -0.634764
18.163000 0.773751 -0.633990
18.164000 0.774384 -0.633216
18.165000 0.775016 -0.632442
18.166000 0.775648 -0.631666
18.167000 0.776278 -0.630890
18.168000 0.776908 -0.630114
18.169000 0.777538 -0.629337
18.170000 0.778166 -0.628559
18.171000 0.778794 -0.627780
18.172000 0.779421 -0.627001
18.173000 0.780047 -0.626221
18.174000 0.780672 -0.625441
18.175000 0.781297 -0.624660
18.176000 0.781920 -0.623878
18.177000 0.782543 -0.623096
18.178000 0.783166 -0.622313
18.179000 0.783787 -0.621530
18.180000 0.784408 -0.620746
18.181000 0.785028 -0.619961
18.182000 0.785647 -0.619176
18.183000 0.786265 -0.618390
18.184000 0.786882 -0.617603
18.185000 0.787499 -0.616816
18.186000 0.788115 -0.616028
18.187000 0.788730 -0.615240
18.188000 0.789345 -0.614451
18.189000 0.789958 -0.613661
18.190000 0.790571 -0.612871
18.191000 0.791183 -0.612080
18.192000 0.791794 -0.611288
18.193000 0.792404 -0.610496
18.194000 0.793014 -0.609704
18.195000 0.793623 -0.608910
18.196000 0.794231 -0.608116
18.197000 0.794838 -0.607322
18.198000 0.795444 -0.606527
18.199000 0.796050 -0.605731
18.200000 0.796655 -0.604935
18.201000 0.797259 -0.604138
18.202000 0.797862 -0.603340
18.203000 0.798465 -0.602542
18.204000 0.799066 -0.601743
18.205000 0.799667 -0.600944
18.206000 0.800267 -0.600144
18.207000 0.800866 -0.599343
18.208000 0.801465 -0.598542
18.209000 0.802062 -0.597740
18.210000 0.802659 -0.596938
18.211000 0.803255 -0.596135
18.212000 0.803851 -0.595331
18.213000 0.804445 -0.594527
18.214000 0.805039 -0.593723
18.215000 0.805631 -0.592917
18.216000 0.806223 -0.592111
18.217000 0.806815 -0.591305
18.218000 0.807405 -0.590498
18.219000 0.807995 -0.589690
18.220000 0.808583 -0.588882
18.221000 0.809171 -0.588073
18.222000 0.809759 -0.587263
18.223000 0.810345 -0.586453
18.224000 0.810931 -0.585643
18.225000 0.811515 -0.584831
18.226000 0.812099 -0.584020
18.227000 0.812682 -0.583207
18.228000 0.813265 -0.582394
18.229000 0.813846 -0.581581
18.230000 0.814427 -0.580767
18.231000 0.815007 -0.579952
18.232000 0.815586 -0.579137
18.233000 0.816164 -0.578321
18.234000 0.816741 -0.577504
18.235000 0.817318 -0.576687
18.236000 0.817894 -0.575870
18.237000 0.818469 -0.575051
18.238000 0.819043 -0.574233
18.239000 0.819616 -0.573413
18.240000 0.820189 -0.572593
18.241000 0.820760 -0.571773
18.242000 0.821331 -0.570952
18.243000 0.821901 -0.570130
18.244000 0.822470 -0.569308
18.245000 0.823039 -0.568485
18.246000 0.823606 -0.567662
18.247000 0.824173 -0.566838
18.248000 0.824739 -0.566014
18.249000 0.825304 -0.565189
18.250000 0.825868 -0.564363
18.251000 0.826432 -0.563537
18.252000 0.826995 -0.562710
18.253000 0.827556 -0.561883
18.254000 0.828117 -0.561055
18.255000 0.828677 -0.560227
18.256000 0.829237 -0.559398
18.257000 0.829795 -0.558568
18.258000 0.830353 -0.557738
18.259000 0.830910 -0.556908
18.260000 0.831466 -0.556076
18.261000 0.832021 -0.555245
18.262000 0.832575 -0.554412
18.263000 0.833129 -0.553579
18.264000 0.833681 -0.552746
18.265000 0.834233 -0.551912
18.266000 0.834784 -0.551078
18.267000 0.835334 -0.550243
18.268000 0.835884 -0.549407
18.269000 0.836432 -0.548571
18.270000 0.836980 -0.547734
18.271000 0.837527 -0.546897
18.272000 0.838073 -0.546059
18.273000 0.838618 -0.545221
18.274000 0.839162 -0.544382
18.275000 0.839705 -0.543542
18.276000 0.840248 -0.542702
18.277000 0.840790 -0.541862
18.278000 0.841331 -0.541021
18.279000 0.841871 -0.540179
18.280000 0.842410 -0.539337
18.281000 0.842949 -0.538494
18.282000 0.843486 -0.537651
18.283000 0.844023 -0.536807
18.284000 0.844559 -0.535963
18.285000 0.845094 -0.535118
18.286000 0.845628 -0.534273
18.287000 0.846161 -0.533427
18.288000 0.846694 -0.532581
18.289000 0.847226 -0.531734
18.290000 0.847756 -0.530886
18.291000 0.848286 -0.530038
18.292000 0.848815 -0.529190
18.293000 0.849344 -0.528340
18.294000 0.849871 -0.527491
18.295000 0.850398 -0.526641
18.296000 0.850923 -0.525790
18.297000 0.851448 -0.524939
18.298000 0.851972 -0.524087
18.299000 0.852495 -0.523235
18.300000 0.853018 -0.522382
18.301000 0.853539 -0.521529
18.302000 0.854060 -0.520675
18.303000 0.854580 -0.519821
18.304000 0.855098 -0.518966
18.305000 0.855616 -0.518111
18.306000 0.856134 -0.517255
18.307000 0.856650 -0.516398
18.308000 0.857165 -0.515541
18.309000 0.857680 -0.514684
18.310000 0.858194 -0.513826
18.311000 0.858707 -0.512968
18.312000 0.859219 -0.512109
18.313000 0.859730 -0.511249
18.314000 0.860240 -0.510389
18.315000 0.860750 -0.509529
18.316000 0.861258 -0.508668
18.317000 0.861766 -0.507806
18.318000 0.862273 -0.506944
18.319000 0.862779 -0.506082
18.320000 0.863284 -0.505219
18.321000 0.863788 -0.504355
18.322000 0.864292 -0.503491
18.323000 0.864794 -0.502626
18.324000 0.865296 -0.501761
18.325000 0.865797 -0.500896
18.326000 0.866297 -0.500030
18.327000 0.866796 -0.499163
18.328000 0.867294 -0.498296
18.329000 0.867792 -0.497429
18.330000 0.868288 -0.496561
18.331000 0.868784 -0.495692
18.332000 0.869278 -0.494823
18.333000 0.869772 -0.493954
18.334000 0.870265 -0.493084
18.335000 0.870757 -0.492213
18.336000 0.871249 -0.491342
18.337000 0.871739 -0.490471
18.338000 0.872229 -0.489599
18.339000 0.872717 -0.488726
18.340000 0.873205 -0.487853
18.341000 0.873692 -0.486980
18.342000 0.874178 -0.486106
18.343000 0.874663 -0.485231
18.344000 0.875148 -0.484356
18.345000 0.875631 -0.483481
18.346000 0.876113 -0.482605
18.347000 0.876595 -0.481729
18.348000 0.877076 -0.480852
18.349000 0.877556 -0.479975
18.350000 0.878035 -0.479097
18.351000 0.878513 -0.478219
18.352000 0.878990 -0.477340
18.353000 0.879467 -0.476461
18.354000 0.879942 -0.475581
18.355000 0.880417 -0.474701
18.356000 0.880891 -0.473820
18.357000 0.881364 -0.472939
18.358000 0.881836 -0.472057
18.359000 0.882307 -0.471175
18.360000 0.882777 -0.470293
18.361000 0.883246 -0.469410
18.362000 0.883715 -0.468526
18.363000 0.884182 -0.467642
18.364000 0.884649 -0.466758
18.365000 0.885115 -0.465873
18.366000 0.885580 -0.464988
18.367000 0.886044 -0.464102
18.368000 0.886507 -0.463216
18.369000 0.886969 -0.462329
18.370000 0.887431 -0.461442
18.371000 0.887891 -0.460554
18.372000 0.888351 -0.459666
18.373000 0.888809 -0.458777
18.374000 0.889267 -0.457888
18.375000 0.889724 -0.456999
18.376000 0.890180 -0.456109
18.377000 0.890635 -0.455218
18.378000 0.891090 -0.454327
18.379000 0.891543 -0.453436
18.380000 0.891996 -0.452544
18.381000 0.892447 -0.451652
18.382000 0.892898 -0.450759
18.383000 0.893348 -0.449866
18.384000 0.893797 -0.448973
18.385000 0.894245 -0.448079
18.386000 0.894692 -0.447184
18.387000 0.895138 -0.446289
18.388000 0.895583 -0.445394
18.389000 0.896028 -0.444498
18.390000 0.896471 -0.443602
18.391000 0.896914 -0.442705
18.392000 0.897356 -0.441808
18.393000 0.897797 -0.440911
18.394000 0.898237 -0.440013
18.395000 0.898676 -0.439114
18.396000 0.899114 -0.438215
18.397000 0.899551 -0.437316
18.398000 0.899987 -0.436416
18.399000 0.900423 -0.435516
18.400000 0.900857 -0.434615
18.401000 0.901291 -0.433714
18.402000 0.901724 -0.432813
18.403000 0.902156 -0.431911
18.404000 0.902587 -0.431008
18.405000 0.903017 -0.430106
18.406000 0.903446 -0.429202
18.407000 0.903874 -0.428299
18.408000 0.904302 -0.427395
18.409000 0.904728 -0.426490
18.410000 0.905154 -0.425585
18.411000 0.905578 -0.424680
18.412000 0.906002 -0.423774
18.413000 0.906425 -0.422868
18.414000 0.906847 -0.421961
18.415000 0.907268 -0.421054
18.416000 0.907688 -0.420147
18.417000 0.908107 -0.419239
18.418000 0.908525 -0.418330
18.419000 0.908943 -0.417422
18.420000 0.909359 -0.416512
18.421000 0.909775 -0.415603
18.422000 0.910189 -0.414693
18.423000 0.910603 -0.413783
18.424000 0.911016 -0.412872
18.425000 0.911428 -0.411961
18.426000 0.911839 -0.411049
18.427000 0.912249 -0.410137
18.428000 0.912658 -0.409224
18.429000 0.913066 -0.408312
18.430000 0.913474 -0.407398
18.431000 0.913880 -0.406485
18.432000 0.914286 -0.405571
18.433000 0.914690 -0.404656
18.434000 0.915094 -0.403741
18.435000 0.915497 -0.402826
18.436000 0.915899 -0.401910
18.437000 0.916299 -0.400994
18.438000 0.916700 -0.400078
18.439000 0.917099 -0.399161
18.440000 0.917497 -0.398243
18.441000 0.917894 -0.397326
18.442000 0.918291 -0.396408
18.443000 0.918686 -0.395489
18.444000 0.919080 -0.394570
18.445000 0.919474 -0.393651
18.446000 0.919867 -0.392731
18.447000 0.920259 -0.391811
18.448000 0.920649 -0.390891
18.449000 0.921039 -0.389970
18.450000 0.921428 -0.389049
18.451000 0.921816 -0.388127
18.452000 0.922204 -0.387205
18.453000 0.922590 -0.386283
18.454000 0.922975 -0.385360
18.455000 0.923360 -0.384437
18.456000 0.923743 -0.383513
18.457000 0.924126 -0.382589
18.458000 0.924507 -0.381665
18.459000 0.924888 -0.380740
18.460000 0.925268 -0.379815
18.461000 0.925647 -0.378890
18.462000 0.926024 -0.377964
18.463000 0.926401 -0.377038
18.464000 0.926778 -0.376111
18.465000 0.927153 -0.375184
18.466000 0.927527 -0.374257
18.467000 0.927900 -0.373329
18.468000 0.928273 -0.372401
18.469000 0.928644 -0.371472
18.470000 0.929015 -0.370544
18.471000 0.929384 -0.369614
18.472000 0.929753 -0.368685
18.473000 0.930120 -0.367755
18.474000 0.930487 -0.366825
18.475000 0.930853 -0.365894
18.476000 0.931218 -0.364963
18.477000 0.931582 -0.364031
18.478000 0.931945 -0.363100
18.479000 0.932307 -0.362168
18.480000 0.932668 -0.361235
18.481000 0.933029 -0.360302
18.482000 0.933388 -0.359369
18.483000 0.933746 -0.358435
18.484000 0.934104 -0.357502
18.485000 0.934460 -0.356567
18.486000 0.934816 -0.355633
18.487000 0.935171 -0.354698
18.488000 0.935524 -0.353762
18.489000 0.935877 -0.352827
18.490000 0.936229 -0.351891
18.491000 0.936580 -0.350954
18.492000 0.936930 -0.350017
18.493000 0.937279 -0.349080
18.494000 0.937627 -0.348143
18.495000 0.937974 -0.347205
18.496000 0.938321 -0.346267
18.497000 0.938666 -0.345328
18.498000 0.939010 -0.344390
18.499000 0.939354 -0.343450
18.500000 0.939696 -0.342511
18.501000 0.940038 -0.341571
18.502000 0.940378 -0.340631
18.503000 0.940718 -0.339690
18.504000 0.941057 -0.338749
18.505000 0.941394 -0.337808
18.506000 0.941731 -0.336867
18.507000 0.942067 -0.335925
18.508000 0.942402 -0.334982
18.509000 0.942736 -0.334040
18.510000 0.943069 -0.333097
18.511000 0.943401 -0.332154
18.512000 0.943733 -0.331210
18.513000 0.944063 -0.330266
18.514000 0.944392 -0.329322
18.515000 0.944720 -0.328377
18.516000 0.945048 -0.327433
18.517000 0.945374 -0.326487
18.518000 0.945700 -0.325542
18.519000 0.946024 -0.324596
18.520000 0.946348 -0.323650
18.521000 0.946671 -0.322703
18.522000 0.946992 -0.321756
18.523000 0.947313 -0.320809
18.524000 0.947633 -0.319862
18.525000 0.947952 -0.318914
18.526000 0.948270 -0.317966
18.527000 0.948587 -0.317017
18.528000 0.948903 -0.316069
18.529000 0.949218 -0.315120
18.530000 0.949532 -0.314170
18.531000 0.949845 -0.313221
18.532000 0.950158 -0.312271
18.533000 0.950469 -0.311320
18.534000 0.950779 -0.310370
18.535000 0.951089 -0.309419
18.536000 0.951397 -0.308467
18.537000 0.951705 -0.307516
18.538000 0.952011 -0.306564
18.539000 0.952317 -0.305612
18.540000 0.952621 -0.304659
18.541000 0.952925 -0.303707
18.542000 0.953228 -0.302754
18.543000 0.953529 -0.301800
18.544000 0.953830 -0.300847
18.545000 0.954130 -0.299893
18.546000 0.954429 -0.298938
18.547000 0.954727 -0.297984
18.548000 0.955024 -0.297029
18.549000 0.955320 -0.296074
18.550000 0.955615 -0.295118
18.551000 0.955909 -0.294162
18.552000 0.956203 -0.293206
18.553000 0.956495 -0.292250
18.554000 0.956786 -0.291293
18.555000 0.957076 -0.290336
18.556000 0.957366 -0.289379
18.557000 0.957654 -0.288422
18.558000 0.957942 -0.287464
18.559000 0.958228 -0.286506
18.560000 0.958514 -0.285547
18.561000 0.958798 -0.284589
18.562000 0.959082 -0.283630
18.563000 0.959364 -0.282671
18.564000 0.959646 -0.281711
18.565000 0.959927 -0.280751
18.566000 0.960207 -0.279791
18.567000 0.960485 -0.278831
18.568000 0.960763 -0.277870
18.569000 0.961040 -0.276909
18.570000 0.961316 -0.275948
18.571000 0.961591 -0.274987
18.572000 0.961865 -0.274025
18.573000 0.962138 -0.273063
18.574000 0.962410 -0.272101
18.575000 0.962681 -0.271138
18.576000 0.962951 -0.270175
18.577000 0.963221 -0.269212
18.578000 0.963489 -0.268249
18.579000 0.963756 -0.267285
18.580000 0.964022 -0.266321
18.581000 0.964288 -0.265357
18.582000 0.964552 -0.264393
18.583000 0.964816 -0.263428
18.584000 0.965078 -0.262463
18.585000 0.965339 -0.261498
18.586000 0.965600 -0.260533
18.587000 0.965860 -0.259567
18.588000 0.966118 -0.258601
18.589000 0.966376 -0.257635
18.590000 0.966632 -0.256668
18.591000 0.966888 -0.255701
18.592000 0.967143 -0.254734
18.593000 0.967397 -0.253767
18.594000 0.967649 -0.252800
18.595000 0.967901 -0.251832
18.596000 0.968152 -0.250864
18.597000 0.968402 -0.249895
18.598000 0.968651 -0.248927
18.599000 0.968899 -0.247958
18.600000 0.969146 -0.246989
18.601000 0.969392 -0.246020
18.602000 0.969637 -0.245050
18.603000 0.969881 -0.244081
18.604000 0.970124 -0.243111
18.605000 0.970366 -0.242140
18.606000 0.970607 -0.241170
18.607000 0.970847 -0.240199
18.608000 0.971087 -0.239228
18.609000 0.971325 -0.238257
18.610000 0.971562 -0.237286
18.611000 0.971798 -0.236314
18.612000 0.972034 -0.235342
18.613000 0.972268 -0.234370
18.614000 0.972501 -0.233397
18.615000 0.972734 -0.232425
18.616000 0.972965 -0.231452
18.617000 0.973196 -0.230479
18.618000 0.973425 -0.229506
18.619000 0.973654 -0.228532
18.620000 0.973881 -0.227558
18.621000 0.974108 -0.226584
18.622000 0.974333 -0.225610
18.623000 0.974558 -0.224636
18.624000 0.974782 -0.223661
18.625000 0.975004 -0.222686
18.626000 0.975226 -0.221711
18.627000 0.975447 -0.220736
18.628000 0.975667 -0.219760
18.629000 0.975885 -0.218784
18.630000 0.976103 -0.217808
18.631000 0.976320 -0.216832
18.632000 0.976536 -0.215856
18.633000 0.976751 -0.214879
18.634000 0.976965 -0.213902
18.635000 0.977177 -0.212925
18.636000 0.977389 -0.211948
18.637000 0.977600 -0.210970
18.638000 0.977810 -0.209993
18.639000 0.978019 -0.209015
18.640000 0.978227 -0.208036
18.641000 0.978434 -0.207058
18.642000 0.978641 -0.206080
18.643000 0.978846 -0.205101
18.644000 0.979050 -0.204122
18.645000 0.979253 -0.203143
18.646000 0.979455 -0.202163
18.647000 0.979656 -0.201184
18.648000 0.979856 -0.200204
18.649000 0.980056 -0.199224
18.650000 0.980254 -0.198244
18.651000 0.980451 -0.197264
18.652000 0.980647 -0.196283
18.653000 0.980843 -0.195302
18.654000 0.981037 -0.194321
18.655000 0.981230 -0.193340
18.656000 0.981423 -0.192359
18.657000 0.981614 -0.191377
18.658000 0.981804 -0.190396
18.659000 0.981994 -0.189414
18.660000 0.982182 -0.188432
18.661000 0.982370 -0.187449
18.662000 0.982556 -0.186467
18.663000 0.982742 -0.185484
18.664000 0.982926 -0.184502
18.665000 0.983110 -0.183518
18.666000 0.983292 -0.182535
18.667000 0.983474 -0.181552
18.668000 0.983654 -0.180568
18.669000 0.983834 -0.179585
18.670000 0.984012 -0.178601
18.671000 0.984190 -0.177617
18.672000 0.984367 -0.176632
18.673000 0.984542 -0.175648
18.674000 0.984717 -0.174663
18.675000 0.984891 -0.173678
18.676000 0.985063 -0.172693
18.677000 0.985235 -0.171708
18.678000 0.985406 -0.170723
18.679000 0.985575 -0.169737
18.680000 0.985744 -0.168752
18.681000 0.985912 -0.167766
18.682000 0.986079 -0.166780
18.683000 0.986244 -0.165794
18.684000 0.986409 -0.164807
18.685000 0.986573 -0.163821
18.686000 0.986736 -0.162834
18.687000 0.986898 -0.161848
18.688000 0.987059 -0.160861
18.689000 0.987218 -0.159873
18.690000 0.987377 -0.158886
18.691000 0.987535 -0.157899
18.692000 0.987692 -0.156911
18.693000 0.987848 -0.155923
18.694000 0.988003 -0.154935
18.695000 0.988157 -0.153947
18.696000 0.988310 -0.152959
18.697000 0.988462 -0.151971
18.698000 0.988613 -0.150982
18.699000 0.988763 -0.149993
18.700000 0.988912 -0.149005
18.701000 0.989060 -0.148016
18.702000 0.989207 -0.147026
18.703000 0.989353 -0.146037
18.704000 0.989498 -0.145048
18.705000 0.989642 -0.144058
18.706000 0.989785 -0.143068
18.707000 0.989927 -0.142079
18.708000 0.990068 -0.141089
18.709000 0.990208 -0.140098
18.710000 0.990347 -0.139108
18.711000 0.990486 -0.138118
18.712000 0.990623 -0.137127
18.713000 0.990759 -0.136137
18.714000 0.990894 -0.135146
18.715000 0.991028 -0.134155
18.716000 0.991161 -0.133164
18.717000 0.991293 -0.132172
18.718000 0.991425 -0.131181
18.719000 0.991555 -0.130190
18.720000 0.991684 -0.129198
18.721000 0.991812 -0.128206
18.722000 0.991939 -0.127214
18.723000 0.992066 -0.126222
18.724000 0.992191 -0.125230
18.725000 0.992315 -0.124238
18.726000 0.992438 -0.123246
18.727000 0.992561 -0.122253
18.728000 0.992682 -0.121260
18.729000 0.992802 -0.120268
18.730000 0.992921 -0.119275
18.731000 0.993040 -0.118282
18.732000 0.993157 -0.117289
18.733000 0.993273 -0.116296
18.734000 0.993388 -0.115302
18.735000 0.993503 -0.114309
18.736000 0.993616 -0.113315
18.737000 0.993728 -0.112322
18.738000 0.993840 -0.111328
18.739000 0.993950 -0.110334
18.740000 0.994059 -0.109340
18.741000 0.994168 -0.108346
18.742000 0.994275 -0.107352
18.743000 0.994381 -0.106357
18.744000 0.994487 -0.105363
18.745000 0.994591 -0.104368
18.746000 0.994695 -0.103374
18.747000 0.994797 -0.102379
18.748000 0.994898 -0.101384
18.749000 0.994999 -0.100389
18.750000 0.995098 -0.099394
18.751000 0.995196 -0.098399
18.752000 0.995294 -0.097404
18.753000 0.995390 -0.096408
18.754000 0.995486 -0.095413
18.755000 0.995580 -0.094417
18.756000 0.995674 -0.093422
18.757000 0.995766 -0.092426
18.758000 0.995857 -0.091430
18.759000 0.995948 -0.090434
18.760000 0.996037 -0.089438
18.761000 0.996126 -0.088442
18.762000 0.996213 -0.087446
18.763000 0.996300 -0.086450
18.764000 0.996385 -0.085453
18.765000 0.996470 -0.084457
18.766000 0.996553 -0.083460
18.767000 0.996635 -0.082464
18.768000 0.996717 -0.081467
18.769000 0.996797 -0.080470
18.770000 0.996877 -0.079474
18.771000 0.996955 -0.078477
18.772000 0.997033 -0.077480
18.773000 0.997109 -0.076483
18.774000 0.997185 -0.075485
18.775000 0.997259 -0.074488
18.776000 0.997333 -0.073491
18.777000 0.997405 -0.072494
18.778000 0.997477 -0.071496
18.779000 0.997547 -0.070499
18.780000 0.997617 -0.069501
18.781000 0.997685 -0.068503
18.782000 0.997753 -0.067506
18.783000 0.997819 -0.066508
18.784000 0.997885 -0.065510
18.785000 0.997949 -0.064512
18.786000 0.998013 -0.063514
18.787000 0.998075 -0.062516
18.788000 0.998137 -0.061518
18.789000 0.998197 -0.060520
18.790000 0.998257 -0.059522
18.791000 0.998315 -0.058523
18.792000 0.998373 -0.057525
18.793000 0.998429 -0.056527
18.794000 0.998485 -0.055528
18.795000 0.998539 -0.054530
18.796000 0.998593 -0.053531
18.797000 0.998646 -0.052532
18.798000 0.998697 -0.051534
18.799000 0.998748 -0.050535
18.800000 0.998797 -0.049536
18.801000 0.998846 -0.048537
18.802000 0.998893 -0.047539
18.803000 0.998940 -0.046540
18.804000 0.998985 -0.045541
18.805000 0.999030 -0.044542
18.806000 0.999073 -0.043543
18.807000 0.999116 -0.042544
18.808000 0.999157 -0.041544
18.809000 0.999198 -0.040545
18.810000 0.999238 -0.039546
18.811000 0.999276 -0.038547
18.812000 0.999314 -0.037547
18.813000 0.999350 -0.036548
18.814000 0.999386 -0.035549
18.815000 0.999420 -0.034549
18.816000 0.999454 -0.033550
18.817000 0.999486 -0.032550
18.818000 0.999518 -0.031551
18.819000 0.999548 -0.030551
18.820000 0.999578 -0.029552
18.821000 0.999607 -0.028552
18.822000 0.999634 -0.027553
18.823000 0.999661 -0.026553
18.824000 0.999686 -0.025553
18.825000 0.999711 -0.024554
18.826000 0.999734 -0.023554
18.827000 0.999757 -0.022554
18.828000 0.999778 -0.021554
18.829000 0.999799 -0.020555
18.830000 0.999819 -0.019555
18.831000 0.999837 -0.018555
18.832000 0.999855 -0.017555
18.833000 0.999871 -0.016555
18.834000 0.999887 -0.015555
18.835000 0.999901 -0.014555
18.836000 0.999915 -0.013556
18.837000 0.999927 -0.012556
18.838000 0.999939 -0.011556
18.839000 0.999950 -0.010556
18.840000 0.999959 -0.009556
18.841000 0.999968 -0.008556
18.842000 0.999975 -0.007556
18.843000 0.999982 -0.006556
18.844000 0.999987 -0.005556
18.845000 0.999992 -0.004556
18.846000 0.999995 -0.003556
18.847000 0.999998 -0.002556
18.848000 1.000000 -0.001556
18.849000 1.000000 -0.000556
18.850000 1.000000 0.000444
18.851000 0.999998 0.001444
18.852000 0.999996 0.002444
18.853000 0.999992 0.003444
18.854000 0.999988 0.004444
18.855000 0.999982 0.005444
18.856000 0.999976 0.006444
18.857000 0.999969 0.007444
18.858000 0.999960 0.008444
18.859000 0.999951 0.009444
18.860000 0.999940 0.010444
18.861000 0.999929 0.011444
18.862000 0.999916 0.012444
18.863000 0.999903 0.013444
18.864000 0.999888 0.014444
18.865000 0.999873 0.015443
18.866000 0.999857 0.016443
18.867000 0.999839 0.017443
18.868000 0.999821 0.018443
18.869000 0.999801 0.019443
18.870000 0.999781 0.020443
18.871000 0.999759 0.021442
18.872000 0.999737 0.022442
18.873000 0.999713 0.023442
18.874000 0.999689 0.024441
18.875000 0.999664 0.025441
18.876000 0.999637 0.026441
18.877000 0.999610 0.027440
18.878000 0.999581 0.028440
18.879000 0.999552 0.029440
18.880000 0.999521 0.030439
18.881000 0.999490 0.031439
18.882000 0.999458 0.032438
18.883000 0.999424 0.033438
18.884000 0.999390 0.034437
18.885000 0.999354 0.035436
18.886000 0.999318 0.036436
18.887000 0.999280 0.037435
18.888000 0.999242 0.038434
18.889000 0.999202 0.039433
18.890000 0.999162 0.040433
18.891000 0.999121 0.041432
18.892000 0.999078 0.042431
18.893000 0.999035 0.043430
18.894000 0.998990 0.044429
18.895000 0.998945 0.045428
18.896000 0.998898 0.046427
18.897000 0.998851 0.047426
18.898000 0.998803 0.048425
18.899000 0.998753 0.049423
18.900000 0.998703 0.050422
18.901000 0.998651 0.051421
18.902000 0.998599 0.052419
18.903000 0.998545 0.053418
18.904000 0.998491 0.054416
18.905000 0.998436 0.055415
18.906000 0.998379 0.056413
18.907000 0.998322 0.057412
18.908000 0.998263 0.058410
18.909000 0.998204 0.059408
18.910000 0.998144 0.060406
18.911000 0.998082 0.061404
18.912000 0.998020 0.062403
18.913000 0.997956 0.063401
18.914000 0.997892 0.064398
18.915000 0.997827 0.065396
18.916000 0.997760 0.066394
18.917000 0.997693 0.067392
18.918000 0.997624 0.068389
18.919000 0.997555 0.069387
18.920000 0.997485 0.070385
18.921000 0.997413 0.071382
18.922000 0.997341 0.072379
18.923000 0.997268 0.073377
18.924000 0.997193 0.074374
18.925000 0.997118 0.075371
18.926000 0.997041 0.076368
18.927000 0.996964 0.077365
18.928000 0.996886 0.078362
18.929000 0.996806 0.079359
18.930000 0.996726 0.080356
18.931000 0.996645 0.081352
18.932000 0.996562 0.082349
18.933000 0.996479 0.083346
18.934000 0.996395 0.084342
18.935000 0.996309 0.085338
18.936000 0.996223 0.086335
18.937000 0.996136 0.087331
18.938000 0.996047 0.088327
18.939000 0.995958 0.089323
18.940000 0.995868 0.090319
18.941000 0.995776 0.091315
18.942000 0.995684 0.092310
18.943000 0.995591 0.093306
18.944000 0.995496 0.094302
18.945000 0.995401 0.095297
18.946000 0.995305 0.096292
18.947000 0.995207 0.097288
18.948000 0.995109 0.098283
18.949000 0.995010 0.099278
18.950000 0.994910 0.100273
18.951000 0.994808 0.101268
18.952000 0.994706 0.102262
18.953000 0.994603 0.103257
18.954000 0.994499 0.104252
18.955000 0.994393 0.105246
18.956000 0.994287 0.106240
18.957000 0.994180 0.107235
18.958000 0.994072 0.108229
18.959000 0.993962 0.109223
18.960000 0.993852 0.110217
18.961000 0.993741 0.111210
18.962000 0.993629 0.112204
18.963000 0.993516 0.113198
18.964000 0.993401 0.114191
18.965000 0.993286 0.115184
18.966000 0.993170 0.116178
18.967000 0.993053 0.117171
18.968000 0.992935 0.118164
18.969000 0.992815 0.119157
18.970000 0.992695 0.120149
18.971000 0.992574 0.121142
18.972000 0.992452 0.122135
18.973000 0.992329 0.123127
18.974000 0.992205 0.124119
18.975000 0.992080 0.125111
18.976000 0.991954 0.126103
18.977000 0.991826 0.127095
18.978000 0.991698 0.128087
18.979000 0.991569 0.129079
18.980000 0.991439 0.130070
18.981000 0.991308 0.131062
18.982000 0.991176 0.132053
18.983000 0.991043 0.133044
18.984000 0.990909 0.134035
18.985000 0.990774 0.135026
18.986000 0.990638 0.136016
18.987000 0.990501 0.137007
18.988000 0.990363 0.137997
18.989000 0.990224 0.138988
18.990000 0.990084 0.139978
18.991000 0.989943 0.140968
18.992000 0.989801 0.141958
18.993000 0.989658 0.142948
18.994000 0.989514 0.143937
18.995000 0.989369 0.144927
18.996000 0.989223 0.145916
18.997000 0.989076 0.146905
18.998000 0.988928 0.147894
18.999000 0.988780 0.148883
19.000000 0.988630 0.149872
