0.000000 1.000000 0.000000
0.001000 0.999999 0.001000
0.002000 0.999998 0.001999
0.003000 0.999994 0.002999
0.004000 0.999990 0.003998
0.005000 0.999984 0.004996
0.006000 0.999978 0.005995
0.007000 0.999969 0.006993
0.008000 0.999960 0.007990
0.009000 0.999949 0.008988
0.010000 0.999938 0.009985
0.011000 0.999924 0.010982
0.012000 0.999910 0.011978
0.013000 0.999895 0.012974
0.014000 0.999878 0.013970
0.015000 0.999860 0.014966
0.016000 0.999840 0.015961
0.017000 0.999820 0.016956
0.018000 0.999798 0.017950
0.019000 0.999775 0.018945
0.020000 0.999751 0.019938
0.021000 0.999725 0.020932
0.022000 0.999698 0.021925
0.023000 0.999670 0.022918
0.024000 0.999641 0.023911
0.025000 0.999610 0.024903
0.026000 0.999579 0.025895
0.027000 0.999546 0.026887
0.028000 0.999511 0.027878
0.029000 0.999476 0.028869
0.030000 0.999439 0.029860
0.031000 0.999401 0.030850
0.032000 0.999362 0.031840
0.033000 0.999322 0.032830
0.034000 0.999280 0.033819
0.035000 0.999237 0.034808
0.036000 0.999193 0.035797
0.037000 0.999148 0.036785
0.038000 0.999101 0.037773
0.039000 0.999053 0.038760
0.040000 0.999004 0.039748
0.041000 0.998954 0.040735
0.042000 0.998902 0.041721
0.043000 0.998850 0.042707
0.044000 0.998795 0.043693
0.045000 0.998740 0.044679
0.046000 0.998684 0.045664
0.047000 0.998626 0.046649
0.048000 0.998567 0.047633
0.049000 0.998507 0.048617
0.050000 0.998446 0.049601
0.051000 0.998383 0.050584
0.052000 0.998319 0.051567
0.053000 0.998254 0.052550
0.054000 0.998188 0.053532
0.055000 0.998120 0.054514
0.056000 0.998051 0.055496
0.057000 0.997981 0.056477
0.058000 0.997910 0.057458
0.059000 0.997838 0.058439
0.060000 0.997764 0.059419
0.061000 0.997689 0.060398
0.062000 0.997613 0.061378
0.063000 0.997536 0.062357
0.064000 0.997457 0.063335
0.065000 0.997377 0.064314
0.066000 0.997296 0.065292
0.067000 0.997214 0.066269
0.068000 0.997131 0.067246
0.069000 0.997046 0.068223
0.070000 0.996960 0.069199
0.071000 0.996873 0.070175
0.072000 0.996785 0.071151
0.073000 0.996695 0.072126
0.074000 0.996604 0.073101
0.075000 0.996512 0.074076
0.076000 0.996419 0.075050
0.077000 0.996325 0.076023
0.078000 0.996229 0.076997
0.079000 0.996132 0.077970
0.080000 0.996034 0.078942
0.081000 0.995935 0.079914
0.082000 0.995834 0.080886
0.083000 0.995732 0.081858
0.084000 0.995629 0.082829
0.085000 0.995525 0.083799
0.086000 0.995420 0.084769
0.087000 0.995313 0.085739
0.088000 0.995205 0.086708
0.089000 0.995096 0.087677
0.090000 0.994986 0.088646
0.091000 0.994875 0.089614
0.092000 0.994762 0.090582
0.093000 0.994648 0.091549
0.094000 0.994533 0.092516
0.095000 0.994417 0.093483
0.096000 0.994299 0.094449
0.097000 0.994181 0.095415
0.098000 0.994061 0.096380
0.099000 0.993939 0.097345
0.100000 0.993817 0.098310
0.101000 0.993694 0.099274
0.102000 0.993569 0.100238
0.103000 0.993443 0.101201
0.104000 0.993316 0.102164
0.105000 0.993187 0.103126
0.106000 0.993058 0.104088
0.107000 0.992927 0.105050
0.108000 0.992795 0.106011
0.109000 0.992662 0.106972
0.110000 0.992527 0.107932
0.111000 0.992392 0.108892
0.112000 0.992255 0.109852
0.113000 0.992117 0.110811
0.114000 0.991978 0.111769
0.115000 0.991837 0.112728
0.116000 0.991696 0.113685
0.117000 0.991553 0.114643
0.118000 0.991409 0.115600
0.119000 0.991264 0.116556
0.120000 0.991118 0.117512
0.121000 0.990970 0.118468
0.122000 0.990821 0.119423
0.123000 0.990671 0.120378
0.124000 0.990520 0.121332
0.125000 0.990368 0.122286
0.126000 0.990214 0.123240
0.127000 0.990059 0.124193
0.128000 0.989903 0.125145
0.129000 0.989746 0.126097
0.130000 0.989588 0.127049
0.131000 0.989428 0.128000
0.132000 0.989268 0.128951
0.133000 0.989106 0.129901
0.134000 0.988943 0.130851
0.135000 0.988778 0.131801
0.136000 0.988613 0.132750
0.137000 0.988446 0.133698
0.138000 0.988278 0.134646
0.139000 0.988109 0.135594
0.140000 0.987939 0.136541
0.141000 0.987768 0.137488
0.142000 0.987595 0.138434
0.143000 0.987421 0.139380
0.144000 0.987246 0.140325
0.145000 0.987070 0.141270
0.146000 0.986893 0.142215
0.147000 0.986714 0.143159
0.148000 0.986535 0.144102
0.149000 0.986354 0.145045
0.150000 0.986172 0.145988
0.151000 0.985988 0.146930
0.152000 0.985804 0.147872
0.153000 0.985618 0.148813
0.154000 0.985431 0.149754
0.155000 0.985243 0.150694
0.156000 0.985054 0.151634
0.157000 0.984864 0.152573
0.158000 0.984672 0.153512
0.159000 0.984480 0.154450
0.160000 0.984286 0.155388
0.161000 0.984091 0.156325
0.162000 0.983895 0.157262
0.163000 0.983697 0.158199
0.164000 0.983499 0.159135
0.165000 0.983299 0.160070
0.166000 0.983098 0.161005
0.167000 0.982896 0.161940
0.168000 0.982693 0.162874
0.169000 0.982488 0.163807
0.170000 0.982282 0.164741
0.171000 0.982076 0.165673
0.172000 0.981868 0.166605
0.173000 0.981659 0.167537
0.174000 0.981448 0.168468
0.175000 0.981237 0.169399
0.176000 0.981024 0.170329
0.177000 0.980810 0.171258
0.178000 0.980595 0.172188
0.179000 0.980379 0.173116
0.180000 0.980162 0.174044
0.181000 0.979944 0.174972
0.182000 0.979724 0.175899
0.183000 0.979503 0.176826
0.184000 0.979281 0.177752
0.185000 0.979058 0.178678
0.186000 0.978834 0.179603
0.187000 0.978608 0.180528
0.188000 0.978382 0.181452
0.189000 0.978154 0.182375
0.190000 0.977925 0.183299
0.191000 0.977695 0.184221
0.192000 0.977464 0.185143
0.193000 0.977231 0.186065
0.194000 0.976998 0.186986
0.195000 0.976763 0.187907
0.196000 0.976527 0.188827
0.197000 0.976290 0.189746
0.198000 0.976052 0.190665
0.199000 0.975813 0.191584
0.200000 0.975572 0.192502
0.201000 0.975331 0.193420
0.202000 0.975088 0.194337
0.203000 0.974844 0.195253
0.204000 0.974599 0.196169
0.205000 0.974352 0.197084
0.206000 0.974105 0.197999
0.207000 0.973856 0.198914
0.208000 0.973607 0.199828
0.209000 0.973356 0.200741
0.210000 0.973104 0.201654
0.211000 0.972851 0.202566
0.212000 0.972596 0.203478
0.213000 0.972341 0.204389
0.214000 0.972084 0.205300
0.215000 0.971827 0.206210
0.216000 0.971568 0.207120
0.217000 0.971308 0.208029
0.218000 0.971046 0.208937
0.219000 0.970784 0.209845
0.220000 0.970521 0.210753
0.221000 0.970256 0.211660
0.222000 0.969990 0.212566
0.223000 0.969723 0.213472
0.224000 0.969455 0.214377
0.225000 0.969186 0.215282
0.226000 0.968916 0.216186
0.227000 0.968644 0.217090
0.228000 0.968372 0.217993
0.229000 0.968098 0.218896
0.230000 0.967823 0.219798
0.231000 0.967547 0.220700
0.232000 0.967270 0.221601
0.233000 0.966992 0.222501
0.234000 0.966712 0.223401
0.235000 0.966432 0.224300
0.236000 0.966150 0.225199
0.237000 0.965867 0.226097
0.238000 0.965583 0.226995
0.239000 0.965298 0.227892
0.240000 0.965012 0.228789
0.241000 0.964725 0.229685
0.242000 0.964436 0.230580
0.243000 0.964147 0.231475
0.244000 0.963856 0.232369
0.245000 0.963564 0.233263
0.246000 0.963271 0.234156
0.247000 0.962977 0.235049
0.248000 0.962682 0.235941
0.249000 0.962386 0.236832
0.250000 0.962088 0.237723
0.251000 0.961790 0.238614
0.252000 0.961490 0.239504
0.253000 0.961189 0.240393
0.254000 0.960887 0.241281
0.255000 0.960584 0.242170
0.256000 0.960280 0.243057
0.257000 0.959974 0.243944
0.258000 0.959668 0.244830
0.259000 0.959360 0.245716
0.260000 0.959052 0.246601
0.261000 0.958742 0.247486
0.262000 0.958431 0.248370
0.263000 0.958119 0.249254
0.264000 0.957806 0.250137
0.265000 0.957491 0.251019
0.266000 0.957176 0.251901
0.267000 0.956860 0.252782
0.268000 0.956542 0.253662
0.269000 0.956223 0.254542
0.270000 0.955903 0.255422
0.271000 0.955582 0.256301
0.272000 0.955260 0.257179
0.273000 0.954937 0.258057
0.274000 0.954613 0.258934
0.275000 0.954288 0.259810
0.276000 0.953961 0.260686
0.277000 0.953633 0.261561
0.278000 0.953305 0.262436
0.279000 0.952975 0.263310
0.280000 0.952644 0.264184
0.281000 0.952312 0.265057
0.282000 0.951979 0.265929
0.283000 0.951645 0.266801
0.284000 0.951309 0.267672
0.285000 0.950973 0.268542
0.286000 0.950635 0.269412
0.287000 0.950297 0.270281
0.288000 0.949957 0.271150
0.289000 0.949616 0.272018
0.290000 0.949274 0.272886
0.291000 0.948931 0.273753
0.292000 0.948587 0.274619
0.293000 0.948242 0.275485
0.294000 0.947895 0.276350
0.295000 0.947548 0.277214
0.296000 0.947199 0.278078
0.297000 0.946850 0.278941
0.298000 0.946499 0.279804
0.299000 0.946147 0.280666
0.300000 0.945794 0.281527
0.301000 0.945440 0.282388
0.302000 0.945085 0.283248
0.303000 0.944729 0.284108
0.304000 0.944372 0.284967
0.305000 0.944013 0.285825
0.306000 0.943654 0.286683
0.307000 0.943294 0.287540
0.308000 0.942932 0.288396
0.309000 0.942569 0.289252
0.310000 0.942205 0.290108
0.311000 0.941841 0.290962
0.312000 0.941475 0.291816
0.313000 0.941108 0.292669
0.314000 0.940739 0.293522
0.315000 0.940370 0.294374
0.316000 0.940000 0.295226
0.317000 0.939628 0.296077
0.318000 0.939256 0.296927
0.319000 0.938883 0.297776
0.320000 0.938508 0.298625
0.321000 0.938132 0.299473
0.322000 0.937755 0.300321
0.323000 0.937378 0.301168
0.324000 0.936999 0.302015
0.325000 0.936619 0.302860
0.326000 0.936238 0.303705
0.327000 0.935855 0.304550
0.328000 0.935472 0.305394
0.329000 0.935088 0.306237
0.330000 0.934703 0.307080
0.331000 0.934316 0.307921
0.332000 0.933929 0.308763
0.333000 0.933540 0.309603
0.334000 0.933150 0.310443
0.335000 0.932760 0.311283
0.336000 0.932368 0.312121
0.337000 0.931975 0.312959
0.338000 0.931581 0.313797
0.339000 0.931186 0.314633
0.340000 0.930790 0.315470
0.341000 0.930393 0.316305
0.342000 0.929995 0.317140
0.343000 0.929595 0.317974
0.344000 0.929195 0.318807
0.345000 0.928794 0.319640
0.346000 0.928391 0.320472
0.347000 0.927988 0.321304
0.348000 0.927583 0.322135
0.349000 0.927178 0.322965
0.350000 0.926771 0.323794
0.351000 0.926363 0.324623
0.352000 0.925954 0.325452
0.353000 0.925545 0.326279
0.354000 0.925134 0.327106
0.355000 0.924722 0.327932
0.356000 0.924309 0.328758
0.357000 0.923895 0.329583
0.358000 0.923480 0.330407
0.359000 0.923063 0.331230
0.360000 0.922646 0.332053
0.361000 0.922228 0.332875
0.362000 0.921809 0.333697
0.363000 0.921388 0.334518
0.364000 0.920967 0.335338
0.365000 0.920544 0.336157
0.366000 0.920121 0.336976
0.367000 0.919696 0.337795
0.368000 0.919271 0.338612
0.369000 0.918844 0.339429
0.370000 0.918416 0.340245
0.371000 0.917988 0.341060
0.372000 0.917558 0.341875
0.373000 0.917127 0.342689
0.374000 0.916695 0.343503
0.375000 0.916262 0.344315
0.376000 0.915828 0.345127
0.377000 0.915393 0.345939
0.378000 0.914957 0.346749
0.379000 0.914520 0.347559
0.380000 0.914082 0.348369
0.381000 0.913643 0.349177
0.382000 0.913203 0.349985
0.383000 0.912761 0.350793
0.384000 0.912319 0.351599
0.385000 0.911876 0.352405
0.386000 0.911432 0.353210
0.387000 0.910986 0.354015
0.388000 0.910540 0.354818
0.389000 0.910093 0.355621
0.390000 0.909644 0.356424
0.391000 0.909195 0.357226
0.392000 0.908744 0.358027
0.393000 0.908293 0.358827
0.394000 0.907840 0.359626
0.395000 0.907386 0.360425
0.396000 0.906932 0.361224
0.397000 0.906476 0.362021
0.398000 0.906020 0.362818
0.399000 0.905562 0.363614
0.400000 0.905103 0.364409
0.401000 0.904644 0.365204
0.402000 0.904183 0.365998
0.403000 0.903721 0.366791
0.404000 0.903258 0.367584
0.405000 0.902794 0.368376
0.406000 0.902330 0.369167
0.407000 0.901864 0.369957
0.408000 0.901397 0.370747
0.409000 0.900929 0.371536
0.410000 0.900460 0.372324
0.411000 0.899990 0.373112
0.412000 0.899519 0.373899
0.413000 0.899048 0.374685
0.414000 0.898575 0.375470
0.415000 0.898101 0.376255
0.416000 0.897626 0.377039
0.417000 0.897150 0.377822
0.418000 0.896673 0.378605
0.419000 0.896195 0.379386
0.420000 0.895716 0.380168
0.421000 0.895236 0.380948
0.422000 0.894755 0.381728
0.423000 0.894273 0.382507
0.424000 0.893790 0.383285
0.425000 0.893306 0.384062
0.426000 0.892821 0.384839
0.427000 0.892335 0.385615
0.428000 0.891848 0.386390
0.429000 0.891360 0.387165
0.430000 0.890871 0.387939
0.431000 0.890381 0.388712
0.432000 0.889890 0.389484
0.433000 0.889398 0.390256
0.434000 0.888905 0.391027
0.435000 0.888411 0.391797
0.436000 0.887916 0.392566
0.437000 0.887420 0.393335
0.438000 0.886923 0.394103
0.439000 0.886425 0.394870
0.440000 0.885926 0.395637
0.441000 0.885426 0.396403
0.442000 0.884925 0.397168
0.443000 0.884423 0.397932
0.444000 0.883920 0.398695
0.445000 0.883416 0.399458
0.446000 0.882911 0.400220
0.447000 0.882405 0.400982
0.448000 0.881898 0.401742
0.449000 0.881390 0.402502
0.450000 0.880881 0.403261
0.451000 0.880372 0.404019
0.452000 0.879861 0.404777
0.453000 0.879349 0.405534
0.454000 0.878836 0.406290
0.455000 0.878322 0.407045
0.456000 0.877808 0.407800
0.457000 0.877292 0.408553
0.458000 0.876775 0.409307
0.459000 0.876258 0.410059
0.460000 0.875739 0.410810
0.461000 0.875219 0.411561
0.462000 0.874699 0.412311
0.463000 0.874177 0.413060
0.464000 0.873655 0.413809
0.465000 0.873131 0.414557
0.466000 0.872606 0.415304
0.467000 0.872081 0.416050
0.468000 0.871555 0.416795
0.469000 0.871027 0.417540
0.470000 0.870499 0.418284
0.471000 0.869969 0.419027
0.472000 0.869439 0.419770
0.473000 0.868908 0.420511
0.474000 0.868376 0.421252
0.475000 0.867842 0.421992
0.476000 0.867308 0.422732
0.477000 0.866773 0.423470
0.478000 0.866237 0.424208
0.479000 0.865700 0.424945
0.480000 0.865162 0.425681
0.481000 0.864623 0.426417
0.482000 0.864083 0.427152
0.483000 0.863542 0.427886
0.484000 0.863000 0.428619
0.485000 0.862457 0.429351
0.486000 0.861913 0.430083
0.487000 0.861369 0.430814
0.488000 0.860823 0.431544
0.489000 0.860276 0.432273
0.490000 0.859729 0.433001
0.491000 0.859180 0.433729
0.492000 0.858631 0.434456
0.493000 0.858080 0.435182
0.494000 0.857529 0.435908
0.495000 0.856977 0.436632
0.496000 0.856423 0.437356
0.497000 0.855869 0.438079
0.498000 0.855314 0.438801
0.499000 0.854758 0.439523
0.500000 0.854201 0.440243
0.501000 0.853643 0.440963
0.502000 0.853084 0.441682
0.503000 0.852524 0.442401
0.504000 0.851963 0.443118
0.505000 0.851401 0.443835
0.506000 0.850838 0.444551
0.507000 0.850275 0.445266
0.508000 0.849710 0.445980
0.509000 0.849145 0.446694
0.510000 0.848578 0.447406
0.511000 0.848011 0.448118
0.512000 0.847442 0.448830
0.513000 0.846873 0.449540
0.514000 0.846303 0.450249
0.515000 0.845732 0.450958
0.516000 0.845160 0.451666
0.517000 0.844587 0.452373
0.518000 0.844013 0.453080
0.519000 0.843438 0.453785
0.520000 0.842862 0.454490
0.521000 0.842285 0.455194
0.522000 0.841708 0.455897
0.523000 0.841129 0.456599
0.524000 0.840550 0.457301
0.525000 0.839969 0.458001
0.526000 0.839388 0.458701
0.527000 0.838806 0.459400
0.528000 0.838222 0.460099
0.529000 0.837638 0.460796
0.530000 0.837053 0.461493
0.531000 0.836467 0.462189
0.532000 0.835880 0.462884
0.533000 0.835293 0.463578
0.534000 0.834704 0.464271
0.535000 0.834114 0.464964
0.536000 0.833524 0.465656
0.537000 0.832932 0.466347
0.538000 0.832340 0.467037
0.539000 0.831747 0.467726
0.540000 0.831152 0.468415
0.541000 0.830557 0.469102
0.542000 0.829961 0.469789
0.543000 0.829364 0.470475
0.544000 0.828767 0.471160
0.545000 0.828168 0.471845
0.546000 0.827568 0.472528
0.547000 0.826968 0.473211
0.548000 0.826366 0.473893
0.549000 0.825764 0.474574
0.550000 0.825161 0.475254
0.551000 0.824557 0.475934
0.552000 0.823951 0.476612
0.553000 0.823345 0.477290
0.554000 0.822739 0.477967
0.555000 0.822131 0.478643
0.556000 0.821522 0.479318
0.557000 0.820913 0.479993
0.558000 0.820302 0.480666
0.559000 0.819691 0.481339
0.560000 0.819079 0.482011
0.561000 0.818466 0.482682
0.562000 0.817852 0.483353
0.563000 0.817237 0.484022
0.564000 0.816621 0.484691
0.565000 0.816004 0.485358
0.566000 0.815387 0.486025
0.567000 0.814768 0.486691
0.568000 0.814149 0.487357
0.569000 0.813528 0.488021
0.570000 0.812907 0.488685
0.571000 0.812285 0.489347
0.572000 0.811662 0.490009
0.573000 0.811039 0.490670
0.574000 0.810414 0.491330
0.575000 0.809788 0.491990
0.576000 0.809162 0.492648
0.577000 0.808535 0.493306
0.578000 0.807906 0.493963
0.579000 0.807277 0.494619
0.580000 0.806647 0.495274
0.581000 0.806017 0.495928
0.582000 0.805385 0.496581
0.583000 0.804752 0.497234
0.584000 0.804119 0.497886
0.585000 0.803485 0.498536
0.586000 0.802849 0.499186
0.587000 0.802213 0.499835
0.588000 0.801576 0.500484
0.589000 0.800939 0.501131
0.590000 0.800300 0.501778
0.591000 0.799660 0.502423
0.592000 0.799020 0.503068
0.593000 0.798379 0.503712
0.594000 0.797737 0.504355
0.595000 0.797094 0.504998
0.596000 0.796450 0.505639
0.597000 0.795805 0.506280
0.598000 0.795160 0.506919
0.599000 0.794513 0.507558
0.600000 0.793866 0.508196
0.601000 0.793218 0.508833
0.602000 0.792569 0.509469
0.603000 0.791919 0.510105
0.604000 0.791268 0.510739
0.605000 0.790617 0.511373
0.606000 0.789964 0.512005
0.607000 0.789311 0.512637
0.608000 0.788657 0.513268
0.609000 0.788002 0.513898
0.610000 0.787346 0.514528
0.611000 0.786689 0.515156
0.612000 0.786032 0.515784
0.613000 0.785373 0.516410
0.614000 0.784714 0.517036
0.615000 0.784054 0.517661
0.616000 0.783393 0.518285
0.617000 0.782731 0.518908
0.618000 0.782069 0.519530
0.619000 0.781405 0.520152
0.620000 0.780741 0.520772
0.621000 0.780076 0.521392
0.622000 0.779410 0.522011
0.623000 0.778743 0.522628
0.624000 0.778075 0.523245
0.625000 0.777407 0.523861
0.626000 0.776737 0.524477
0.627000 0.776067 0.525091
0.628000 0.775396 0.525704
0.629000 0.774724 0.526317
0.630000 0.774052 0.526929
0.631000 0.773378 0.527539
0.632000 0.772704 0.528149
0.633000 0.772029 0.528758
0.634000 0.771353 0.529367
0.635000 0.770676 0.529974
0.636000 0.769998 0.530580
0.637000 0.769320 0.531186
0.638000 0.768641 0.531790
0.639000 0.767961 0.532394
0.640000 0.767280 0.532997
0.641000 0.766598 0.533598
0.642000 0.765915 0.534199
0.643000 0.765232 0.534800
0.644000 0.764548 0.535399
0.645000 0.763863 0.535997
0.646000 0.763177 0.536594
0.647000 0.762490 0.537191
0.648000 0.761803 0.537787
0.649000 0.761114 0.538381
0.650000 0.760425 0.538975
0.651000 0.759735 0.539568
0.652000 0.759045 0.540160
0.653000 0.758353 0.540751
0.654000 0.757661 0.541341
0.655000 0.756968 0.541931
0.656000 0.756274 0.542519
0.657000 0.755579 0.543106
0.658000 0.754883 0.543693
0.659000 0.754187 0.544279
0.660000 0.753490 0.544863
0.661000 0.752792 0.545447
0.662000 0.752093 0.546030
0.663000 0.751393 0.546612
0.664000 0.750693 0.547193
0.665000 0.749992 0.547774
0.666000 0.749290 0.548353
0.667000 0.748587 0.548931
0.668000 0.747883 0.549509
0.669000 0.747179 0.550085
0.670000 0.746474 0.550661
0.671000 0.745768 0.551236
0.672000 0.745061 0.551810
0.673000 0.744353 0.552383
0.674000 0.743645 0.552955
0.675000 0.742936 0.553526
0.676000 0.742226 0.554096
0.677000 0.741515 0.554665
0.678000 0.740804 0.555233
0.679000 0.740091 0.555801
0.680000 0.739378 0.556367
0.681000 0.738664 0.556933
0.682000 0.737950 0.557497
0.683000 0.737234 0.558061
0.684000 0.736518 0.558624
0.685000 0.735801 0.559186
0.686000 0.735083 0.559747
0.687000 0.734365 0.560307
0.688000 0.733645 0.560866
0.689000 0.732925 0.561424
0.690000 0.732204 0.561981
0.691000 0.731483 0.562538
0.692000 0.730760 0.563093
0.693000 0.730037 0.563647
0.694000 0.729313 0.564201
0.695000 0.728588 0.564753
0.696000 0.727863 0.565305
0.697000 0.727136 0.565856
0.698000 0.726409 0.566406
0.699000 0.725681 0.566954
0.700000 0.724953 0.567502
0.701000 0.724223 0.568049
0.702000 0.723493 0.568595
0.703000 0.722762 0.569141
0.704000 0.722031 0.569685
0.705000 0.721298 0.570228
0.706000 0.720565 0.570770
0.707000 0.719831 0.571312
0.708000 0.719096 0.571852
0.709000 0.718361 0.572392
0.710000 0.717625 0.572930
0.711000 0.716888 0.573468
0.712000 0.716150 0.574004
0.713000 0.715412 0.574540
0.714000 0.714672 0.575075
0.715000 0.713932 0.575609
0.716000 0.713192 0.576142
0.717000 0.712450 0.576674
0.718000 0.711708 0.577205
0.719000 0.710965 0.577735
0.720000 0.710221 0.578264
0.721000 0.709477 0.578792
0.722000 0.708731 0.579319
0.723000 0.707985 0.579845
0.724000 0.707239 0.580371
0.725000 0.706491 0.580895
0.726000 0.705743 0.581418
0.727000 0.704994 0.581941
0.728000 0.704244 0.582462
0.729000 0.703494 0.582983
0.730000 0.702743 0.583503
0.731000 0.701991 0.584021
0.732000 0.701238 0.584539
0.733000 0.700485 0.585056
0.734000 0.699731 0.585571
0.735000 0.698976 0.586086
0.736000 0.698221 0.586600
0.737000 0.697464 0.587113
0.738000 0.696707 0.587625
0.739000 0.695950 0.588136
0.740000 0.695191 0.588646
0.741000 0.694432 0.589155
0.742000 0.693672 0.589663
0.743000 0.692911 0.590170
0.744000 0.692150 0.590676
0.745000 0.691388 0.591182
0.746000 0.690625 0.591686
0.747000 0.689862 0.592189
0.748000 0.689097 0.592692
0.749000 0.688332 0.593193
0.750000 0.687567 0.593693
0.751000 0.686800 0.594193
0.752000 0.686033 0.594691
0.753000 0.685265 0.595189
0.754000 0.684497 0.595685
0.755000 0.683727 0.596181
0.756000 0.682957 0.596675
0.757000 0.682187 0.597169
0.758000 0.681415 0.597662
0.759000 0.680643 0.598153
0.760000 0.679871 0.598644
0.761000 0.679097 0.599134
0.762000 0.678323 0.599622
0.763000 0.677548 0.600110
0.764000 0.676772 0.600597
0.765000 0.675996 0.601083
0.766000 0.675219 0.601568
0.767000 0.674441 0.602051
0.768000 0.673663 0.602534
0.769000 0.672884 0.603016
0.770000 0.672104 0.603497
0.771000 0.671323 0.603977
0.772000 0.670542 0.604456
0.773000 0.669760 0.604934
0.774000 0.668978 0.605411
0.775000 0.668194 0.605887
0.776000 0.667410 0.606362
0.777000 0.666626 0.606836
0.778000 0.665840 0.607309
0.779000 0.665054 0.607782
0.780000 0.664267 0.608253
0.781000 0.663480 0.608723
0.782000 0.662692 0.609192
0.783000 0.661903 0.609660
0.784000 0.661114 0.610127
0.785000 0.660324 0.610593
0.786000 0.659533 0.611059
0.787000 0.658741 0.611523
0.788000 0.657949 0.611986
0.789000 0.657156 0.612448
0.790000 0.656363 0.612909
0.791000 0.655568 0.613370
0.792000 0.654773 0.613829
0.793000 0.653978 0.614287
0.794000 0.653182 0.614745
0.795000 0.652385 0.615201
0.796000 0.651587 0.615656
0.797000 0.650789 0.616110
0.798000 0.649990 0.616564
0.799000 0.649190 0.617016
0.800000 0.648390 0.617467
0.801000 0.647589 0.617918
0.802000 0.646788 0.618367
0.803000 0.645985 0.618815
0.804000 0.645183 0.619262
0.805000 0.644379 0.619709
0.806000 0.643575 0.620154
0.807000 0.642770 0.620598
0.808000 0.641964 0.621042
0.809000 0.641158 0.621484
0.810000 0.640351 0.621925
0.811000 0.639544 0.622366
0.812000 0.638736 0.622805
0.813000 0.637927 0.623243
0.814000 0.637117 0.623680
0.815000 0.636307 0.624117
0.816000 0.635496 0.624552
0.817000 0.634685 0.624986
0.818000 0.633873 0.625419
0.819000 0.633060 0.625852
0.820000 0.632247 0.626283
0.821000 0.631433 0.626713
0.822000 0.630618 0.627142
0.823000 0.629803 0.627571
0.824000 0.628987 0.627998
0.825000 0.628170 0.628424
0.826000 0.627353 0.628849
0.827000 0.626535 0.629273
0.828000 0.625717 0.629696
0.829000 0.624898 0.630119
0.830000 0.624078 0.630540
0.831000 0.623258 0.630960
0.832000 0.622437 0.631379
0.833000 0.621615 0.631797
0.834000 0.620793 0.632214
0.835000 0.619970 0.632630
0.836000 0.619146 0.633045
0.837000 0.618322 0.633459
0.838000 0.617497 0.633872
0.839000 0.616672 0.634284
0.840000 0.615846 0.634695
0.841000 0.615019 0.635105
0.842000 0.614192 0.635514
0.843000 0.613364 0.635922
0.844000 0.612536 0.636329
0.845000 0.611706 0.636735
0.846000 0.610877 0.637139
0.847000 0.610046 0.637543
0.848000 0.609215 0.637946
0.849000 0.608384 0.638348
0.850000 0.607552 0.638748
0.851000 0.606719 0.639148
0.852000 0.605885 0.639547
0.853000 0.605051 0.639944
0.854000 0.604217 0.640341
0.855000 0.603381 0.640737
0.856000 0.602546 0.641131
0.857000 0.601709 0.641525
0.858000 0.600872 0.641917
0.859000 0.600034 0.642309
0.860000 0.599196 0.642699
0.861000 0.598357 0.643089
0.862000 0.597518 0.643477
0.863000 0.596678 0.643864
0.864000 0.595837 0.644251
0.865000 0.594996 0.644636
0.866000 0.594154 0.645020
0.867000 0.593311 0.645403
0.868000 0.592468 0.645786
0.869000 0.591625 0.646167
0.870000 0.590780 0.646547
0.871000 0.589936 0.646926
0.872000 0.589090 0.647304
0.873000 0.588244 0.647681
0.874000 0.587398 0.648057
0.875000 0.586550 0.648432
0.876000 0.585703 0.648806
0.877000 0.584854 0.649178
0.878000 0.584005 0.649550
0.879000 0.583156 0.649921
0.880000 0.582306 0.650291
0.881000 0.581455 0.650659
0.882000 0.580604 0.651027
0.883000 0.579752 0.651394
0.884000 0.578900 0.651759
0.885000 0.578047 0.652124
0.886000 0.577193 0.652487
0.887000 0.576339 0.652850
0.888000 0.575484 0.653211
0.889000 0.574629 0.653571
0.890000 0.573773 0.653930
0.891000 0.572917 0.654289
0.892000 0.572060 0.654646
0.893000 0.571202 0.655002
0.894000 0.570344 0.655357
0.895000 0.569486 0.655711
0.896000 0.568627 0.656064
0.897000 0.567767 0.656416
0.898000 0.566906 0.656767
0.899000 0.566046 0.657117
0.900000 0.565184 0.657466
0.901000 0.564322 0.657813
0.902000 0.563460 0.658160
0.903000 0.562596 0.658506
0.904000 0.561733 0.658850
0.905000 0.560869 0.659194
0.906000 0.560004 0.659536
0.907000 0.559138 0.659877
0.908000 0.558273 0.660218
0.909000 0.557406 0.660557
0.910000 0.556539 0.660895
0.911000 0.555672 0.661232
0.912000 0.554804 0.661569
0.913000 0.553935 0.661904
0.914000 0.553066 0.662238
0.915000 0.552196 0.662571
0.916000 0.551326 0.662902
0.917000 0.550455 0.663233
0.918000 0.549584 0.663563
0.919000 0.548712 0.663892
0.920000 0.547840 0.664219
0.921000 0.546967 0.664546
0.922000 0.546094 0.664871
0.923000 0.545220 0.665196
0.924000 0.544345 0.665519
0.925000 0.543470 0.665842
0.926000 0.542595 0.666163
0.927000 0.541718 0.666483
0.928000 0.540842 0.666802
0.929000 0.539965 0.667120
0.930000 0.539087 0.667437
0.931000 0.538209 0.667753
0.932000 0.537330 0.668068
0.933000 0.536451 0.668382
0.934000 0.535571 0.668694
0.935000 0.534691 0.669006
0.936000 0.533810 0.669317
0.937000 0.532929 0.669626
0.938000 0.532047 0.669935
0.939000 0.531165 0.670242
0.940000 0.530282 0.670548
0.941000 0.529399 0.670853
0.942000 0.528515 0.671158
0.943000 0.527631 0.671461
0.944000 0.526746 0.671763
0.945000 0.525860 0.672064
0.946000 0.524975 0.672363
0.947000 0.524088 0.672662
0.948000 0.523201 0.672960
0.949000 0.522314 0.673257
0.950000 0.521426 0.673552
0.951000 0.520538 0.673847
0.952000 0.519649 0.674140
0.953000 0.518760 0.674432
0.954000 0.517870 0.674724
0.955000 0.516979 0.675014
0.956000 0.516089 0.675303
0.957000 0.515197 0.675591
0.958000 0.514305 0.675878
0.959000 0.513413 0.676163
0.960000 0.512520 0.676448
0.961000 0.511627 0.676732
0.962000 0.510733 0.677015
0.963000 0.509839 0.677296
0.964000 0.508944 0.677576
0.965000 0.508049 0.677856
0.966000 0.507153 0.678134
0.967000 0.506257 0.678411
0.968000 0.505361 0.678687
0.969000 0.504463 0.678962
0.970000 0.503566 0.679236
0.971000 0.502668 0.679509
0.972000 0.501769 0.679781
0.973000 0.500870 0.680052
0.974000 0.499971 0.680321
0.975000 0.499071 0.680590
0.976000 0.498170 0.680857
0.977000 0.497269 0.681123
0.978000 0.496368 0.681388
0.979000 0.495466 0.681653
0.980000 0.494564 0.681916
0.981000 0.493661 0.682178
0.982000 0.492758 0.682438
0.983000 0.491854 0.682698
0.984000 0.490950 0.682957
0.985000 0.490045 0.683214
0.986000 0.489140 0.683471
0.987000 0.488235 0.683726
0.988000 0.487329 0.683981
0.989000 0.486422 0.684234
0.990000 0.485515 0.684486
0.991000 0.484608 0.684737
0.992000 0.483700 0.684987
0.993000 0.482792 0.685236
0.994000 0.481883 0.685483
0.995000 0.480974 0.685730
0.996000 0.480065 0.685976
0.997000 0.479155 0.686220
0.998000 0.478244 0.686463
0.999000 0.477333 0.686706
1.000000 0.476422 0.686947
1.001000 0.475510 0.687187
1.002000 0.474598 0.687426
1.003000 0.473685 0.687664
1.004000 0.472772 0.687900
1.005000 0.471859 0.688136
1.006000 0.470945 0.688371
1.007000 0.470030 0.688604
1.008000 0.469115 0.688836
1.009000 0.468200 0.689068
1.010000 0.467285 0.689298
1.011000 0.466368 0.689527
1.012000 0.465452 0.689755
1.013000 0.464535 0.689981
1.014000 0.463618 0.690207
1.015000 0.462700 0.690432
1.016000 0.461782 0.690655
1.017000 0.460863 0.690878
1.018000 0.459944 0.691099
1.019000 0.459024 0.691319
1.020000 0.458105 0.691538
1.021000 0.457184 0.691756
1.022000 0.456264 0.691973
1.023000 0.455342 0.692189
1.024000 0.454421 0.692403
1.025000 0.453499 0.692617
1.026000 0.452577 0.692829
1.027000 0.451654 0.693041
1.028000 0.450731 0.693251
1.029000 0.449807 0.693460
1.030000 0.448883 0.693668
1.031000 0.447959 0.693875
1.032000 0.447034 0.694081
1.033000 0.446109 0.694285
1.034000 0.445183 0.694489
1.035000 0.444257 0.694691
1.036000 0.443331 0.694893
1.037000 0.442404 0.695093
1.038000 0.441477 0.695292
1.039000 0.440549 0.695490
1.040000 0.439621 0.695687
1.041000 0.438693 0.695882
1.042000 0.437764 0.696077
1.043000 0.436835 0.696270
1.044000 0.435906 0.696463
1.045000 0.434976 0.696654
1.046000 0.434046 0.696844
1.047000 0.433115 0.697033
1.048000 0.432184 0.697221
1.049000 0.431253 0.697408
1.050000 0.430321 0.697594
1.051000 0.429389 0.697778
1.052000 0.428456 0.697962
1.053000 0.427523 0.698144
1.054000 0.426590 0.698325
1.055000 0.425656 0.698505
1.056000 0.424722 0.698684
1.057000 0.423788 0.698862
1.058000 0.422853 0.699039
1.059000 0.421918 0.699214
1.060000 0.420983 0.699389
1.061000 0.420047 0.699562
1.062000 0.419111 0.699734
1.063000 0.418174 0.699905
1.064000 0.417237 0.700075
1.065000 0.416300 0.700244
1.066000 0.415362 0.700412
1.067000 0.414424 0.700579
1.068000 0.413486 0.700744
1.069000 0.412547 0.700908
1.070000 0.411608 0.701072
1.071000 0.410669 0.701234
1.072000 0.409729 0.701395
1.073000 0.408789 0.701554
1.074000 0.407848 0.701713
1.075000 0.406907 0.701871
1.076000 0.405966 0.702027
1.077000 0.405025 0.702183
1.078000 0.404083 0.702337
1.079000 0.403141 0.702490
1.080000 0.402198 0.702642
1.081000 0.401255 0.702793
1.082000 0.400312 0.702942
1.083000 0.399369 0.703091
1.084000 0.398425 0.703238
1.085000 0.397481 0.703384
1.086000 0.396536 0.703530
1.087000 0.395591 0.703674
1.088000 0.394646 0.703816
1.089000 0.393701 0.703958
1.090000 0.392755 0.704099
1.091000 0.391809 0.704238
1.092000 0.390862 0.704377
1.093000 0.389915 0.704514
1.094000 0.388968 0.704650
1.095000 0.388021 0.704785
1.096000 0.387073 0.704919
1.097000 0.386125 0.705051
1.098000 0.385176 0.705183
1.099000 0.384228 0.705313
1.100000 0.383279 0.705443
1.101000 0.382329 0.705571
1.102000 0.381380 0.705698
1.103000 0.380430 0.705824
1.104000 0.379479 0.705948
1.105000 0.378529 0.706072
1.106000 0.377578 0.706194
1.107000 0.376627 0.706316
1.108000 0.375675 0.706436
1.109000 0.374723 0.706555
1.110000 0.373771 0.706673
1.111000 0.372819 0.706789
1.112000 0.371866 0.706905
1.113000 0.370913 0.707019
1.114000 0.369960 0.707133
1.115000 0.369006 0.707245
1.116000 0.368053 0.707356
1.117000 0.367098 0.707466
1.118000 0.366144 0.707575
1.119000 0.365189 0.707682
1.120000 0.364234 0.707789
1.121000 0.363279 0.707894
1.122000 0.362323 0.707998
1.123000 0.361367 0.708101
1.124000 0.360411 0.708203
1.125000 0.359455 0.708304
1.126000 0.358498 0.708403
1.127000 0.357541 0.708502
1.128000 0.356584 0.708599
1.129000 0.355626 0.708695
1.130000 0.354669 0.708790
1.131000 0.353710 0.708884
1.132000 0.352752 0.708977
1.133000 0.351793 0.709069
1.134000 0.350835 0.709159
1.135000 0.349875 0.709248
1.136000 0.348916 0.709336
1.137000 0.347956 0.709423
1.138000 0.346996 0.709509
1.139000 0.346036 0.709594
1.140000 0.345076 0.709677
1.141000 0.344115 0.709760
1.142000 0.343154 0.709841
1.143000 0.342193 0.709921
1.144000 0.341231 0.710000
1.145000 0.340269 0.710078
1.146000 0.339307 0.710155
1.147000 0.338345 0.710230
1.148000 0.337383 0.710304
1.149000 0.336420 0.710378
1.150000 0.335457 0.710450
1.151000 0.334494 0.710520
1.152000 0.333530 0.710590
1.153000 0.332567 0.710659
1.154000 0.331603 0.710726
1.155000 0.330638 0.710793
1.156000 0.329674 0.710858
1.157000 0.328709 0.710922
1.158000 0.327744 0.710984
1.159000 0.326779 0.711046
1.160000 0.325814 0.711107
1.161000 0.324848 0.711166
1.162000 0.323882 0.711224
1.163000 0.322916 0.711281
1.164000 0.321950 0.711337
1.165000 0.320983 0.711392
1.166000 0.320017 0.711445
1.167000 0.319050 0.711498
1.168000 0.318083 0.711549
1.169000 0.317115 0.711599
1.170000 0.316147 0.711648
1.171000 0.315180 0.711696
1.172000 0.314212 0.711743
1.173000 0.313243 0.711788
1.174000 0.312275 0.711832
1.175000 0.311306 0.711876
1.176000 0.310337 0.711918
1.177000 0.309368 0.711958
1.178000 0.308399 0.711998
1.179000 0.307429 0.712037
1.180000 0.306459 0.712074
1.181000 0.305490 0.712110
1.182000 0.304519 0.712145
1.183000 0.303549 0.712179
1.184000 0.302578 0.712212
1.185000 0.301608 0.712244
1.186000 0.300637 0.712274
1.187000 0.299666 0.712303
1.188000 0.298694 0.712331
1.189000 0.297723 0.712358
1.190000 0.296751 0.712384
1.191000 0.295779 0.712409
1.192000 0.294807 0.712432
1.193000 0.293835 0.712454
1.194000 0.292862 0.712476
1.195000 0.291890 0.712495
1.196000 0.290917 0.712514
1.197000 0.289944 0.712532
1.198000 0.288971 0.712548
1.199000 0.287997 0.712564
1.200000 0.287024 0.712578
1.201000 0.286050 0.712591
1.202000 0.285076 0.712603
1.203000 0.284102 0.712613
1.204000 0.283128 0.712623
1.205000 0.282154 0.712631
1.206000 0.281179 0.712638
1.207000 0.280204 0.712644
1.208000 0.279229 0.712649
1.209000 0.278254 0.712653
1.210000 0.277279 0.712655
1.211000 0.276304 0.712657
1.212000 0.275328 0.712657
1.213000 0.274353 0.712656
1.214000 0.273377 0.712654
1.215000 0.272401 0.712650
1.216000 0.271425 0.712646
1.217000 0.270448 0.712640
1.218000 0.269472 0.712633
1.219000 0.268495 0.712625
1.220000 0.267518 0.712616
1.221000 0.266541 0.712606
1.222000 0.265564 0.712594
1.223000 0.264587 0.712582
1.224000 0.263610 0.712568
1.225000 0.262632 0.712553
1.226000 0.261655 0.712537
1.227000 0.260677 0.712519
1.228000 0.259699 0.712501
1.229000 0.258721 0.712481
1.230000 0.257743 0.712460
1.231000 0.256765 0.712438
1.232000 0.255786 0.712415
1.233000 0.254808 0.712391
1.234000 0.253829 0.712365
1.235000 0.252850 0.712339
1.236000 0.251871 0.712311
1.237000 0.250892 0.712282
1.238000 0.249913 0.712252
1.239000 0.248934 0.712220
1.240000 0.247954 0.712188
1.241000 0.246975 0.712154
1.242000 0.245995 0.712119
1.243000 0.245015 0.712083
1.244000 0.244036 0.712046
1.245000 0.243056 0.712007
1.246000 0.242075 0.711968
1.247000 0.241095 0.711927
1.248000 0.240115 0.711885
1.249000 0.239135 0.711842
1.250000 0.238154 0.711798
1.251000 0.237173 0.711753
1.252000 0.236193 0.711706
1.253000 0.235212 0.711658
1.254000 0.234231 0.711609
1.255000 0.233250 0.711559
1.256000 0.232269 0.711508
1.257000 0.231288 0.711455
1.258000 0.230306 0.711402
1.259000 0.229325 0.711347
1.260000 0.228343 0.711291
1.261000 0.227362 0.711234
1.262000 0.226380 0.711176
1.263000 0.225398 0.711116
1.264000 0.224417 0.711055
1.265000 0.223435 0.710994
1.266000 0.222453 0.710931
1.267000 0.221471 0.710866
1.268000 0.220489 0.710801
1.269000 0.219506 0.710734
1.270000 0.218524 0.710667
1.271000 0.217542 0.710598
1.272000 0.216559 0.710528
1.273000 0.215577 0.710457
1.274000 0.214594 0.710384
1.275000 0.213612 0.710311
1.276000 0.212629 0.710236
1.277000 0.211646 0.710160
1.278000 0.210663 0.710083
1.279000 0.209680 0.710004
1.280000 0.208698 0.709925
1.281000 0.207715 0.709844
1.282000 0.206731 0.709763
1.283000 0.205748 0.709680
1.284000 0.204765 0.709595
1.285000 0.203782 0.709510
1.286000 0.202799 0.709424
1.287000 0.201815 0.709336
1.288000 0.200832 0.709247
1.289000 0.199849 0.709157
1.290000 0.198865 0.709066
1.291000 0.197882 0.708973
1.292000 0.196898 0.708880
1.293000 0.195915 0.708785
1.294000 0.194931 0.708689
1.295000 0.193947 0.708592
1.296000 0.192964 0.708494
1.297000 0.191980 0.708394
1.298000 0.190996 0.708294
1.299000 0.190012 0.708192
1.300000 0.189029 0.708089
1.301000 0.188045 0.707985
1.302000 0.187061 0.707879
1.303000 0.186077 0.707773
1.304000 0.185093 0.707665
1.305000 0.184109 0.707556
1.306000 0.183125 0.707446
1.307000 0.182141 0.707335
1.308000 0.181157 0.707223
1.309000 0.180173 0.707109
1.310000 0.179189 0.706994
1.311000 0.178205 0.706879
1.312000 0.177221 0.706761
1.313000 0.176237 0.706643
1.314000 0.175253 0.706524
1.315000 0.174269 0.706403
1.316000 0.173285 0.706281
1.317000 0.172301 0.706158
1.318000 0.171317 0.706034
1.319000 0.170333 0.705909
1.320000 0.169349 0.705782
1.321000 0.168365 0.705655
1.322000 0.167381 0.705526
1.323000 0.166397 0.705396
1.324000 0.165413 0.705264
1.325000 0.164428 0.705132
1.326000 0.163444 0.704998
1.327000 0.162460 0.704864
1.328000 0.161476 0.704728
1.329000 0.160493 0.704591
1.330000 0.159509 0.704452
1.331000 0.158525 0.704313
1.332000 0.157541 0.704172
1.333000 0.156557 0.704030
1.334000 0.155573 0.703887
1.335000 0.154589 0.703743
1.336000 0.153605 0.703598
1.337000 0.152621 0.703451
1.338000 0.151638 0.703304
1.339000 0.150654 0.703155
1.340000 0.149670 0.703005
1.341000 0.148687 0.702853
1.342000 0.147703 0.702701
1.343000 0.146719 0.702547
1.344000 0.145736 0.702393
1.345000 0.144752 0.702237
1.346000 0.143769 0.702079
1.347000 0.142786 0.701921
1.348000 0.141802 0.701762
1.349000 0.140819 0.701601
1.350000 0.139836 0.701439
1.351000 0.138852 0.701276
1.352000 0.137869 0.701112
1.353000 0.136886 0.700947
1.354000 0.135903 0.700780
1.355000 0.134920 0.700612
1.356000 0.133937 0.700443
1.357000 0.132954 0.700273
1.358000 0.131971 0.700102
1.359000 0.130989 0.699930
1.360000 0.130006 0.699756
1.361000 0.129023 0.699581
1.362000 0.128041 0.699405
1.363000 0.127058 0.699228
1.364000 0.126076 0.699050
1.365000 0.125093 0.698870
1.366000 0.124111 0.698690
1.367000 0.123129 0.698508
1.368000 0.122147 0.698325
1.369000 0.121165 0.698141
1.370000 0.120183 0.697955
1.371000 0.119201 0.697769
1.372000 0.118219 0.697581
1.373000 0.117237 0.697392
1.374000 0.116256 0.697202
1.375000 0.115274 0.697011
1.376000 0.114293 0.696818
1.377000 0.113311 0.696625
1.378000 0.112330 0.696430
1.379000 0.111349 0.696234
1.380000 0.110368 0.696037
1.381000 0.109387 0.695839
1.382000 0.108406 0.695639
1.383000 0.107425 0.695438
1.384000 0.106445 0.695237
1.385000 0.105464 0.695034
1.386000 0.104484 0.694829
1.387000 0.103503 0.694624
1.388000 0.102523 0.694417
1.389000 0.101543 0.694210
1.390000 0.100563 0.694001
1.391000 0.099583 0.693791
1.392000 0.098603 0.693580
1.393000 0.097624 0.693367
1.394000 0.096644 0.693154
1.395000 0.095665 0.692939
1.396000 0.094685 0.692723
1.397000 0.093706 0.692506
1.398000 0.092727 0.692288
1.399000 0.091748 0.692068
1.400000 0.090770 0.691848
1.401000 0.089791 0.691626
1.402000 0.088812 0.691403
1.403000 0.087834 0.691179
1.404000 0.086856 0.690953
1.405000 0.085878 0.690727
1.406000 0.084900 0.690499
1.407000 0.083922 0.690270
1.408000 0.082944 0.690040
1.409000 0.081967 0.689809
1.410000 0.080989 0.689577
1.411000 0.080012 0.689343
1.412000 0.079035 0.689109
1.413000 0.078058 0.688873
1.414000 0.077081 0.688636
1.415000 0.076104 0.688398
1.416000 0.075128 0.688158
1.417000 0.074152 0.687918
1.418000 0.073175 0.687676
1.419000 0.072199 0.687433
1.420000 0.071223 0.687189
1.421000 0.070248 0.686944
1.422000 0.069272 0.686697
1.423000 0.068297 0.686450
1.424000 0.067322 0.686201
1.425000 0.066347 0.685951
1.426000 0.065372 0.685700
1.427000 0.064397 0.685448
1.428000 0.063423 0.685195
1.429000 0.062448 0.684940
1.430000 0.061474 0.684684
1.431000 0.060500 0.684427
1.432000 0.059527 0.684169
1.433000 0.058553 0.683910
1.434000 0.057579 0.683650
1.435000 0.056606 0.683388
1.436000 0.055633 0.683125
1.437000 0.054660 0.682861
1.438000 0.053688 0.682596
1.439000 0.052715 0.682330
1.440000 0.051743 0.682063
1.441000 0.050771 0.681794
1.442000 0.049799 0.681524
1.443000 0.048827 0.681253
1.444000 0.047856 0.680981
1.445000 0.046885 0.680708
1.446000 0.045914 0.680434
1.447000 0.044943 0.680158
1.448000 0.043972 0.679881
1.449000 0.043002 0.679603
1.450000 0.042032 0.679324
1.451000 0.041062 0.679044
1.452000 0.040092 0.678763
1.453000 0.039122 0.678480
1.454000 0.038153 0.678197
1.455000 0.037184 0.677912
1.456000 0.036215 0.677626
1.457000 0.035246 0.677338
1.458000 0.034278 0.677050
1.459000 0.033309 0.676760
1.460000 0.032341 0.676470
1.461000 0.031374 0.676178
1.462000 0.030406 0.675885
1.463000 0.029439 0.675591
1.464000 0.028472 0.675295
1.465000 0.027505 0.674999
1.466000 0.026538 0.674701
1.467000 0.025572 0.674402
1.468000 0.024606 0.674103
1.469000 0.023640 0.673801
1.470000 0.022674 0.673499
1.471000 0.021709 0.673196
1.472000 0.020744 0.672891
1.473000 0.019779 0.672585
1.474000 0.018814 0.672278
1.475000 0.017850 0.671970
1.476000 0.016886 0.671661
1.477000 0.015922 0.671351
1.478000 0.014958 0.671039
1.479000 0.013995 0.670726
1.480000 0.013032 0.670413
1.481000 0.012069 0.670098
1.482000 0.011107 0.669781
1.483000 0.010144 0.669464
1.484000 0.009182 0.669146
1.485000 0.008221 0.668826
1.486000 0.007259 0.668505
1.487000 0.006298 0.668183
1.488000 0.005337 0.667860
1.489000 0.004377 0.667536
1.490000 0.003416 0.667210
1.491000 0.002456 0.666884
1.492000 0.001496 0.666556
1.493000 0.000537 0.666227
1.494000 -0.000422 0.665897
1.495000 -0.001381 0.665566
1.496000 -0.002340 0.665234
1.497000 -0.003298 0.664900
1.498000 -0.004256 0.664566
1.499000 -0.005214 0.664230
1.500000 -0.006171 0.663893
1.501000 -0.007129 0.663555
1.502000 -0.008085 0.663216
1.503000 -0.009042 0.662876
1.504000 -0.009998 0.662534
1.505000 -0.010954 0.662191
1.506000 -0.011910 0.661848
1.507000 -0.012865 0.661503
1.508000 -0.013820 0.661157
1.509000 -0.014775 0.660809
1.510000 -0.015729 0.660461
1.511000 -0.016683 0.660111
1.512000 -0.017637 0.659761
1.513000 -0.018590 0.659409
1.514000 -0.019544 0.659056
1.515000 -0.020496 0.658702
1.516000 -0.021449 0.658347
1.517000 -0.022401 0.657990
1.518000 -0.023353 0.657633
1.519000 -0.024304 0.657274
1.520000 -0.025255 0.656914
1.521000 -0.026206 0.656553
1.522000 -0.027157 0.656191
1.523000 -0.028107 0.655828
1.524000 -0.029057 0.655464
1.525000 -0.030006 0.655098
1.526000 -0.030955 0.654732
1.527000 -0.031904 0.654364
1.528000 -0.032852 0.653995
1.529000 -0.033800 0.653625
1.530000 -0.034748 0.653254
1.531000 -0.035696 0.652881
1.532000 -0.036643 0.652508
1.533000 -0.037589 0.652133
1.534000 -0.038536 0.651757
1.535000 -0.039482 0.651381
1.536000 -0.040427 0.651003
1.537000 -0.041372 0.650623
1.538000 -0.042317 0.650243
1.539000 -0.043262 0.649862
1.540000 -0.044206 0.649479
1.541000 -0.045150 0.649095
1.542000 -0.046093 0.648711
1.543000 -0.047036 0.648325
1.544000 -0.047979 0.647938
1.545000 -0.048921 0.647549
1.546000 -0.049863 0.647160
1.547000 -0.050805 0.646770
1.548000 -0.051746 0.646378
1.549000 -0.052687 0.645985
1.550000 -0.053627 0.645591
1.551000 -0.054567 0.645197
1.552000 -0.055507 0.644800
1.553000 -0.056446 0.644403
1.554000 -0.057385 0.644005
1.555000 -0.058323 0.643605
1.556000 -0.059261 0.643205
1.557000 -0.060199 0.642803
1.558000 -0.061136 0.642400
1.559000 -0.062073 0.641996
1.560000 -0.063009 0.641591
1.561000 -0.063945 0.641185
1.562000 -0.064881 0.640778
1.563000 -0.065816 0.640369
1.564000 -0.066751 0.639959
1.565000 -0.067686 0.639549
1.566000 -0.068620 0.639137
1.567000 -0.069553 0.638724
1.568000 -0.070486 0.638310
1.569000 -0.071419 0.637895
1.570000 -0.072351 0.637478
1.571000 -0.073283 0.637061
1.572000 -0.074215 0.636643
1.573000 -0.075146 0.636223
1.574000 -0.076077 0.635802
1.575000 -0.077007 0.635380
1.576000 -0.077937 0.634957
1.577000 -0.078866 0.634533
1.578000 -0.079795 0.634108
1.579000 -0.080723 0.633682
1.580000 -0.081652 0.633254
1.581000 -0.082579 0.632826
1.582000 -0.083506 0.632396
1.583000 -0.084433 0.631965
1.584000 -0.085359 0.631533
1.585000 -0.086285 0.631100
1.586000 -0.087211 0.630666
1.587000 -0.088136 0.630231
1.588000 -0.089060 0.629795
1.589000 -0.089984 0.629357
1.590000 -0.090908 0.628919
1.591000 -0.091831 0.628479
1.592000 -0.092754 0.628038
1.593000 -0.093676 0.627597
1.594000 -0.094598 0.627154
1.595000 -0.095519 0.626710
1.596000 -0.096440 0.626264
1.597000 -0.097360 0.625818
1.598000 -0.098280 0.625371
1.599000 -0.099199 0.624922
1.600000 -0.100118 0.624473
1.601000 -0.101037 0.624022
1.602000 -0.101955 0.623570
1.603000 -0.102872 0.623118
1.604000 -0.103790 0.622664
1.605000 -0.104706 0.622209
1.606000 -0.105622 0.621752
1.607000 -0.106538 0.621295
1.608000 -0.107453 0.620837
1.609000 -0.108368 0.620377
1.610000 -0.109282 0.619917
1.611000 -0.110195 0.619455
1.612000 -0.111109 0.618993
1.613000 -0.112021 0.618529
1.614000 -0.112933 0.618064
1.615000 -0.113845 0.617598
1.616000 -0.114756 0.617131
1.617000 -0.115667 0.616663
1.618000 -0.116577 0.616193
1.619000 -0.117487 0.615723
1.620000 -0.118396 0.615252
1.621000 -0.119305 0.614779
1.622000 -0.120213 0.614306
1.623000 -0.121120 0.613831
1.624000 -0.122027 0.613355
1.625000 -0.122934 0.612878
1.626000 -0.123840 0.612400
1.627000 -0.124746 0.611921
1.628000 -0.125651 0.611441
1.629000 -0.126555 0.610960
1.630000 -0.127459 0.610478
1.631000 -0.128363 0.609995
1.632000 -0.129266 0.609510
1.633000 -0.130168 0.609025
1.634000 -0.131070 0.608538
1.635000 -0.131971 0.608051
1.636000 -0.132872 0.607562
1.637000 -0.133772 0.607072
1.638000 -0.134672 0.606581
1.639000 -0.135571 0.606089
1.640000 -0.136470 0.605596
1.641000 -0.137368 0.605102
1.642000 -0.138265 0.604607
1.643000 -0.139162 0.604111
1.644000 -0.140059 0.603614
1.645000 -0.140955 0.603115
1.646000 -0.141850 0.602616
1.647000 -0.142745 0.602115
1.648000 -0.143639 0.601614
1.649000 -0.144533 0.601111
1.650000 -0.145426 0.600608
1.651000 -0.146319 0.600103
1.652000 -0.147211 0.599597
1.653000 -0.148102 0.599090
1.654000 -0.148993 0.598582
1.655000 -0.149883 0.598073
1.656000 -0.150773 0.597563
1.657000 -0.151662 0.597052
1.658000 -0.152551 0.596540
1.659000 -0.153439 0.596027
1.660000 -0.154326 0.595512
1.661000 -0.155213 0.594997
1.662000 -0.156099 0.594481
1.663000 -0.156985 0.593963
1.664000 -0.157870 0.593445
1.665000 -0.158754 0.592925
1.666000 -0.159638 0.592405
1.667000 -0.160522 0.591883
1.668000 -0.161404 0.591360
1.669000 -0.162286 0.590837
1.670000 -0.163168 0.590312
1.671000 -0.164049 0.589786
1.672000 -0.164929 0.589259
1.673000 -0.165809 0.588731
1.674000 -0.166688 0.588202
1.675000 -0.167567 0.587672
1.676000 -0.168445 0.587141
1.677000 -0.169322 0.586609
1.678000 -0.170199 0.586076
1.679000 -0.171075 0.585542
1.680000 -0.171950 0.585006
1.681000 -0.172825 0.584470
1.682000 -0.173699 0.583933
1.683000 -0.174573 0.583394
1.684000 -0.175446 0.582855
1.685000 -0.176319 0.582315
1.686000 -0.177190 0.581773
1.687000 -0.178061 0.581231
1.688000 -0.178932 0.580687
1.689000 -0.179802 0.580143
1.690000 -0.180671 0.579597
1.691000 -0.181540 0.579051
1.692000 -0.182408 0.578503
1.693000 -0.183275 0.577954
1.694000 -0.184142 0.577405
1.695000 -0.185008 0.576854
1.696000 -0.185873 0.576302
1.697000 -0.186738 0.575749
1.698000 -0.187602 0.575196
1.699000 -0.188466 0.574641
1.700000 -0.189329 0.574085
1.701000 -0.190191 0.573528
1.702000 -0.191052 0.572970
1.703000 -0.191913 0.572411
1.704000 -0.192774 0.571851
1.705000 -0.193633 0.571291
1.706000 -0.194492 0.570729
1.707000 -0.195350 0.570166
1.708000 -0.196208 0.569602
1.709000 -0.197065 0.569037
1.710000 -0.197921 0.568471
1.711000 -0.198777 0.567904
1.712000 -0.199632 0.567336
1.713000 -0.200486 0.566767
1.714000 -0.201339 0.566197
1.715000 -0.202192 0.565626
1.716000 -0.203045 0.565054
1.717000 -0.203896 0.564481
1.718000 -0.204747 0.563907
1.719000 -0.205597 0.563332
1.720000 -0.206447 0.562755
1.721000 -0.207296 0.562178
1.722000 -0.208144 0.561600
1.723000 -0.208991 0.561021
1.724000 -0.209838 0.560441
1.725000 -0.210684 0.559860
1.726000 -0.211529 0.559278
1.727000 -0.212374 0.558695
1.728000 -0.213218 0.558111
1.729000 -0.214061 0.557526
1.730000 -0.214904 0.556940
1.731000 -0.215746 0.556353
1.732000 -0.216587 0.555765
1.733000 -0.217428 0.555176
1.734000 -0.218267 0.554586
1.735000 -0.219106 0.553995
1.736000 -0.219945 0.553403
1.737000 -0.220782 0.552810
1.738000 -0.221619 0.552217
1.739000 -0.222455 0.551622
1.740000 -0.223291 0.551026
1.741000 -0.224126 0.550429
1.742000 -0.224960 0.549831
1.743000 -0.225793 0.549232
1.744000 -0.226626 0.548633
1.745000 -0.227457 0.548032
1.746000 -0.228289 0.547430
1.747000 -0.229119 0.546827
1.748000 -0.229949 0.546224
1.749000 -0.230778 0.545619
1.750000 -0.231606 0.545013
1.751000 -0.232433 0.544407
1.752000 -0.233260 0.543799
1.753000 -0.234086 0.543191
1.754000 -0.234911 0.542581
1.755000 -0.235736 0.541971
1.756000 -0.236560 0.541360
1.757000 -0.237383 0.540747
1.758000 -0.238205 0.540134
1.759000 -0.239026 0.539520
1.760000 -0.239847 0.538904
1.761000 -0.240667 0.538288
1.762000 -0.241486 0.537671
1.763000 -0.242305 0.537053
1.764000 -0.243122 0.536434
1.765000 -0.243939 0.535814
1.766000 -0.244756 0.535193
1.767000 -0.245571 0.534571
1.768000 -0.246386 0.533948
1.769000 -0.247200 0.533324
1.770000 -0.248013 0.532699
1.771000 -0.248825 0.532074
1.772000 -0.249637 0.531447
1.773000 -0.250448 0.530819
1.774000 -0.251258 0.530191
1.775000 -0.252067 0.529561
1.776000 -0.252875 0.528931
1.777000 -0.253683 0.528300
1.778000 -0.254490 0.527667
1.779000 -0.255296 0.527034
1.780000 -0.256101 0.526400
1.781000 -0.256906 0.525765
1.782000 -0.257710 0.525129
1.783000 -0.258513 0.524492
1.784000 -0.259315 0.523854
1.785000 -0.260116 0.523215
1.786000 -0.260917 0.522575
1.787000 -0.261717 0.521935
1.788000 -0.262516 0.521293
1.789000 -0.263314 0.520651
1.790000 -0.264111 0.520007
1.791000 -0.264908 0.519363
1.792000 -0.265704 0.518718
1.793000 -0.266499 0.518071
1.794000 -0.267293 0.517424
1.795000 -0.268086 0.516776
1.796000 -0.268879 0.516127
1.797000 -0.269670 0.515477
1.798000 -0.270461 0.514827
1.799000 -0.271251 0.514175
1.800000 -0.272040 0.513522
1.801000 -0.272829 0.512869
1.802000 -0.273617 0.512214
1.803000 -0.274403 0.511559
1.804000 -0.275189 0.510903
1.805000 -0.275974 0.510246
1.806000 -0.276759 0.509588
1.807000 -0.277542 0.508929
1.808000 -0.278325 0.508269
1.809000 -0.279107 0.507608
1.810000 -0.279888 0.506946
1.811000 -0.280668 0.506284
1.812000 -0.281447 0.505621
1.813000 -0.282225 0.504956
1.814000 -0.283003 0.504291
1.815000 -0.283780 0.503625
1.816000 -0.284556 0.502958
1.817000 -0.285331 0.502290
1.818000 -0.286105 0.501621
1.819000 -0.286878 0.500952
1.820000 -0.287651 0.500281
1.821000 -0.288422 0.499610
1.822000 -0.289193 0.498937
1.823000 -0.289963 0.498264
1.824000 -0.290732 0.497590
1.825000 -0.291501 0.496915
1.826000 -0.292268 0.496239
1.827000 -0.293034 0.495563
1.828000 -0.293800 0.494885
1.829000 -0.294565 0.494207
1.830000 -0.295329 0.493528
1.831000 -0.296092 0.492847
1.832000 -0.296854 0.492166
1.833000 -0.297615 0.491484
1.834000 -0.298375 0.490802
1.835000 -0.299135 0.490118
1.836000 -0.299894 0.489434
1.837000 -0.300651 0.488748
1.838000 -0.301408 0.488062
1.839000 -0.302164 0.487375
1.840000 -0.302919 0.486687
1.841000 -0.303674 0.485998
1.842000 -0.304427 0.485309
1.843000 -0.305179 0.484618
1.844000 -0.305931 0.483927
1.845000 -0.306682 0.483235
1.846000 -0.307431 0.482542
1.847000 -0.308180 0.481848
1.848000 -0.308928 0.481153
1.849000 -0.309675 0.480458
1.850000 -0.310421 0.479761
1.851000 -0.311167 0.479064
1.852000 -0.311911 0.478366
1.853000 -0.312654 0.477667
1.854000 -0.313397 0.476967
1.855000 -0.314139 0.476267
1.856000 -0.314879 0.475565
1.857000 -0.315619 0.474863
1.858000 -0.316358 0.474160
1.859000 -0.317096 0.473456
1.860000 -0.317833 0.472751
1.861000 -0.318569 0.472046
1.862000 -0.319304 0.471339
1.863000 -0.320039 0.470632
1.864000 -0.320772 0.469924
1.865000 -0.321505 0.469215
1.866000 -0.322236 0.468505
1.867000 -0.322967 0.467795
1.868000 -0.323696 0.467084
1.869000 -0.324425 0.466372
1.870000 -0.325153 0.465659
1.871000 -0.325880 0.464945
1.872000 -0.326606 0.464230
1.873000 -0.327331 0.463515
1.874000 -0.328055 0.462799
1.875000 -0.328778 0.462082
1.876000 -0.329500 0.461364
1.877000 -0.330221 0.460645
1.878000 -0.330942 0.459926
1.879000 -0.331661 0.459206
1.880000 -0.332380 0.458485
1.881000 -0.333097 0.457763
1.882000 -0.333813 0.457041
1.883000 -0.334529 0.456317
1.884000 -0.335244 0.455593
1.885000 -0.335957 0.454868
1.886000 -0.336670 0.454142
1.887000 -0.337382 0.453416
1.888000 -0.338092 0.452689
1.889000 -0.338802 0.451961
1.890000 -0.339511 0.451232
1.891000 -0.340219 0.450502
1.892000 -0.340926 0.449772
1.893000 -0.341632 0.449041
1.894000 -0.342337 0.448309
1.895000 -0.343041 0.447576
1.896000 -0.343744 0.446842
1.897000 -0.344446 0.446108
1.898000 -0.345147 0.445373
1.899000 -0.345847 0.444637
1.900000 -0.346546 0.443901
1.901000 -0.347245 0.443163
1.902000 -0.347942 0.442425
1.903000 -0.348638 0.441686
1.904000 -0.349333 0.440947
1.905000 -0.350027 0.440206
1.906000 -0.350721 0.439465
1.907000 -0.351413 0.438723
1.908000 -0.352104 0.437981
1.909000 -0.352794 0.437237
1.910000 -0.353484 0.436493
1.911000 -0.354172 0.435748
1.912000 -0.354859 0.435002
1.913000 -0.355546 0.434256
1.914000 -0.356231 0.433509
1.915000 -0.356915 0.432761
1.916000 -0.357599 0.432012
1.917000 -0.358281 0.431263
1.918000 -0.358962 0.430513
1.919000 -0.359642 0.429762
1.920000 -0.360322 0.429011
1.921000 -0.361000 0.428258
1.922000 -0.361677 0.427505
1.923000 -0.362354 0.426751
1.924000 -0.363029 0.425997
1.925000 -0.363703 0.425242
1.926000 -0.364376 0.424486
1.927000 -0.365048 0.423729
1.928000 -0.365720 0.422972
1.929000 -0.366390 0.422214
1.930000 -0.367059 0.421455
1.931000 -0.367727 0.420695
1.932000 -0.368394 0.419935
1.933000 -0.369060 0.419174
1.934000 -0.369725 0.418413
1.935000 -0.370389 0.417650
1.936000 -0.371052 0.416887
1.937000 -0.371714 0.416123
1.938000 -0.372375 0.415359
1.939000 -0.373035 0.414594
1.940000 -0.373694 0.413828
1.941000 -0.374352 0.413061
1.942000 -0.375009 0.412294
1.943000 -0.375664 0.411526
1.944000 -0.376319 0.410757
1.945000 -0.376973 0.409988
1.946000 -0.377626 0.409218
1.947000 -0.378277 0.408447
1.948000 -0.378928 0.407676
1.949000 -0.379577 0.406904
1.950000 -0.380226 0.406131
1.951000 -0.380873 0.405358
1.952000 -0.381519 0.404583
1.953000 -0.382165 0.403809
1.954000 -0.382809 0.403033
1.955000 -0.383452 0.402257
1.956000 -0.384094 0.401480
1.957000 -0.384735 0.400703
1.958000 -0.385375 0.399924
1.959000 -0.386014 0.399146
1.960000 -0.386652 0.398366
1.961000 -0.387289 0.397586
1.962000 -0.387925 0.396805
1.963000 -0.388560 0.396024
1.964000 -0.389193 0.395242
1.965000 -0.389826 0.394459
1.966000 -0.390457 0.393675
1.967000 -0.391088 0.392891
1.968000 -0.391717 0.392106
1.969000 -0.392346 0.391321
1.970000 -0.392973 0.390535
1.971000 -0.393599 0.389748
1.972000 -0.394224 0.388961
1.973000 -0.394848 0.388173
1.974000 -0.395471 0.387384
1.975000 -0.396093 0.386595
1.976000 -0.396714 0.385805
1.977000 -0.397333 0.385015
1.978000 -0.397952 0.384223
1.979000 -0.398570 0.383432
1.980000 -0.399186 0.382639
1.981000 -0.399801 0.381846
1.982000 -0.400416 0.381052
1.983000 -0.401029 0.380258
1.984000 -0.401641 0.379463
1.985000 -0.402252 0.378668
1.986000 -0.402862 0.377872
1.987000 -0.403470 0.377075
1.988000 -0.404078 0.376277
1.989000 -0.404685 0.375479
1.990000 -0.405290 0.374681
1.991000 -0.405895 0.373882
1.992000 -0.406498 0.373082
1.993000 -0.407100 0.372281
1.994000 -0.407701 0.371480
1.995000 -0.408301 0.370679
1.996000 -0.408900 0.369876
1.997000 -0.409498 0.369074
1.998000 -0.410095 0.368270
1.999000 -0.410690 0.367466
2.000000 -0.411285 0.366661
2.001000 -0.411878 0.365856
2.002000 -0.412470 0.365050
2.003000 -0.413061 0.364244
2.004000 -0.413651 0.363437
2.005000 -0.414240 0.362630
2.006000 -0.414828 0.361821
2.007000 -0.415415 0.361013
2.008000 -0.416000 0.360203
2.009000 -0.416585 0.359394
2.010000 -0.417168 0.358583
2.011000 -0.417750 0.357772
2.012000 -0.418331 0.356961
2.013000 -0.418911 0.356148
2.014000 -0.419490 0.355336
2.015000 -0.420068 0.354522
2.016000 -0.420644 0.353709
2.017000 -0.421220 0.352894
2.018000 -0.421794 0.352079
2.019000 -0.422367 0.351264
2.020000 -0.422939 0.350448
2.021000 -0.423510 0.349631
2.022000 -0.424080 0.348814
2.023000 -0.424648 0.347996
2.024000 -0.425216 0.347178
2.025000 -0.425782 0.346359
2.026000 -0.426347 0.345540
2.027000 -0.426911 0.344720
2.028000 -0.427474 0.343899
2.029000 -0.428036 0.343078
2.030000 -0.428597 0.342257
2.031000 -0.429156 0.341435
2.032000 -0.429715 0.340612
2.033000 -0.430272 0.339789
2.034000 -0.430828 0.338965
2.035000 -0.431383 0.338141
2.036000 -0.431936 0.337317
2.037000 -0.432489 0.336491
2.038000 -0.433040 0.335666
2.039000 -0.433591 0.334839
2.040000 -0.434140 0.334013
2.041000 -0.434688 0.333185
2.042000 -0.435235 0.332358
2.043000 -0.435780 0.331529
2.044000 -0.436325 0.330701
2.045000 -0.436868 0.329871
2.046000 -0.437410 0.329041
2.047000 -0.437951 0.328211
2.048000 -0.438491 0.327380
2.049000 -0.439030 0.326549
2.050000 -0.439568 0.325717
2.051000 -0.440104 0.324885
2.052000 -0.440639 0.324052
2.053000 -0.441173 0.323219
2.054000 -0.441706 0.322385
2.055000 -0.442238 0.321551
2.056000 -0.442768 0.320716
2.057000 -0.443298 0.319881
2.058000 -0.443826 0.319045
2.059000 -0.444353 0.318209
2.060000 -0.444879 0.317372
2.061000 -0.445403 0.316535
2.062000 -0.445927 0.315697
2.063000 -0.446449 0.314859
2.064000 -0.446970 0.314021
2.065000 -0.447490 0.313182
2.066000 -0.448009 0.312342
2.067000 -0.448527 0.311502
2.068000 -0.449043 0.310662
2.069000 -0.449558 0.309821
2.070000 -0.450072 0.308980
2.071000 -0.450585 0.308138
2.072000 -0.451097 0.307296
2.073000 -0.451607 0.306453
2.074000 -0.452117 0.305610
2.075000 -0.452625 0.304766
2.076000 -0.453132 0.303922
2.077000 -0.453637 0.303078
2.078000 -0.454142 0.302233
2.079000 -0.454645 0.301388
2.080000 -0.455147 0.300542
2.081000 -0.455648 0.299696
2.082000 -0.456148 0.298849
2.083000 -0.456647 0.298002
2.084000 -0.457144 0.297154
2.085000 -0.457640 0.296306
2.086000 -0.458135 0.295458
2.087000 -0.458629 0.294609
2.088000 -0.459122 0.293760
2.089000 -0.459613 0.292910
2.090000 -0.460103 0.292060
2.091000 -0.460592 0.291210
2.092000 -0.461080 0.290359
2.093000 -0.461566 0.289508
2.094000 -0.462052 0.288656
2.095000 -0.462536 0.287804
2.096000 -0.463019 0.286951
2.097000 -0.463501 0.286098
2.098000 -0.463981 0.285245
2.099000 -0.464461 0.284391
2.100000 -0.464939 0.283537
2.101000 -0.465416 0.282683
2.102000 -0.465891 0.281828
2.103000 -0.466366 0.280973
2.104000 -0.466839 0.280117
2.105000 -0.467311 0.279261
2.106000 -0.467782 0.278404
2.107000 -0.468252 0.277548
2.108000 -0.468720 0.276690
2.109000 -0.469187 0.275833
2.110000 -0.469653 0.274975
2.111000 -0.470118 0.274117
2.112000 -0.470582 0.273258
2.113000 -0.471044 0.272399
2.114000 -0.471505 0.271539
2.115000 -0.471965 0.270680
2.116000 -0.472423 0.269819
2.117000 -0.472881 0.268959
2.118000 -0.473337 0.268098
2.119000 -0.473792 0.267237
2.120000 -0.474246 0.266375
2.121000 -0.474698 0.265513
2.122000 -0.475150 0.264651
2.123000 -0.475600 0.263788
2.124000 -0.476049 0.262925
2.125000 -0.476496 0.262062
2.126000 -0.476943 0.261198
2.127000 -0.477388 0.260334
2.128000 -0.477832 0.259470
2.129000 -0.478275 0.258605
2.130000 -0.478716 0.257740
2.131000 -0.479156 0.256875
2.132000 -0.479595 0.256009
2.133000 -0.480033 0.255143
2.134000 -0.480470 0.254276
2.135000 -0.480905 0.253410
2.136000 -0.481339 0.252543
2.137000 -0.481772 0.251675
2.138000 -0.482203 0.250808
2.139000 -0.482634 0.249940
2.140000 -0.483063 0.249071
2.141000 -0.483491 0.248203
2.142000 -0.483917 0.247334
2.143000 -0.484343 0.246465
2.144000 -0.484767 0.245595
2.145000 -0.485190 0.244725
2.146000 -0.485611 0.243855
2.147000 -0.486032 0.242985
2.148000 -0.486451 0.242114
2.149000 -0.486869 0.241243
2.150000 -0.487286 0.240372
2.151000 -0.487701 0.239500
2.152000 -0.488115 0.238628
2.153000 -0.488528 0.237756
2.154000 -0.488940 0.236884
2.155000 -0.489350 0.236011
2.156000 -0.489760 0.235138
2.157000 -0.490168 0.234264
2.158000 -0.490574 0.233391
2.159000 -0.490980 0.232517
2.160000 -0.491384 0.231643
2.161000 -0.491787 0.230768
2.162000 -0.492189 0.229894
2.163000 -0.492589 0.229019
2.164000 -0.492988 0.228144
2.165000 -0.493386 0.227268
2.166000 -0.493783 0.226392
2.167000 -0.494178 0.225516
2.168000 -0.494573 0.224640
2.169000 -0.494965 0.223764
2.170000 -0.495357 0.222887
2.171000 -0.495748 0.222010
2.172000 -0.496137 0.221133
2.173000 -0.496525 0.220255
2.174000 -0.496911 0.219377
2.175000 -0.497297 0.218500
2.176000 -0.497681 0.217621
2.177000 -0.498064 0.216743
2.178000 -0.498445 0.215864
2.179000 -0.498825 0.214985
2.180000 -0.499205 0.214106
2.181000 -0.499582 0.213227
2.182000 -0.499959 0.212347
2.183000 -0.500334 0.211467
2.184000 -0.500708 0.210587
2.185000 -0.501081 0.209707
2.186000 -0.501452 0.208826
2.187000 -0.501823 0.207946
2.188000 -0.502192 0.207065
2.189000 -0.502559 0.206184
2.190000 -0.502926 0.205302
2.191000 -0.503291 0.204421
2.192000 -0.503655 0.203539
2.193000 -0.504017 0.202657
2.194000 -0.504379 0.201775
2.195000 -0.504739 0.200892
2.196000 -0.505098 0.200010
2.197000 -0.505455 0.199127
2.198000 -0.505811 0.198244
2.199000 -0.506166 0.197361
2.200000 -0.506520 0.196478
2.201000 -0.506873 0.195594
2.202000 -0.507224 0.194710
2.203000 -0.507574 0.193827
2.204000 -0.507922 0.192942
2.205000 -0.508270 0.192058
2.206000 -0.508616 0.191174
2.207000 -0.508961 0.190289
2.208000 -0.509304 0.189404
2.209000 -0.509647 0.188519
2.210000 -0.509988 0.187634
2.211000 -0.510327 0.186749
2.212000 -0.510666 0.185864
2.213000 -0.511003 0.184978
2.214000 -0.511339 0.184092
2.215000 -0.511673 0.183206
2.216000 -0.512007 0.182320
2.217000 -0.512339 0.181434
2.218000 -0.512670 0.180548
2.219000 -0.512999 0.179661
2.220000 -0.513327 0.178774
2.221000 -0.513654 0.177888
2.222000 -0.513980 0.177001
2.223000 -0.514304 0.176114
2.224000 -0.514628 0.175226
2.225000 -0.514949 0.174339
2.226000 -0.515270 0.173451
2.227000 -0.515589 0.172564
2.228000 -0.515907 0.171676
2.229000 -0.516224 0.170788
2.230000 -0.516539 0.169900
2.231000 -0.516853 0.169012
2.232000 -0.517166 0.168124
2.233000 -0.517478 0.167235
2.234000 -0.517788 0.166347
2.235000 -0.518097 0.165458
2.236000 -0.518405 0.164569
2.237000 -0.518711 0.163680
2.238000 -0.519017 0.162791
2.239000 -0.519320 0.161902
2.240000 -0.519623 0.161013
2.241000 -0.519924 0.160124
2.242000 -0.520224 0.159234
2.243000 -0.520523 0.158345
2.244000 -0.520821 0.157455
2.245000 -0.521117 0.156566
2.246000 -0.521412 0.155676
2.247000 -0.521705 0.154786
2.248000 -0.521998 0.153896
2.249000 -0.522289 0.153006
2.250000 -0.522578 0.152116
2.251000 -0.522867 0.151226
2.252000 -0.523154 0.150336
2.253000 -0.523440 0.149445
2.254000 -0.523725 0.148555
2.255000 -0.524008 0.147664
2.256000 -0.524290 0.146774
2.257000 -0.524571 0.145883
2.258000 -0.524850 0.144992
2.259000 -0.525128 0.144101
2.260000 -0.525405 0.143211
2.261000 -0.525681 0.142320
2.262000 -0.525955 0.141429
2.263000 -0.526228 0.140538
2.264000 -0.526500 0.139647
2.265000 -0.526770 0.138755
2.266000 -0.527039 0.137864
2.267000 -0.527307 0.136973
2.268000 -0.527574 0.136082
2.269000 -0.527839 0.135190
2.270000 -0.528103 0.134299
2.271000 -0.528365 0.133408
2.272000 -0.528627 0.132516
2.273000 -0.528887 0.131625
2.274000 -0.529146 0.130733
2.275000 -0.529403 0.129842
2.276000 -0.529660 0.128950
2.277000 -0.529914 0.128058
2.278000 -0.530168 0.127167
2.279000 -0.530420 0.126275
2.280000 -0.530672 0.125383
2.281000 -0.530921 0.124492
2.282000 -0.531170 0.123600
2.283000 -0.531417 0.122708
2.284000 -0.531663 0.121817
2.285000 -0.531907 0.120925
2.286000 -0.532151 0.120033
2.287000 -0.532393 0.119141
2.288000 -0.532633 0.118249
2.289000 -0.532873 0.117358
2.290000 -0.533111 0.116466
2.291000 -0.533348 0.115574
2.292000 -0.533583 0.114682
2.293000 -0.533818 0.113791
2.294000 -0.534051 0.112899
2.295000 -0.534282 0.112007
2.296000 -0.534513 0.111115
2.297000 -0.534742 0.110223
2.298000 -0.534970 0.109332
2.299000 -0.535196 0.108440
2.300000 -0.535421 0.107548
2.301000 -0.535645 0.106657
2.302000 -0.535868 0.105765
2.303000 -0.536089 0.104873
2.304000 -0.536309 0.103982
2.305000 -0.536528 0.103090
2.306000 -0.536745 0.102199
2.307000 -0.536962 0.101307
2.308000 -0.537177 0.100416
2.309000 -0.537390 0.099524
2.310000 -0.537602 0.098633
2.311000 -0.537813 0.097742
2.312000 -0.538023 0.096850
2.313000 -0.538231 0.095959
2.314000 -0.538439 0.095068
2.315000 -0.538644 0.094177
2.316000 -0.538849 0.093286
2.317000 -0.539052 0.092395
2.318000 -0.539254 0.091504
2.319000 -0.539455 0.090613
2.320000 -0.539654 0.089722
2.321000 -0.539852 0.088831
2.322000 -0.540049 0.087940
2.323000 -0.540244 0.087050
2.324000 -0.540439 0.086159
2.325000 -0.540631 0.085268
2.326000 -0.540823 0.084378
2.327000 -0.541013 0.083488
2.328000 -0.541202 0.082597
2.329000 -0.541390 0.081707
2.330000 -0.541577 0.080817
2.331000 -0.541762 0.079927
2.332000 -0.541946 0.079037
2.333000 -0.542128 0.078147
2.334000 -0.542309 0.077257
2.335000 -0.542489 0.076367
2.336000 -0.542668 0.075478
2.337000 -0.542845 0.074588
2.338000 -0.543021 0.073699
2.339000 -0.543196 0.072809
2.340000 -0.543370 0.071920
2.341000 -0.543542 0.071031
2.342000 -0.543713 0.070142
2.343000 -0.543883 0.069253
2.344000 -0.544051 0.068364
2.345000 -0.544218 0.067475
2.346000 -0.544384 0.066587
2.347000 -0.544548 0.065698
2.348000 -0.544711 0.064810
2.349000 -0.544873 0.063922
2.350000 -0.545034 0.063034
2.351000 -0.545193 0.062146
2.352000 -0.545351 0.061258
2.353000 -0.545508 0.060370
2.354000 -0.545664 0.059482
2.355000 -0.545818 0.058595
2.356000 -0.545971 0.057708
2.357000 -0.546122 0.056820
2.358000 -0.546272 0.055933
2.359000 -0.546421 0.055046
2.360000 -0.546569 0.054159
2.361000 -0.546716 0.053273
2.362000 -0.546861 0.052386
2.363000 -0.547005 0.051500
2.364000 -0.547147 0.050614
2.365000 -0.547288 0.049728
2.366000 -0.547428 0.048842
2.367000 -0.547567 0.047956
2.368000 -0.547705 0.047070
2.369000 -0.547841 0.046185
2.370000 -0.547976 0.045300
2.371000 -0.548109 0.044414
2.372000 -0.548241 0.043529
2.373000 -0.548372 0.042645
2.374000 -0.548502 0.041760
2.375000 -0.548630 0.040876
2.376000 -0.548758 0.039991
2.377000 -0.548883 0.039107
2.378000 -0.549008 0.038223
2.379000 -0.549131 0.037339
2.380000 -0.549253 0.036456
2.381000 -0.549374 0.035573
2.382000 -0.549493 0.034689
2.383000 -0.549612 0.033806
2.384000 -0.549728 0.032923
2.385000 -0.549844 0.032041
2.386000 -0.549958 0.031158
2.387000 -0.550071 0.030276
2.388000 -0.550183 0.029394
2.389000 -0.550294 0.028512
2.390000 -0.550403 0.027630
2.391000 -0.550511 0.026749
2.392000 -0.550617 0.025868
2.393000 -0.550723 0.024987
2.394000 -0.550827 0.024106
2.395000 -0.550929 0.023225
2.396000 -0.551031 0.022345
2.397000 -0.551131 0.021465
2.398000 -0.551230 0.020585
2.399000 -0.551328 0.019705
2.400000 -0.551424 0.018825
2.401000 -0.551519 0.017946
2.402000 -0.551613 0.017067
2.403000 -0.551706 0.016188
2.404000 -0.551797 0.015309
2.405000 -0.551887 0.014431
2.406000 -0.551976 0.013553
2.407000 -0.552063 0.012675
2.408000 -0.552149 0.011797
2.409000 -0.552234 0.010919
2.410000 -0.552318 0.010042
2.411000 -0.552400 0.009165
2.412000 -0.552481 0.008288
2.413000 -0.552561 0.007412
2.414000 -0.552639 0.006536
2.415000 -0.552717 0.005659
2.416000 -0.552793 0.004784
2.417000 -0.552867 0.003908
2.418000 -0.552941 0.003033
2.419000 -0.553013 0.002158
2.420000 -0.553084 0.001283
2.421000 -0.553153 0.000409
2.422000 -0.553222 -0.000466
2.423000 -0.553289 -0.001340
2.424000 -0.553355 -0.002213
2.425000 -0.553419 -0.003087
2.426000 -0.553482 -0.003960
2.427000 -0.553544 -0.004833
2.428000 -0.553605 -0.005706
2.429000 -0.553664 -0.006578
2.430000 -0.553723 -0.007450
2.431000 -0.553780 -0.008322
2.432000 -0.553835 -0.009193
2.433000 -0.553890 -0.010065
2.434000 -0.553943 -0.010936
2.435000 -0.553995 -0.011806
2.436000 -0.554045 -0.012677
2.437000 -0.554095 -0.013547
2.438000 -0.554143 -0.014417
2.439000 -0.554189 -0.015286
2.440000 -0.554235 -0.016155
2.441000 -0.554279 -0.017024
2.442000 -0.554322 -0.017893
2.443000 -0.554364 -0.018761
2.444000 -0.554404 -0.019629
2.445000 -0.554444 -0.020497
2.446000 -0.554482 -0.021364
2.447000 -0.554518 -0.022232
2.448000 -0.554554 -0.023098
2.449000 -0.554588 -0.023965
2.450000 -0.554621 -0.024831
2.451000 -0.554653 -0.025697
2.452000 -0.554683 -0.026562
2.453000 -0.554712 -0.027428
2.454000 -0.554740 -0.028292
2.455000 -0.554767 -0.029157
2.456000 -0.554792 -0.030021
2.457000 -0.554816 -0.030885
2.458000 -0.554839 -0.031749
2.459000 -0.554861 -0.032612
2.460000 -0.554881 -0.033475
2.461000 -0.554900 -0.034338
2.462000 -0.554918 -0.035200
2.463000 -0.554935 -0.036062
2.464000 -0.554950 -0.036923
2.465000 -0.554964 -0.037785
2.466000 -0.554977 -0.038645
2.467000 -0.554988 -0.039506
2.468000 -0.554999 -0.040366
2.469000 -0.555008 -0.041226
2.470000 -0.555016 -0.042086
2.471000 -0.555022 -0.042945
2.472000 -0.555028 -0.043804
2.473000 -0.555032 -0.044662
2.474000 -0.555035 -0.045520
2.475000 -0.555036 -0.046378
2.476000 -0.555037 -0.047235
2.477000 -0.555036 -0.048092
2.478000 -0.555034 -0.048949
2.479000 -0.555030 -0.049805
2.480000 -0.555026 -0.050661
2.481000 -0.555020 -0.051516
2.482000 -0.555013 -0.052372
2.483000 -0.555004 -0.053226
2.484000 -0.554995 -0.054081
2.485000 -0.554984 -0.054935
2.486000 -0.554972 -0.055789
2.487000 -0.554959 -0.056642
2.488000 -0.554944 -0.057495
2.489000 -0.554928 -0.058347
2.490000 -0.554911 -0.059199
2.491000 -0.554893 -0.060051
2.492000 -0.554873 -0.060902
2.493000 -0.554853 -0.061753
2.494000 -0.554831 -0.062604
2.495000 -0.554808 -0.063454
2.496000 -0.554783 -0.064304
2.497000 -0.554757 -0.065153
2.498000 -0.554731 -0.066002
2.499000 -0.554702 -0.066851
2.500000 -0.554673 -0.067699
2.501000 -0.554642 -0.068547
2.502000 -0.554611 -0.069394
2.503000 -0.554577 -0.070241
2.504000 -0.554543 -0.071087
2.505000 -0.554508 -0.071933
2.506000 -0.554471 -0.072779
2.507000 -0.554433 -0.073624
2.508000 -0.554394 -0.074469
2.509000 -0.554353 -0.075314
2.510000 -0.554312 -0.076158
2.511000 -0.554269 -0.077001
2.512000 -0.554225 -0.077845
2.513000 -0.554179 -0.078687
2.514000 -0.554133 -0.079530
2.515000 -0.554085 -0.080371
2.516000 -0.554036 -0.081213
2.517000 -0.553986 -0.082054
2.518000 -0.553934 -0.082895
2.519000 -0.553882 -0.083735
2.520000 -0.553828 -0.084574
2.521000 -0.553773 -0.085414
2.522000 -0.553716 -0.086252
2.523000 -0.553659 -0.087091
2.524000 -0.553600 -0.087929
2.525000 -0.553540 -0.088766
2.526000 -0.553479 -0.089603
2.527000 -0.553416 -0.090440
2.528000 -0.553353 -0.091276
2.529000 -0.553288 -0.092112
2.530000 -0.553222 -0.092947
2.531000 -0.553155 -0.093782
2.532000 -0.553086 -0.094616
2.533000 -0.553016 -0.095450
2.534000 -0.552945 -0.096283
2.535000 -0.552873 -0.097116
2.536000 -0.552800 -0.097949
2.537000 -0.552726 -0.098781
2.538000 -0.552650 -0.099612
2.539000 -0.552573 -0.100443
2.540000 -0.552495 -0.101274
2.541000 -0.552415 -0.102104
2.542000 -0.552335 -0.102933
2.543000 -0.552253 -0.103763
2.544000 -0.552170 -0.104591
2.545000 -0.552086 -0.105419
2.546000 -0.552000 -0.106247
2.547000 -0.551914 -0.107074
2.548000 -0.551826 -0.107901
2.549000 -0.551737 -0.108727
2.550000 -0.551647 -0.109553
2.551000 -0.551556 -0.110378
2.552000 -0.551463 -0.111203
2.553000 -0.551369 -0.112027
2.554000 -0.551274 -0.112851
2.555000 -0.551178 -0.113674
2.556000 -0.551081 -0.114497
2.557000 -0.550982 -0.115320
2.558000 -0.550882 -0.116141
2.559000 -0.550782 -0.116963
2.560000 -0.550679 -0.117783
2.561000 -0.550576 -0.118604
2.562000 -0.550472 -0.119423
2.563000 -0.550366 -0.120243
2.564000 -0.550259 -0.121061
2.565000 -0.550151 -0.121880
2.566000 -0.550042 -0.122697
2.567000 -0.549931 -0.123514
2.568000 -0.549819 -0.124331
2.569000 -0.549707 -0.125147
2.570000 -0.549593 -0.125963
2.571000 -0.549477 -0.126778
2.572000 -0.549361 -0.127592
2.573000 -0.549243 -0.128407
2.574000 -0.549125 -0.129220
2.575000 -0.549005 -0.130033
2.576000 -0.548884 -0.130845
2.577000 -0.548761 -0.131657
2.578000 -0.548638 -0.132469
2.579000 -0.548513 -0.133280
2.580000 -0.548387 -0.134090
2.581000 -0.548260 -0.134900
2.582000 -0.548132 -0.135709
2.583000 -0.548003 -0.136518
2.584000 -0.547872 -0.137326
2.585000 -0.547741 -0.138133
2.586000 -0.547608 -0.138940
2.587000 -0.547474 -0.139747
2.588000 -0.547339 -0.140553
2.589000 -0.547202 -0.141358
2.590000 -0.547065 -0.142163
2.591000 -0.546926 -0.142967
2.592000 -0.546786 -0.143771
2.593000 -0.546645 -0.144574
2.594000 -0.546503 -0.145377
2.595000 -0.546359 -0.146179
2.596000 -0.546215 -0.146980
2.597000 -0.546069 -0.147781
2.598000 -0.545922 -0.148582
2.599000 -0.545774 -0.149381
2.600000 -0.545625 -0.150181
2.601000 -0.545475 -0.150979
2.602000 -0.545323 -0.151777
2.603000 -0.545171 -0.152575
2.604000 -0.545017 -0.153372
2.605000 -0.544862 -0.154168
2.606000 -0.544706 -0.154964
2.607000 -0.544548 -0.155759
2.608000 -0.544390 -0.156554
2.609000 -0.544230 -0.157348
2.610000 -0.544069 -0.158141
2.611000 -0.543908 -0.158934
2.612000 -0.543744 -0.159726
2.613000 -0.543580 -0.160518
2.614000 -0.543415 -0.161309
2.615000 -0.543248 -0.162099
2.616000 -0.543081 -0.162889
2.617000 -0.542912 -0.163678
2.618000 -0.542742 -0.164467
2.619000 -0.542571 -0.165255
2.620000 -0.542399 -0.166043
2.621000 -0.542225 -0.166830
2.622000 -0.542051 -0.167616
2.623000 -0.541875 -0.168402
2.624000 -0.541698 -0.169187
2.625000 -0.541520 -0.169971
2.626000 -0.541341 -0.170755
2.627000 -0.541161 -0.171538
2.628000 -0.540980 -0.172321
2.629000 -0.540797 -0.173103
2.630000 -0.540613 -0.173884
2.631000 -0.540429 -0.174665
2.632000 -0.540243 -0.175445
2.633000 -0.540056 -0.176225
2.634000 -0.539868 -0.177004
2.635000 -0.539678 -0.177782
2.636000 -0.539488 -0.178560
2.637000 -0.539296 -0.179337
2.638000 -0.539104 -0.180113
2.639000 -0.538910 -0.180889
2.640000 -0.538715 -0.181664
2.641000 -0.538519 -0.182439
2.642000 -0.538322 -0.183212
2.643000 -0.538123 -0.183986
2.644000 -0.537924 -0.184758
2.645000 -0.537723 -0.185530
2.646000 -0.537521 -0.186302
2.647000 -0.537319 -0.187072
2.648000 -0.537115 -0.187842
2.649000 -0.536910 -0.188612
2.650000 -0.536704 -0.189381
2.651000 -0.536496 -0.190149
2.652000 -0.536288 -0.190916
2.653000 -0.536078 -0.191683
2.654000 -0.535868 -0.192449
2.655000 -0.535656 -0.193215
2.656000 -0.535443 -0.193980
2.657000 -0.535229 -0.194744
2.658000 -0.535014 -0.195507
2.659000 -0.534798 -0.196270
2.660000 -0.534581 -0.197033
2.661000 -0.534362 -0.197794
2.662000 -0.534143 -0.198555
2.663000 -0.533922 -0.199315
2.664000 -0.533700 -0.200075
2.665000 -0.533478 -0.200834
2.666000 -0.533254 -0.201592
2.667000 -0.533029 -0.202350
2.668000 -0.532803 -0.203107
2.669000 -0.532575 -0.203863
2.670000 -0.532347 -0.204619
2.671000 -0.532118 -0.205373
2.672000 -0.531887 -0.206128
2.673000 -0.531655 -0.206881
2.674000 -0.531423 -0.207634
2.675000 -0.531189 -0.208386
2.676000 -0.530954 -0.209138
2.677000 -0.530718 -0.209889
2.678000 -0.530481 -0.210639
2.679000 -0.530243 -0.211388
2.680000 -0.530004 -0.212137
2.681000 -0.529763 -0.212885
2.682000 -0.529522 -0.213632
2.683000 -0.529279 -0.214379
2.684000 -0.529036 -0.215125
2.685000 -0.528791 -0.215870
2.686000 -0.528545 -0.216615
2.687000 -0.528298 -0.217359
2.688000 -0.528050 -0.218102
2.689000 -0.527801 -0.218845
2.690000 -0.527551 -0.219586
2.691000 -0.527300 -0.220328
2.692000 -0.527048 -0.221068
2.693000 -0.526794 -0.221808
2.694000 -0.526540 -0.222547
2.695000 -0.526285 -0.223285
2.696000 -0.526028 -0.224022
2.697000 -0.525770 -0.224759
2.698000 -0.525512 -0.225495
2.699000 -0.525252 -0.226231
2.700000 -0.524991 -0.226966
2.701000 -0.524729 -0.227700
2.702000 -0.524466 -0.228433
2.703000 -0.524202 -0.229166
2.704000 -0.523937 -0.229897
2.705000 -0.523671 -0.230628
2.706000 -0.523404 -0.231359
2.707000 -0.523135 -0.232089
2.708000 -0.522866 -0.232818
2.709000 -0.522595 -0.233546
2.710000 -0.522324 -0.234273
2.711000 -0.522051 -0.235000
2.712000 -0.521778 -0.235726
2.713000 -0.521503 -0.236451
2.714000 -0.521227 -0.237176
2.715000 -0.520951 -0.237900
2.716000 -0.520673 -0.238623
2.717000 -0.520394 -0.239345
2.718000 -0.520114 -0.240067
2.719000 -0.519833 -0.240788
2.720000 -0.519551 -0.241508
2.721000 -0.519268 -0.242227
2.722000 -0.518984 -0.242946
2.723000 -0.518699 -0.243664
2.724000 -0.518412 -0.244381
2.725000 -0.518125 -0.245097
2.726000 -0.517837 -0.245813
2.727000 -0.517547 -0.246528
2.728000 -0.517257 -0.247242
2.729000 -0.516966 -0.247956
2.730000 -0.516673 -0.248668
2.731000 -0.516380 -0.249380
2.732000 -0.516085 -0.250091
2.733000 -0.515789 -0.250802
2.734000 -0.515493 -0.251511
2.735000 -0.515195 -0.252220
2.736000 -0.514897 -0.252928
2.737000 -0.514597 -0.253636
2.738000 -0.514296 -0.254342
2.739000 -0.513994 -0.255048
2.740000 -0.513691 -0.255753
2.741000 -0.513388 -0.256457
2.742000 -0.513083 -0.257161
2.743000 -0.512777 -0.257863
2.744000 -0.512470 -0.258565
2.745000 -0.512162 -0.259267
2.746000 -0.511853 -0.259967
2.747000 -0.511543 -0.260667
2.748000 -0.511232 -0.261365
2.749000 -0.510920 -0.262064
2.750000 -0.510607 -0.262761
2.751000 -0.510293 -0.263457
2.752000 -0.509978 -0.264153
2.753000 -0.509662 -0.264848
2.754000 -0.509345 -0.265542
2.755000 -0.509026 -0.266236
2.756000 -0.508707 -0.266928
2.757000 -0.508387 -0.267620
2.758000 -0.508066 -0.268311
2.759000 -0.507744 -0.269001
2.760000 -0.507421 -0.269691
2.761000 -0.507097 -0.270379
2.762000 -0.506771 -0.271067
2.763000 -0.506445 -0.271754
2.764000 -0.506118 -0.272440
2.765000 -0.505790 -0.273126
2.766000 -0.505461 -0.273811
2.767000 -0.505130 -0.274494
2.768000 -0.504799 -0.275177
2.769000 -0.504467 -0.275860
2.770000 -0.504134 -0.276541
2.771000 -0.503800 -0.277222
2.772000 -0.503464 -0.277902
2.773000 -0.503128 -0.278581
2.774000 -0.502791 -0.279259
2.775000 -0.502453 -0.279936
2.776000 -0.502114 -0.280613
2.777000 -0.501774 -0.281289
2.778000 -0.501433 -0.281964
2.779000 -0.501090 -0.282638
2.780000 -0.500747 -0.283311
2.781000 -0.500403 -0.283984
2.782000 -0.500058 -0.284655
2.783000 -0.499712 -0.285326
2.784000 -0.499365 -0.285996
2.785000 -0.499017 -0.286665
2.786000 -0.498668 -0.287334
2.787000 -0.498318 -0.288001
2.788000 -0.497967 -0.288668
2.789000 -0.497615 -0.289334
2.790000 -0.497262 -0.289999
2.791000 -0.496909 -0.290664
2.792000 -0.496554 -0.291327
2.793000 -0.496198 -0.291990
2.794000 -0.495841 -0.292651
2.795000 -0.495483 -0.293312
2.796000 -0.495125 -0.293972
2.797000 -0.494765 -0.294632
2.798000 -0.494404 -0.295290
2.799000 -0.494043 -0.295948
2.800000 -0.493680 -0.296605
2.801000 -0.493316 -0.297260
2.802000 -0.492952 -0.297916
2.803000 -0.492587 -0.298570
2.804000 -0.492220 -0.299223
2.805000 -0.491853 -0.299876
2.806000 -0.491484 -0.300527
2.807000 -0.491115 -0.301178
2.808000 -0.490745 -0.301828
2.809000 -0.490374 -0.302477
2.810000 -0.490001 -0.303126
2.811000 -0.489628 -0.303773
2.812000 -0.489254 -0.304420
2.813000 -0.488879 -0.305066
2.814000 -0.488503 -0.305710
2.815000 -0.488126 -0.306354
2.816000 -0.487749 -0.306998
2.817000 -0.487370 -0.307640
2.818000 -0.486990 -0.308281
2.819000 -0.486609 -0.308922
2.820000 -0.486228 -0.309562
2.821000 -0.485845 -0.310201
2.822000 -0.485462 -0.310839
2.823000 -0.485077 -0.311476
2.824000 -0.484692 -0.312112
2.825000 -0.484306 -0.312747
2.826000 -0.483918 -0.313382
2.827000 -0.483530 -0.314016
2.828000 -0.483141 -0.314648
2.829000 -0.482751 -0.315280
2.830000 -0.482360 -0.315911
2.831000 -0.481968 -0.316542
2.832000 -0.481575 -0.317171
2.833000 -0.481182 -0.317799
2.834000 -0.480787 -0.318427
2.835000 -0.480391 -0.319054
2.836000 -0.479995 -0.319679
2.837000 -0.479597 -0.320304
2.838000 -0.479199 -0.320928
2.839000 -0.478800 -0.321551
2.840000 -0.478399 -0.322174
2.841000 -0.477998 -0.322795
2.842000 -0.477596 -0.323416
2.843000 -0.477193 -0.324035
2.844000 -0.476790 -0.324654
2.845000 -0.476385 -0.325272
2.846000 -0.475979 -0.325889
2.847000 -0.475573 -0.326505
2.848000 -0.475165 -0.327120
2.849000 -0.474757 -0.327734
2.850000 -0.474347 -0.328348
2.851000 -0.473937 -0.328960
2.852000 -0.473526 -0.329572
2.853000 -0.473114 -0.330182
2.854000 -0.472701 -0.330792
2.855000 -0.472287 -0.331401
2.856000 -0.471872 -0.332009
2.857000 -0.471457 -0.332616
2.858000 -0.471040 -0.333222
2.859000 -0.470623 -0.333827
2.860000 -0.470205 -0.334432
2.861000 -0.469785 -0.335035
2.862000 -0.469365 -0.335638
2.863000 -0.468944 -0.336240
2.864000 -0.468523 -0.336840
2.865000 -0.468100 -0.337440
2.866000 -0.467676 -0.338039
2.867000 -0.467252 -0.338637
2.868000 -0.466826 -0.339234
2.869000 -0.466400 -0.339830
2.870000 -0.465973 -0.340426
2.871000 -0.465545 -0.341020
2.872000 -0.465116 -0.341613
2.873000 -0.464686 -0.342206
2.874000 -0.464255 -0.342798
2.875000 -0.463824 -0.343388
2.876000 -0.463391 -0.343978
2.877000 -0.462958 -0.344567
2.878000 -0.462524 -0.345155
2.879000 -0.462089 -0.345742
2.880000 -0.461653 -0.346328
2.881000 -0.461216 -0.346913
2.882000 -0.460778 -0.347497
2.883000 -0.460340 -0.348080
2.884000 -0.459900 -0.348663
2.885000 -0.459460 -0.349244
2.886000 -0.459019 -0.349825
2.887000 -0.458577 -0.350404
2.888000 -0.458134 -0.350983
2.889000 -0.457690 -0.351561
2.890000 -0.457246 -0.352137
2.891000 -0.456800 -0.352713
2.892000 -0.456354 -0.353288
2.893000 -0.455907 -0.353862
2.894000 -0.455459 -0.354435
2.895000 -0.455010 -0.355007
2.896000 -0.454560 -0.355578
2.897000 -0.454110 -0.356148
2.898000 -0.453658 -0.356718
2.899000 -0.453206 -0.357286
2.900000 -0.452753 -0.357853
2.901000 -0.452299 -0.358420
2.902000 -0.451844 -0.358985
2.903000 -0.451389 -0.359550
2.904000 -0.450932 -0.360113
2.905000 -0.450475 -0.360676
2.906000 -0.450017 -0.361238
2.907000 -0.449558 -0.361798
2.908000 -0.449098 -0.362358
2.909000 -0.448637 -0.362917
2.910000 -0.448176 -0.363475
2.911000 -0.447714 -0.364032
2.912000 -0.447250 -0.364588
2.913000 -0.446786 -0.365143
2.914000 -0.446322 -0.365697
2.915000 -0.445856 -0.366250
2.916000 -0.445390 -0.366802
2.917000 -0.444922 -0.367353
2.918000 -0.444454 -0.367903
2.919000 -0.443985 -0.368453
2.920000 -0.443515 -0.369001
2.921000 -0.443045 -0.369548
2.922000 -0.442574 -0.370095
2.923000 -0.442101 -0.370640
2.924000 -0.441628 -0.371184
2.925000 -0.441155 -0.371728
2.926000 -0.440680 -0.372270
2.927000 -0.440204 -0.372812
2.928000 -0.439728 -0.373352
2.929000 -0.439251 -0.373892
2.930000 -0.438773 -0.374431
2.931000 -0.438294 -0.374968
2.932000 -0.437815 -0.375505
2.933000 -0.437335 -0.376040
2.934000 -0.436854 -0.376575
2.935000 -0.436372 -0.377109
2.936000 -0.435889 -0.377642
2.937000 -0.435405 -0.378173
2.938000 -0.434921 -0.378704
2.939000 -0.434436 -0.379234
2.940000 -0.433950 -0.379763
2.941000 -0.433463 -0.380291
2.942000 -0.432976 -0.380818
2.943000 -0.432488 -0.381344
2.944000 -0.431999 -0.381868
2.945000 -0.431509 -0.382392
2.946000 -0.431018 -0.382915
2.947000 -0.430527 -0.383437
2.948000 -0.430034 -0.383958
2.949000 -0.429541 -0.384478
2.950000 -0.429048 -0.384997
2.951000 -0.428553 -0.385515
2.952000 -0.428058 -0.386032
2.953000 -0.427561 -0.386548
2.954000 -0.427065 -0.387063
2.955000 -0.426567 -0.387577
2.956000 -0.426068 -0.388090
2.957000 -0.425569 -0.388602
2.958000 -0.425069 -0.389113
2.959000 -0.424568 -0.389623
2.960000 -0.424067 -0.390132
2.961000 -0.423564 -0.390640
2.962000 -0.423061 -0.391147
2.963000 -0.422558 -0.391653
2.964000 -0.422053 -0.392158
2.965000 -0.421547 -0.392662
2.966000 -0.421041 -0.393165
2.967000 -0.420534 -0.393668
2.968000 -0.420027 -0.394169
2.969000 -0.419518 -0.394669
2.970000 -0.419009 -0.395168
2.971000 -0.418499 -0.395666
2.972000 -0.417988 -0.396163
2.973000 -0.417477 -0.396659
2.974000 -0.416965 -0.397154
2.975000 -0.416452 -0.397648
2.976000 -0.415938 -0.398140
2.977000 -0.415424 -0.398632
2.978000 -0.414908 -0.399123
2.979000 -0.414392 -0.399613
2.980000 -0.413876 -0.400102
2.981000 -0.413358 -0.400590
2.982000 -0.412840 -0.401077
2.983000 -0.412321 -0.401563
2.984000 -0.411802 -0.402048
2.985000 -0.411281 -0.402531
2.986000 -0.410760 -0.403014
2.987000 -0.410238 -0.403496
2.988000 -0.409716 -0.403977
2.989000 -0.409192 -0.404456
2.990000 -0.408668 -0.404935
2.991000 -0.408143 -0.405413
2.992000 -0.407618 -0.405890
2.993000 -0.407091 -0.406365
2.994000 -0.406564 -0.406840
2.995000 -0.406037 -0.407313
2.996000 -0.405508 -0.407786
2.997000 -0.404979 -0.408257
2.998000 -0.404449 -0.408728
2.999000 -0.403919 -0.409197
3.000000 -0.403387 -0.409666
3.001000 -0.402855 -0.410133
3.002000 -0.402323 -0.410600
3.003000 -0.401789 -0.411065
3.004000 -0.401255 -0.411529
3.005000 -0.400720 -0.411993
3.006000 -0.400184 -0.412455
3.007000 -0.399648 -0.412916
3.008000 -0.399111 -0.413376
3.009000 -0.398573 -0.413835
3.010000 -0.398035 -0.414294
3.011000 -0.397496 -0.414751
3.012000 -0.396956 -0.415207
3.013000 -0.396415 -0.415662
3.014000 -0.395874 -0.416116
3.015000 -0.395332 -0.416568
3.016000 -0.394789 -0.417020
3.017000 -0.394246 -0.417471
3.018000 -0.393702 -0.417921
3.019000 -0.393157 -0.418370
3.020000 -0.392612 -0.418817
3.021000 -0.392066 -0.419264
3.022000 -0.391519 -0.419709
3.023000 -0.390971 -0.420154
3.024000 -0.390423 -0.420597
3.025000 -0.389874 -0.421040
3.026000 -0.389325 -0.421481
3.027000 -0.388775 -0.421922
3.028000 -0.388224 -0.422361
3.029000 -0.387672 -0.422799
3.030000 -0.387120 -0.423236
3.031000 -0.386567 -0.423673
3.032000 -0.386013 -0.424108
3.033000 -0.385459 -0.424542
3.034000 -0.384904 -0.424975
3.035000 -0.384348 -0.425406
3.036000 -0.383792 -0.425837
3.037000 -0.383235 -0.426267
3.038000 -0.382677 -0.426696
3.039000 -0.382119 -0.427124
3.040000 -0.381560 -0.427550
3.041000 -0.381000 -0.427976
3.042000 -0.380440 -0.428400
3.043000 -0.379879 -0.428824
3.044000 -0.379317 -0.429246
3.045000 -0.378755 -0.429667
3.046000 -0.378192 -0.430088
3.047000 -0.377628 -0.430507
3.048000 -0.377064 -0.430925
3.049000 -0.376499 -0.431342
3.050000 -0.375934 -0.431758
3.051000 -0.375367 -0.432173
3.052000 -0.374801 -0.432587
3.053000 -0.374233 -0.432999
3.054000 -0.373665 -0.433411
3.055000 -0.373096 -0.433822
3.056000 -0.372527 -0.434231
3.057000 -0.371956 -0.434640
3.058000 -0.371386 -0.435047
3.059000 -0.370814 -0.435454
3.060000 -0.370242 -0.435859
3.061000 -0.369670 -0.436263
3.062000 -0.369096 -0.436666
3.063000 -0.368522 -0.437068
3.064000 -0.367948 -0.437469
3.065000 -0.367373 -0.437869
3.066000 -0.366797 -0.438268
3.067000 -0.366220 -0.438666
3.068000 -0.365643 -0.439062
3.069000 -0.365065 -0.439458
3.070000 -0.364487 -0.439853
3.071000 -0.363908 -0.440246
3.072000 -0.363329 -0.440638
3.073000 -0.362748 -0.441030
3.074000 -0.362168 -0.441420
3.075000 -0.361586 -0.441809
3.076000 -0.361004 -0.442197
3.077000 -0.360421 -0.442584
3.078000 -0.359838 -0.442970
3.079000 -0.359254 -0.443354
3.080000 -0.358670 -0.443738
3.081000 -0.358084 -0.444121
3.082000 -0.357499 -0.444502
3.083000 -0.356912 -0.444883
3.084000 -0.356325 -0.445262
3.085000 -0.355738 -0.445640
3.086000 -0.355150 -0.446017
3.087000 -0.354561 -0.446393
3.088000 -0.353972 -0.446768
3.089000 -0.353382 -0.447142
3.090000 -0.352791 -0.447515
3.091000 -0.352200 -0.447887
3.092000 -0.351608 -0.448257
3.093000 -0.351016 -0.448627
3.094000 -0.350423 -0.448995
3.095000 -0.349829 -0.449362
3.096000 -0.349235 -0.449729
3.097000 -0.348640 -0.450094
3.098000 -0.348045 -0.450458
3.099000 -0.347449 -0.450821
3.100000 -0.346853 -0.451182
3.101000 -0.346256 -0.451543
3.102000 -0.345658 -0.451903
3.103000 -0.345060 -0.452261
3.104000 -0.344461 -0.452619
3.105000 -0.343862 -0.452975
3.106000 -0.343262 -0.453330
3.107000 -0.342661 -0.453684
3.108000 -0.342060 -0.454037
3.109000 -0.341458 -0.454389
3.110000 -0.340856 -0.454740
3.111000 -0.340253 -0.455090
3.112000 -0.339650 -0.455438
3.113000 -0.339046 -0.455786
3.114000 -0.338442 -0.456132
3.115000 -0.337837 -0.456477
3.116000 -0.337231 -0.456822
3.117000 -0.336625 -0.457165
3.118000 -0.336018 -0.457507
3.119000 -0.335411 -0.457847
3.120000 -0.334803 -0.458187
3.121000 -0.334194 -0.458526
3.122000 -0.333585 -0.458863
3.123000 -0.332976 -0.459200
3.124000 -0.332366 -0.459535
3.125000 -0.331755 -0.459869
3.126000 -0.331144 -0.460202
3.127000 -0.330532 -0.460534
3.128000 -0.329920 -0.460865
3.129000 -0.329307 -0.461194
3.130000 -0.328694 -0.461523
3.131000 -0.328080 -0.461850
3.132000 -0.327466 -0.462177
3.133000 -0.326851 -0.462502
3.134000 -0.326235 -0.462826
3.135000 -0.325619 -0.463149
3.136000 -0.325002 -0.463471
3.137000 -0.324385 -0.463792
3.138000 -0.323768 -0.464111
3.139000 -0.323150 -0.464430
3.140000 -0.322531 -0.464747
3.141000 -0.321912 -0.465064
3.142000 -0.321292 -0.465379
3.143000 -0.320672 -0.465693
3.144000 -0.320051 -0.466006
3.145000 -0.319430 -0.466317
3.146000 -0.318808 -0.466628
3.147000 -0.318185 -0.466938
3.148000 -0.317562 -0.467246
3.149000 -0.316939 -0.467553
3.150000 -0.316315 -0.467859
3.151000 -0.315691 -0.468164
3.152000 -0.315066 -0.468468
3.153000 -0.314440 -0.468771
3.154000 -0.313814 -0.469073
3.155000 -0.313188 -0.469373
3.156000 -0.312561 -0.469673
3.157000 -0.311934 -0.469971
3.158000 -0.311306 -0.470268
3.159000 -0.310677 -0.470564
3.160000 -0.310048 -0.470859
3.161000 -0.309419 -0.471153
3.162000 -0.308789 -0.471445
3.163000 -0.308158 -0.471737
3.164000 -0.307527 -0.472027
3.165000 -0.306896 -0.472316
3.166000 -0.306264 -0.472604
3.167000 -0.305631 -0.472891
3.168000 -0.304999 -0.473177
3.169000 -0.304365 -0.473461
3.170000 -0.303731 -0.473745
3.171000 -0.303097 -0.474027
3.172000 -0.302462 -0.474309
3.173000 -0.301827 -0.474589
3.174000 -0.301191 -0.474868
3.175000 -0.300555 -0.475145
3.176000 -0.299918 -0.475422
3.177000 -0.299281 -0.475698
3.178000 -0.298643 -0.475972
3.179000 -0.298005 -0.476245
3.180000 -0.297366 -0.476517
3.181000 -0.296727 -0.476788
3.182000 -0.296087 -0.477058
3.183000 -0.295447 -0.477327
3.184000 -0.294807 -0.477594
3.185000 -0.294166 -0.477861
3.186000 -0.293524 -0.478126
3.187000 -0.292882 -0.478390
3.188000 -0.292240 -0.478653
3.189000 -0.291597 -0.478915
3.190000 -0.290954 -0.479176
3.191000 -0.290310 -0.479435
3.192000 -0.289666 -0.479694
3.193000 -0.289021 -0.479951
3.194000 -0.288376 -0.480207
3.195000 -0.287730 -0.480462
3.196000 -0.287084 -0.480716
3.197000 -0.286438 -0.480968
3.198000 -0.285791 -0.481220
3.199000 -0.285144 -0.481470
3.200000 -0.284496 -0.481719
3.201000 -0.283847 -0.481967
3.202000 -0.283199 -0.482214
3.203000 -0.282550 -0.482460
3.204000 -0.281900 -0.482704
3.205000 -0.281250 -0.482948
3.206000 -0.280600 -0.483190
3.207000 -0.279949 -0.483431
3.208000 -0.279298 -0.483671
3.209000 -0.278646 -0.483910
3.210000 -0.277994 -0.484148
3.211000 -0.277341 -0.484384
3.212000 -0.276688 -0.484620
3.213000 -0.276035 -0.484854
3.214000 -0.275381 -0.485087
3.215000 -0.274727 -0.485319
3.216000 -0.274072 -0.485549
3.217000 -0.273417 -0.485779
3.218000 -0.272761 -0.486007
3.219000 -0.272105 -0.486235
3.220000 -0.271449 -0.486461
3.221000 -0.270792 -0.486686
3.222000 -0.270135 -0.486909
3.223000 -0.269477 -0.487132
3.224000 -0.268819 -0.487353
3.225000 -0.268161 -0.487574
3.226000 -0.267502 -0.487793
3.227000 -0.266843 -0.488011
3.228000 -0.266183 -0.488228
3.229000 -0.265523 -0.488443
3.230000 -0.264863 -0.488658
3.231000 -0.264202 -0.488871
3.232000 -0.263541 -0.489083
3.233000 -0.262879 -0.489294
3.234000 -0.262218 -0.489504
3.235000 -0.261555 -0.489713
3.236000 -0.260892 -0.489920
3.237000 -0.260229 -0.490127
3.238000 -0.259566 -0.490332
3.239000 -0.258902 -0.490536
3.240000 -0.258237 -0.490739
3.241000 -0.257573 -0.490940
3.242000 -0.256908 -0.491141
3.243000 -0.256242 -0.491340
3.244000 -0.255576 -0.491538
3.245000 -0.254910 -0.491735
3.246000 -0.254244 -0.491931
3.247000 -0.253577 -0.492126
3.248000 -0.252909 -0.492319
3.249000 -0.252242 -0.492511
3.250000 -0.251573 -0.492703
3.251000 -0.250905 -0.492893
3.252000 -0.250236 -0.493081
3.253000 -0.249567 -0.493269
3.254000 -0.248898 -0.493455
3.255000 -0.248228 -0.493641
3.256000 -0.247557 -0.493825
3.257000 -0.246887 -0.494008
3.258000 -0.246216 -0.494190
3.259000 -0.245544 -0.494370
3.260000 -0.244873 -0.494550
3.261000 -0.244201 -0.494728
3.262000 -0.243528 -0.494905
3.263000 -0.242856 -0.495081
3.264000 -0.242183 -0.495256
3.265000 -0.241509 -0.495429
3.266000 -0.240835 -0.495602
3.267000 -0.240161 -0.495773
3.268000 -0.239487 -0.495943
3.269000 -0.238812 -0.496112
3.270000 -0.238137 -0.496279
3.271000 -0.237461 -0.496446
3.272000 -0.236785 -0.496611
3.273000 -0.236109 -0.496775
3.274000 -0.235433 -0.496938
3.275000 -0.234756 -0.497100
3.276000 -0.234079 -0.497261
3.277000 -0.233401 -0.497420
3.278000 -0.232723 -0.497578
3.279000 -0.232045 -0.497735
3.280000 -0.231367 -0.497891
3.281000 -0.230688 -0.498046
3.282000 -0.230009 -0.498199
3.283000 -0.229330 -0.498352
3.284000 -0.228650 -0.498503
3.285000 -0.227970 -0.498653
3.286000 -0.227289 -0.498802
3.287000 -0.226609 -0.498949
3.288000 -0.225928 -0.499096
3.289000 -0.225246 -0.499241
3.290000 -0.224565 -0.499385
3.291000 -0.223883 -0.499528
3.292000 -0.223201 -0.499670
3.293000 -0.222518 -0.499810
3.294000 -0.221835 -0.499950
3.295000 -0.221152 -0.500088
3.296000 -0.220469 -0.500225
3.297000 -0.219785 -0.500361
3.298000 -0.219101 -0.500495
3.299000 -0.218416 -0.500629
3.300000 -0.217732 -0.500761
3.301000 -0.217047 -0.500892
3.302000 -0.216362 -0.501022
3.303000 -0.215676 -0.501150
3.304000 -0.214990 -0.501278
3.305000 -0.214304 -0.501404
3.306000 -0.213618 -0.501529
3.307000 -0.212931 -0.501653
3.308000 -0.212244 -0.501776
3.309000 -0.211557 -0.501897
3.310000 -0.210869 -0.502018
3.311000 -0.210182 -0.502137
3.312000 -0.209494 -0.502255
3.313000 -0.208805 -0.502372
3.314000 -0.208117 -0.502487
3.315000 -0.207428 -0.502602
3.316000 -0.206739 -0.502715
3.317000 -0.206049 -0.502827
3.318000 -0.205360 -0.502938
3.319000 -0.204670 -0.503048
3.320000 -0.203979 -0.503156
3.321000 -0.203289 -0.503263
3.322000 -0.202598 -0.503369
3.323000 -0.201907 -0.503474
3.324000 -0.201216 -0.503578
3.325000 -0.200524 -0.503680
3.326000 -0.199833 -0.503782
3.327000 -0.199141 -0.503882
3.328000 -0.198448 -0.503981
3.329000 -0.197756 -0.504079
3.330000 -0.197063 -0.504175
3.331000 -0.196370 -0.504270
3.332000 -0.195677 -0.504365
3.333000 -0.194983 -0.504458
3.334000 -0.194290 -0.504549
3.335000 -0.193596 -0.504640
3.336000 -0.192901 -0.504729
3.337000 -0.192207 -0.504818
3.338000 -0.191512 -0.504905
3.339000 -0.190817 -0.504990
3.340000 -0.190122 -0.505075
3.341000 -0.189427 -0.505158
3.342000 -0.188731 -0.505241
3.343000 -0.188035 -0.505322
3.344000 -0.187339 -0.505401
3.345000 -0.186643 -0.505480
3.346000 -0.185946 -0.505557
3.347000 -0.185249 -0.505634
3.348000 -0.184552 -0.505709
3.349000 -0.183855 -0.505783
3.350000 -0.183158 -0.505855
3.351000 -0.182460 -0.505927
3.352000 -0.181762 -0.505997
3.353000 -0.181064 -0.506066
3.354000 -0.180366 -0.506134
3.355000 -0.179668 -0.506201
3.356000 -0.178969 -0.506266
3.357000 -0.178270 -0.506330
3.358000 -0.177571 -0.506393
3.359000 -0.176872 -0.506455
3.360000 -0.176172 -0.506516
3.361000 -0.175472 -0.506575
3.362000 -0.174772 -0.506634
3.363000 -0.174072 -0.506691
3.364000 -0.173372 -0.506747
3.365000 -0.172671 -0.506801
3.366000 -0.171971 -0.506855
3.367000 -0.171270 -0.506907
3.368000 -0.170569 -0.506958
3.369000 -0.169868 -0.507008
3.370000 -0.169166 -0.507057
3.371000 -0.168464 -0.507104
3.372000 -0.167763 -0.507150
3.373000 -0.167061 -0.507195
3.374000 -0.166358 -0.507239
3.375000 -0.165656 -0.507282
3.376000 -0.164954 -0.507324
3.377000 -0.164251 -0.507364
3.378000 -0.163548 -0.507403
3.379000 -0.162845 -0.507441
3.380000 -0.162142 -0.507477
3.381000 -0.161438 -0.507513
3.382000 -0.160735 -0.507547
3.383000 -0.160031 -0.507580
3.384000 -0.159327 -0.507612
3.385000 -0.158623 -0.507643
3.386000 -0.157919 -0.507672
3.387000 -0.157214 -0.507700
3.388000 -0.156510 -0.507727
3.389000 -0.155805 -0.507753
3.390000 -0.155100 -0.507778
3.391000 -0.154395 -0.507801
3.392000 -0.153690 -0.507824
3.393000 -0.152985 -0.507845
3.394000 -0.152279 -0.507865
3.395000 -0.151574 -0.507883
3.396000 -0.150868 -0.507901
3.397000 -0.150162 -0.507917
3.398000 -0.149456 -0.507932
3.399000 -0.148750 -0.507946
3.400000 -0.148044 -0.507958
3.401000 -0.147337 -0.507970
3.402000 -0.146631 -0.507980
3.403000 -0.145924 -0.507989
3.404000 -0.145217 -0.507997
3.405000 -0.144510 -0.508003
3.406000 -0.143803 -0.508009
3.407000 -0.143096 -0.508013
3.408000 -0.142388 -0.508016
3.409000 -0.141681 -0.508018
3.410000 -0.140973 -0.508018
3.411000 -0.140265 -0.508018
3.412000 -0.139557 -0.508016
3.413000 -0.138849 -0.508013
3.414000 -0.138141 -0.508009
3.415000 -0.137433 -0.508003
3.416000 -0.136725 -0.507996
3.417000 -0.136016 -0.507989
3.418000 -0.135308 -0.507980
3.419000 -0.134599 -0.507969
3.420000 -0.133890 -0.507958
3.421000 -0.133181 -0.507945
3.422000 -0.132473 -0.507931
3.423000 -0.131763 -0.507916
3.424000 -0.131054 -0.507900
3.425000 -0.130345 -0.507882
3.426000 -0.129636 -0.507864
3.427000 -0.128926 -0.507844
3.428000 -0.128217 -0.507823
3.429000 -0.127507 -0.507800
3.430000 -0.126797 -0.507777
3.431000 -0.126087 -0.507752
3.432000 -0.125377 -0.507726
3.433000 -0.124667 -0.507699
3.434000 -0.123957 -0.507671
3.435000 -0.123247 -0.507641
3.436000 -0.122537 -0.507610
3.437000 -0.121826 -0.507578
3.438000 -0.121116 -0.507545
3.439000 -0.120405 -0.507511
3.440000 -0.119695 -0.507475
3.441000 -0.118984 -0.507438
3.442000 -0.118273 -0.507400
3.443000 -0.117563 -0.507361
3.444000 -0.116852 -0.507321
3.445000 -0.116141 -0.507279
3.446000 -0.115430 -0.507236
3.447000 -0.114719 -0.507192
3.448000 -0.114008 -0.507147
3.449000 -0.113296 -0.507101
3.450000 -0.112585 -0.507053
3.451000 -0.111874 -0.507004
3.452000 -0.111162 -0.506954
3.453000 -0.110451 -0.506903
3.454000 -0.109740 -0.506851
3.455000 -0.109028 -0.506797
3.456000 -0.108316 -0.506742
3.457000 -0.107605 -0.506686
3.458000 -0.106893 -0.506629
3.459000 -0.106181 -0.506570
3.460000 -0.105470 -0.506510
3.461000 -0.104758 -0.506450
3.462000 -0.104046 -0.506387
3.463000 -0.103334 -0.506324
3.464000 -0.102622 -0.506260
3.465000 -0.101910 -0.506194
3.466000 -0.101198 -0.506127
3.467000 -0.100486 -0.506059
3.468000 -0.099774 -0.505989
3.469000 -0.099062 -0.505919
3.470000 -0.098350 -0.505847
3.471000 -0.097638 -0.505774
3.472000 -0.096926 -0.505700
3.473000 -0.096214 -0.505625
3.474000 -0.095502 -0.505548
3.475000 -0.094789 -0.505470
3.476000 -0.094077 -0.505391
3.477000 -0.093365 -0.505311
3.478000 -0.092653 -0.505230
3.479000 -0.091940 -0.505147
3.480000 -0.091228 -0.505063
3.481000 -0.090516 -0.504978
3.482000 -0.089804 -0.504892
3.483000 -0.089091 -0.504805
3.484000 -0.088379 -0.504716
3.485000 -0.087667 -0.504626
3.486000 -0.086954 -0.504535
3.487000 -0.086242 -0.504443
3.488000 -0.085530 -0.504350
3.489000 -0.084817 -0.504255
3.490000 -0.084105 -0.504159
3.491000 -0.083393 -0.504062
3.492000 -0.082681 -0.503964
3.493000 -0.081968 -0.503864
3.494000 -0.081256 -0.503764
3.495000 -0.080544 -0.503662
3.496000 -0.079832 -0.503559
3.497000 -0.079120 -0.503454
3.498000 -0.078407 -0.503349
3.499000 -0.077695 -0.503242
3.500000 -0.076983 -0.503134
3.501000 -0.076271 -0.503025
3.502000 -0.075559 -0.502915
3.503000 -0.074847 -0.502804
3.504000 -0.074135 -0.502691
3.505000 -0.073423 -0.502577
3.506000 -0.072711 -0.502462
3.507000 -0.071999 -0.502346
3.508000 -0.071287 -0.502228
3.509000 -0.070575 -0.502109
3.510000 -0.069863 -0.501989
3.511000 -0.069152 -0.501868
3.512000 -0.068440 -0.501746
3.513000 -0.067728 -0.501623
3.514000 -0.067017 -0.501498
3.515000 -0.066305 -0.501372
3.516000 -0.065594 -0.501245
3.517000 -0.064882 -0.501116
3.518000 -0.064171 -0.500987
3.519000 -0.063459 -0.500856
3.520000 -0.062748 -0.500724
3.521000 -0.062037 -0.500591
3.522000 -0.061325 -0.500457
3.523000 -0.060614 -0.500321
3.524000 -0.059903 -0.500185
3.525000 -0.059192 -0.500047
3.526000 -0.058481 -0.499908
3.527000 -0.057770 -0.499767
3.528000 -0.057060 -0.499626
3.529000 -0.056349 -0.499483
3.530000 -0.055638 -0.499339
3.531000 -0.054928 -0.499194
3.532000 -0.054217 -0.499048
3.533000 -0.053507 -0.498900
3.534000 -0.052796 -0.498751
3.535000 -0.052086 -0.498602
3.536000 -0.051376 -0.498450
3.537000 -0.050666 -0.498298
3.538000 -0.049956 -0.498145
3.539000 -0.049246 -0.497990
3.540000 -0.048536 -0.497834
3.541000 -0.047826 -0.497677
3.542000 -0.047117 -0.497519
3.543000 -0.046407 -0.497359
3.544000 -0.045698 -0.497198
3.545000 -0.044988 -0.497037
3.546000 -0.044279 -0.496873
3.547000 -0.043570 -0.496709
3.548000 -0.042861 -0.496544
3.549000 -0.042152 -0.496377
3.550000 -0.041443 -0.496209
3.551000 -0.040734 -0.496040
3.552000 -0.040026 -0.495870
3.553000 -0.039317 -0.495698
3.554000 -0.038609 -0.495526
3.555000 -0.037900 -0.495352
3.556000 -0.037192 -0.495177
3.557000 -0.036484 -0.495001
3.558000 -0.035776 -0.494823
3.559000 -0.035068 -0.494645
3.560000 -0.034361 -0.494465
3.561000 -0.033653 -0.494284
3.562000 -0.032946 -0.494102
3.563000 -0.032238 -0.493918
3.564000 -0.031531 -0.493734
3.565000 -0.030824 -0.493548
3.566000 -0.030117 -0.493361
3.567000 -0.029411 -0.493173
3.568000 -0.028704 -0.492983
3.569000 -0.027997 -0.492793
3.570000 -0.027291 -0.492601
3.571000 -0.026585 -0.492408
3.572000 -0.025879 -0.492214
3.573000 -0.025173 -0.492019
3.574000 -0.024467 -0.491822
3.575000 -0.023761 -0.491625
3.576000 -0.023056 -0.491426
3.577000 -0.022351 -0.491226
3.578000 -0.021646 -0.491025
3.579000 -0.020941 -0.490822
3.580000 -0.020236 -0.490619
3.581000 -0.019531 -0.490414
3.582000 -0.018826 -0.490208
3.583000 -0.018122 -0.490001
3.584000 -0.017418 -0.489792
3.585000 -0.016714 -0.489583
3.586000 -0.016010 -0.489372
3.587000 -0.015306 -0.489160
3.588000 -0.014603 -0.488947
3.589000 -0.013899 -0.488733
3.590000 -0.013196 -0.488517
3.591000 -0.012493 -0.488300
3.592000 -0.011791 -0.488083
3.593000 -0.011088 -0.487864
3.594000 -0.010385 -0.487643
3.595000 -0.009683 -0.487422
3.596000 -0.008981 -0.487199
3.597000 -0.008279 -0.486976
3.598000 -0.007577 -0.486751
3.599000 -0.006876 -0.486525
3.600000 -0.006175 -0.486297
3.601000 -0.005474 -0.486069
3.602000 -0.004773 -0.485839
3.603000 -0.004072 -0.485608
3.604000 -0.003371 -0.485376
3.605000 -0.002671 -0.485143
3.606000 -0.001971 -0.484909
3.607000 -0.001271 -0.484673
3.608000 -0.000571 -0.484436
3.609000 0.000128 -0.484198
3.610000 0.000828 -0.483959
3.611000 0.001527 -0.483719
3.612000 0.002226 -0.483477
3.613000 0.002924 -0.483235
3.614000 0.003623 -0.482991
3.615000 0.004321 -0.482746
3.616000 0.005019 -0.482500
3.617000 0.005717 -0.482252
3.618000 0.006414 -0.482004
3.619000 0.007111 -0.481754
3.620000 0.007809 -0.481503
3.621000 0.008505 -0.481251
3.622000 0.009202 -0.480998
3.623000 0.009899 -0.480744
3.624000 0.010595 -0.480488
3.625000 0.011291 -0.480231
3.626000 0.011986 -0.479973
3.627000 0.012682 -0.479714
3.628000 0.013377 -0.479454
3.629000 0.014072 -0.479193
3.630000 0.014767 -0.478930
3.631000 0.015461 -0.478666
3.632000 0.016155 -0.478401
3.633000 0.016849 -0.478135
3.634000 0.017543 -0.477868
3.635000 0.018237 -0.477600
3.636000 0.018930 -0.477330
3.637000 0.019623 -0.477059
3.638000 0.020315 -0.476787
3.639000 0.021008 -0.476514
3.640000 0.021700 -0.476240
3.641000 0.022392 -0.475964
3.642000 0.023084 -0.475688
3.643000 0.023775 -0.475410
3.644000 0.024466 -0.475131
3.645000 0.025157 -0.474851
3.646000 0.025848 -0.474570
3.647000 0.026538 -0.474287
3.648000 0.027228 -0.474003
3.649000 0.027918 -0.473719
3.650000 0.028607 -0.473433
3.651000 0.029296 -0.473146
3.652000 0.029985 -0.472857
3.653000 0.030674 -0.472568
3.654000 0.031362 -0.472277
3.655000 0.032050 -0.471986
3.656000 0.032738 -0.471693
3.657000 0.033425 -0.471399
3.658000 0.034112 -0.471104
3.659000 0.034799 -0.470807
3.660000 0.035486 -0.470510
3.661000 0.036172 -0.470211
3.662000 0.036858 -0.469911
3.663000 0.037544 -0.469610
3.664000 0.038229 -0.469308
3.665000 0.038914 -0.469005
3.666000 0.039599 -0.468700
3.667000 0.040283 -0.468395
3.668000 0.040967 -0.468088
3.669000 0.041651 -0.467780
3.670000 0.042334 -0.467471
3.671000 0.043018 -0.467161
3.672000 0.043700 -0.466849
3.673000 0.044383 -0.466537
3.674000 0.045065 -0.466223
3.675000 0.045747 -0.465908
3.676000 0.046429 -0.465592
3.677000 0.047110 -0.465275
3.678000 0.047791 -0.464957
3.679000 0.048471 -0.464637
3.680000 0.049151 -0.464317
3.681000 0.049831 -0.463995
3.682000 0.050511 -0.463672
3.683000 0.051190 -0.463348
3.684000 0.051869 -0.463023
3.685000 0.052547 -0.462697
3.686000 0.053226 -0.462369
3.687000 0.053903 -0.462041
3.688000 0.054581 -0.461711
3.689000 0.055258 -0.461380
3.690000 0.055935 -0.461048
3.691000 0.056611 -0.460715
3.692000 0.057287 -0.460381
3.693000 0.057963 -0.460045
3.694000 0.058638 -0.459709
3.695000 0.059313 -0.459371
3.696000 0.059988 -0.459032
3.697000 0.060662 -0.458692
3.698000 0.061336 -0.458351
3.699000 0.062010 -0.458009
3.700000 0.062683 -0.457665
3.701000 0.063356 -0.457321
3.702000 0.064028 -0.456975
3.703000 0.064700 -0.456628
3.704000 0.065372 -0.456280
3.705000 0.066043 -0.455931
3.706000 0.066714 -0.455581
3.707000 0.067385 -0.455230
3.708000 0.068055 -0.454877
3.709000 0.068724 -0.454524
3.710000 0.069394 -0.454169
3.711000 0.070063 -0.453813
3.712000 0.070731 -0.453456
3.713000 0.071400 -0.453098
3.714000 0.072067 -0.452739
3.715000 0.072735 -0.452378
3.716000 0.073402 -0.452017
3.717000 0.074068 -0.451654
3.718000 0.074735 -0.451291
3.719000 0.075400 -0.450926
3.720000 0.076066 -0.450560
3.721000 0.076731 -0.450193
3.722000 0.077395 -0.449824
3.723000 0.078059 -0.449455
3.724000 0.078723 -0.449085
3.725000 0.079386 -0.448713
3.726000 0.080049 -0.448340
3.727000 0.080712 -0.447966
3.728000 0.081374 -0.447591
3.729000 0.082036 -0.447215
3.730000 0.082697 -0.446838
3.731000 0.083358 -0.446460
3.732000 0.084018 -0.446081
3.733000 0.084678 -0.445700
3.734000 0.085338 -0.445318
3.735000 0.085997 -0.444936
3.736000 0.086655 -0.444552
3.737000 0.087313 -0.444167
3.738000 0.087971 -0.443781
3.739000 0.088629 -0.443393
3.740000 0.089285 -0.443005
3.741000 0.089942 -0.442616
3.742000 0.090598 -0.442225
3.743000 0.091253 -0.441834
3.744000 0.091909 -0.441441
3.745000 0.092563 -0.441047
3.746000 0.093217 -0.440652
3.747000 0.093871 -0.440256
3.748000 0.094524 -0.439859
3.749000 0.095177 -0.439461
3.750000 0.095830 -0.439061
3.751000 0.096482 -0.438661
3.752000 0.097133 -0.438259
3.753000 0.097784 -0.437857
3.754000 0.098435 -0.437453
3.755000 0.099085 -0.437048
3.756000 0.099734 -0.436642
3.757000 0.100383 -0.436235
3.758000 0.101032 -0.435827
3.759000 0.101680 -0.435418
3.760000 0.102328 -0.435007
3.761000 0.102975 -0.434596
3.762000 0.103622 -0.434183
3.763000 0.104268 -0.433770
3.764000 0.104913 -0.433355
3.765000 0.105559 -0.432939
3.766000 0.106203 -0.432522
3.767000 0.106848 -0.432104
3.768000 0.107492 -0.431685
3.769000 0.108135 -0.431265
3.770000 0.108778 -0.430844
3.771000 0.109420 -0.430421
3.772000 0.110062 -0.429998
3.773000 0.110703 -0.429574
3.774000 0.111344 -0.429148
3.775000 0.111984 -0.428721
3.776000 0.112624 -0.428294
3.777000 0.113263 -0.427865
3.778000 0.113902 -0.427435
3.779000 0.114540 -0.427004
3.780000 0.115178 -0.426572
3.781000 0.115815 -0.426139
3.782000 0.116451 -0.425704
3.783000 0.117088 -0.425269
3.784000 0.117723 -0.424833
3.785000 0.118358 -0.424395
3.786000 0.118993 -0.423957
3.787000 0.119627 -0.423517
3.788000 0.120261 -0.423077
3.789000 0.120894 -0.422635
3.790000 0.121526 -0.422192
3.791000 0.122158 -0.421748
3.792000 0.122789 -0.421303
3.793000 0.123420 -0.420857
3.794000 0.124050 -0.420410
3.795000 0.124680 -0.419962
3.796000 0.125309 -0.419513
3.797000 0.125938 -0.419063
3.798000 0.126566 -0.418612
3.799000 0.127194 -0.418159
3.800000 0.127821 -0.417706
3.801000 0.128447 -0.417251
3.802000 0.129073 -0.416796
3.803000 0.129699 -0.416339
3.804000 0.130323 -0.415881
3.805000 0.130948 -0.415423
3.806000 0.131571 -0.414963
3.807000 0.132194 -0.414502
3.808000 0.132817 -0.414040
3.809000 0.133439 -0.413577
3.810000 0.134060 -0.413113
3.811000 0.134681 -0.412648
3.812000 0.135301 -0.412182
3.813000 0.135921 -0.411715
3.814000 0.136540 -0.411247
3.815000 0.137159 -0.410778
3.816000 0.137777 -0.410307
3.817000 0.138394 -0.409836
3.818000 0.139011 -0.409364
3.819000 0.139627 -0.408890
3.820000 0.140242 -0.408416
3.821000 0.140857 -0.407941
3.822000 0.141472 -0.407464
3.823000 0.142086 -0.406986
3.824000 0.142699 -0.406508
3.825000 0.143311 -0.406028
3.826000 0.143924 -0.405548
3.827000 0.144535 -0.405066
3.828000 0.145146 -0.404583
3.829000 0.145756 -0.404099
3.830000 0.146366 -0.403615
3.831000 0.146975 -0.403129
3.832000 0.147583 -0.402642
3.833000 0.148191 -0.402154
3.834000 0.148798 -0.401665
3.835000 0.149404 -0.401175
3.836000 0.150010 -0.400684
3.837000 0.150616 -0.400192
3.838000 0.151220 -0.399699
3.839000 0.151824 -0.399205
3.840000 0.152428 -0.398710
3.841000 0.153031 -0.398214
3.842000 0.153633 -0.397717
3.843000 0.154234 -0.397219
3.844000 0.154835 -0.396720
3.845000 0.155436 -0.396220
3.846000 0.156035 -0.395719
3.847000 0.156634 -0.395217
3.848000 0.157233 -0.394714
3.849000 0.157830 -0.394209
3.850000 0.158427 -0.393704
3.851000 0.159024 -0.393198
3.852000 0.159620 -0.392691
3.853000 0.160215 -0.392183
3.854000 0.160809 -0.391674
3.855000 0.161403 -0.391163
3.856000 0.161996 -0.390652
3.857000 0.162589 -0.390140
3.858000 0.163181 -0.389627
3.859000 0.163772 -0.389113
3.860000 0.164362 -0.388597
3.861000 0.164952 -0.388081
3.862000 0.165541 -0.387564
3.863000 0.166130 -0.387046
3.864000 0.166718 -0.386527
3.865000 0.167305 -0.386006
3.866000 0.167892 -0.385485
3.867000 0.168477 -0.384963
3.868000 0.169063 -0.384440
3.869000 0.169647 -0.383916
3.870000 0.170231 -0.383391
3.871000 0.170814 -0.382865
3.872000 0.171396 -0.382338
3.873000 0.171978 -0.381810
3.874000 0.172559 -0.381281
3.875000 0.173140 -0.380750
3.876000 0.173719 -0.380219
3.877000 0.174298 -0.379688
3.878000 0.174877 -0.379155
3.879000 0.175454 -0.378621
3.880000 0.176031 -0.378086
3.881000 0.176607 -0.377550
3.882000 0.177183 -0.377013
3.883000 0.177758 -0.376475
3.884000 0.178332 -0.375936
3.885000 0.178905 -0.375397
3.886000 0.179478 -0.374856
3.887000 0.180050 -0.374314
3.888000 0.180621 -0.373772
3.889000 0.181192 -0.373228
3.890000 0.181762 -0.372683
3.891000 0.182331 -0.372138
3.892000 0.182899 -0.371591
3.893000 0.183467 -0.371044
3.894000 0.184034 -0.370496
3.895000 0.184600 -0.369946
3.896000 0.185165 -0.369396
3.897000 0.185730 -0.368845
3.898000 0.186294 -0.368292
3.899000 0.186857 -0.367739
3.900000 0.187420 -0.367185
3.901000 0.187982 -0.366630
3.902000 0.188543 -0.366074
3.903000 0.189103 -0.365517
3.904000 0.189663 -0.364959
3.905000 0.190222 -0.364400
3.906000 0.190780 -0.363841
3.907000 0.191337 -0.363280
3.908000 0.191894 -0.362718
3.909000 0.192450 -0.362156
3.910000 0.193005 -0.361592
3.911000 0.193559 -0.361028
3.912000 0.194113 -0.360462
3.913000 0.194665 -0.359896
3.914000 0.195217 -0.359329
3.915000 0.195769 -0.358761
3.916000 0.196319 -0.358191
3.917000 0.196869 -0.357621
3.918000 0.197418 -0.357050
3.919000 0.197966 -0.356479
3.920000 0.198514 -0.355906
3.921000 0.199061 -0.355332
3.922000 0.199606 -0.354757
3.923000 0.200152 -0.354182
3.924000 0.200696 -0.353605
3.925000 0.201240 -0.353028
3.926000 0.201782 -0.352450
3.927000 0.202324 -0.351870
3.928000 0.202866 -0.351290
3.929000 0.203406 -0.350709
3.930000 0.203946 -0.350127
3.931000 0.204485 -0.349545
3.932000 0.205023 -0.348961
3.933000 0.205560 -0.348376
3.934000 0.206096 -0.347791
3.935000 0.206632 -0.347204
3.936000 0.207167 -0.346617
3.937000 0.207701 -0.346029
3.938000 0.208234 -0.345440
3.939000 0.208767 -0.344849
3.940000 0.209299 -0.344259
3.941000 0.209829 -0.343667
3.942000 0.210359 -0.343074
3.943000 0.210889 -0.342480
3.944000 0.211417 -0.341886
3.945000 0.211945 -0.341291
3.946000 0.212472 -0.340694
3.947000 0.212997 -0.340097
3.948000 0.213523 -0.339499
3.949000 0.214047 -0.338900
3.950000 0.214570 -0.338301
3.951000 0.215093 -0.337700
3.952000 0.215615 -0.337099
3.953000 0.216136 -0.336496
3.954000 0.216656 -0.335893
3.955000 0.217176 -0.335289
3.956000 0.217694 -0.334684
3.957000 0.218212 -0.334078
3.958000 0.218729 -0.333471
3.959000 0.219245 -0.332864
3.960000 0.219760 -0.332255
3.961000 0.220274 -0.331646
3.962000 0.220788 -0.331036
3.963000 0.221300 -0.330425
3.964000 0.221812 -0.329813
3.965000 0.222323 -0.329200
3.966000 0.222833 -0.328587
3.967000 0.223342 -0.327972
3.968000 0.223851 -0.327357
3.969000 0.224358 -0.326741
3.970000 0.224865 -0.326124
3.971000 0.225370 -0.325506
3.972000 0.225875 -0.324887
3.973000 0.226379 -0.324268
3.974000 0.226883 -0.323647
3.975000 0.227385 -0.323026
3.976000 0.227886 -0.322404
3.977000 0.228387 -0.321781
3.978000 0.228887 -0.321158
3.979000 0.229385 -0.320533
3.980000 0.229883 -0.319908
3.981000 0.230380 -0.319282
3.982000 0.230877 -0.318655
3.983000 0.231372 -0.318027
3.984000 0.231866 -0.317398
3.985000 0.232360 -0.316769
3.986000 0.232853 -0.316139
3.987000 0.233344 -0.315507
3.988000 0.233835 -0.314876
3.989000 0.234325 -0.314243
3.990000 0.234814 -0.313609
3.991000 0.235302 -0.312975
3.992000 0.235790 -0.312340
3.993000 0.236276 -0.311704
3.994000 0.236762 -0.311067
3.995000 0.237246 -0.310430
3.996000 0.237730 -0.309791
3.997000 0.238213 -0.309152
3.998000 0.238695 -0.308512
3.999000 0.239176 -0.307871
4.000000 0.239656 -0.307230
4.001000 0.240135 -0.306587
4.002000 0.240613 -0.305944
4.003000 0.241090 -0.305300
4.004000 0.241567 -0.304656
4.005000 0.242042 -0.304010
4.006000 0.242517 -0.303364
4.007000 0.242990 -0.302717
4.008000 0.243463 -0.302069
4.009000 0.243935 -0.301420
4.010000 0.244406 -0.300771
4.011000 0.244876 -0.300121
4.012000 0.245345 -0.299470
4.013000 0.245813 -0.298818
4.014000 0.246280 -0.298165
4.015000 0.246746 -0.297512
4.016000 0.247211 -0.296858
4.017000 0.247675 -0.296203
4.018000 0.248139 -0.295548
4.019000 0.248601 -0.294891
4.020000 0.249063 -0.294234
4.021000 0.249523 -0.293577
4.022000 0.249983 -0.292918
4.023000 0.250442 -0.292259
4.024000 0.250899 -0.291598
4.025000 0.251356 -0.290938
4.026000 0.251812 -0.290276
4.027000 0.252267 -0.289614
4.028000 0.252720 -0.288951
4.029000 0.253173 -0.288287
4.030000 0.253625 -0.287622
4.031000 0.254076 -0.286957
4.032000 0.254526 -0.286291
4.033000 0.254975 -0.285624
4.034000 0.255423 -0.284957
4.035000 0.255871 -0.284288
4.036000 0.256317 -0.283619
4.037000 0.256762 -0.282950
4.038000 0.257206 -0.282279
4.039000 0.257649 -0.281608
4.040000 0.258092 -0.280936
4.041000 0.258533 -0.280264
4.042000 0.258973 -0.279590
4.043000 0.259412 -0.278916
4.044000 0.259851 -0.278242
4.045000 0.260288 -0.277566
4.046000 0.260724 -0.276890
4.047000 0.261160 -0.276213
4.048000 0.261594 -0.275536
4.049000 0.262028 -0.274858
4.050000 0.262460 -0.274179
4.051000 0.262891 -0.273499
4.052000 0.263322 -0.272819
4.053000 0.263751 -0.272138
4.054000 0.264180 -0.271456
4.055000 0.264607 -0.270773
4.056000 0.265034 -0.270090
4.057000 0.265459 -0.269406
4.058000 0.265883 -0.268722
4.059000 0.266307 -0.268037
4.060000 0.266729 -0.267351
4.061000 0.267151 -0.266664
4.062000 0.267571 -0.265977
4.063000 0.267990 -0.265289
4.064000 0.268409 -0.264601
4.065000 0.268826 -0.263911
4.066000 0.269242 -0.263222
4.067000 0.269658 -0.262531
4.068000 0.270072 -0.261840
4.069000 0.270485 -0.261148
4.070000 0.270897 -0.260455
4.071000 0.271308 -0.259762
4.072000 0.271719 -0.259068
4.073000 0.272128 -0.258374
4.074000 0.272536 -0.257678
4.075000 0.272943 -0.256983
4.076000 0.273349 -0.256286
4.077000 0.273754 -0.255589
4.078000 0.274158 -0.254891
4.079000 0.274561 -0.254193
4.080000 0.274963 -0.253494
4.081000 0.275364 -0.252794
4.082000 0.275764 -0.252094
4.083000 0.276162 -0.251393
4.084000 0.276560 -0.250691
4.085000 0.276957 -0.249989
4.086000 0.277353 -0.249286
4.087000 0.277747 -0.248583
4.088000 0.278141 -0.247879
4.089000 0.278533 -0.247174
4.090000 0.278925 -0.246469
4.091000 0.279315 -0.245763
4.092000 0.279704 -0.245056
4.093000 0.280093 -0.244349
4.094000 0.280480 -0.243641
4.095000 0.280866 -0.242933
4.096000 0.281251 -0.242224
4.097000 0.281635 -0.241514
4.098000 0.282018 -0.240804
4.099000 0.282400 -0.240093
4.100000 0.282781 -0.239382
4.101000 0.283161 -0.238670
4.102000 0.283540 -0.237957
4.103000 0.283917 -0.237244
4.104000 0.284294 -0.236530
4.105000 0.284669 -0.235816
4.106000 0.285044 -0.235101
4.107000 0.285417 -0.234386
4.108000 0.285789 -0.233670
4.109000 0.286160 -0.232953
4.110000 0.286531 -0.232236
4.111000 0.286900 -0.231518
4.112000 0.287268 -0.230799
4.113000 0.287634 -0.230081
4.114000 0.288000 -0.229361
4.115000 0.288365 -0.228641
4.116000 0.288728 -0.227920
4.117000 0.289091 -0.227199
4.118000 0.289452 -0.226477
4.119000 0.289813 -0.225755
4.120000 0.290172 -0.225032
4.121000 0.290530 -0.224309
4.122000 0.290887 -0.223585
4.123000 0.291243 -0.222860
4.124000 0.291598 -0.222135
4.125000 0.291952 -0.221410
4.126000 0.292304 -0.220684
4.127000 0.292656 -0.219957
4.128000 0.293006 -0.219230
4.129000 0.293356 -0.218502
4.130000 0.293704 -0.217774
4.131000 0.294051 -0.217045
4.132000 0.294397 -0.216316
4.133000 0.294742 -0.215586
4.134000 0.295086 -0.214856
4.135000 0.295428 -0.214125
4.136000 0.295770 -0.213394
4.137000 0.296110 -0.212662
4.138000 0.296449 -0.211929
4.139000 0.296788 -0.211196
4.140000 0.297125 -0.210463
4.141000 0.297461 -0.209729
4.142000 0.297796 -0.208995
4.143000 0.298129 -0.208260
4.144000 0.298462 -0.207525
4.145000 0.298793 -0.206789
4.146000 0.299124 -0.206052
4.147000 0.299453 -0.205315
4.148000 0.299781 -0.204578
4.149000 0.300108 -0.203840
4.150000 0.300434 -0.203102
4.151000 0.300758 -0.202363
4.152000 0.301082 -0.201624
4.153000 0.301404 -0.200884
4.154000 0.301726 -0.200144
4.155000 0.302046 -0.199403
4.156000 0.302365 -0.198662
4.157000 0.302682 -0.197921
4.158000 0.302999 -0.197179
4.159000 0.303315 -0.196436
4.160000 0.303629 -0.195693
4.161000 0.303942 -0.194950
4.162000 0.304255 -0.194206
4.163000 0.304566 -0.193461
4.164000 0.304875 -0.192717
4.165000 0.305184 -0.191971
4.166000 0.305492 -0.191226
4.167000 0.305798 -0.190480
4.168000 0.306103 -0.189733
4.169000 0.306407 -0.188986
4.170000 0.306710 -0.188239
4.171000 0.307012 -0.187491
4.172000 0.307313 -0.186743
4.173000 0.307612 -0.185994
4.174000 0.307910 -0.185245
4.175000 0.308208 -0.184495
4.176000 0.308504 -0.183745
4.177000 0.308798 -0.182995
4.178000 0.309092 -0.182244
4.179000 0.309384 -0.181493
4.180000 0.309676 -0.180741
4.181000 0.309966 -0.179989
4.182000 0.310255 -0.179237
4.183000 0.310543 -0.178484
4.184000 0.310829 -0.177731
4.185000 0.311115 -0.176977
4.186000 0.311399 -0.176223
4.187000 0.311682 -0.175469
4.188000 0.311964 -0.174714
4.189000 0.312245 -0.173959
4.190000 0.312525 -0.173204
4.191000 0.312803 -0.172448
4.192000 0.313080 -0.171691
4.193000 0.313356 -0.170935
4.194000 0.313631 -0.170178
4.195000 0.313905 -0.169420
4.196000 0.314177 -0.168662
4.197000 0.314449 -0.167904
4.198000 0.314719 -0.167146
4.199000 0.314988 -0.166387
4.200000 0.315256 -0.165628
4.201000 0.315522 -0.164868
4.202000 0.315788 -0.164108
4.203000 0.316052 -0.163348
4.204000 0.316315 -0.162587
4.205000 0.316577 -0.161827
4.206000 0.316837 -0.161065
4.207000 0.317097 -0.160304
4.208000 0.317355 -0.159542
4.209000 0.317612 -0.158779
4.210000 0.317868 -0.158017
4.211000 0.318123 -0.157254
4.212000 0.318376 -0.156491
4.213000 0.318629 -0.155727
4.214000 0.318880 -0.154963
4.215000 0.319130 -0.154199
4.216000 0.319378 -0.153434
4.217000 0.319626 -0.152669
4.218000 0.319872 -0.151904
4.219000 0.320117 -0.151139
4.220000 0.320361 -0.150373
4.221000 0.320604 -0.149607
4.222000 0.320845 -0.148840
4.223000 0.321085 -0.148074
4.224000 0.321324 -0.147307
4.225000 0.321562 -0.146540
4.226000 0.321799 -0.145772
4.227000 0.322034 -0.145004
4.228000 0.322269 -0.144236
4.229000 0.322502 -0.143468
4.230000 0.322733 -0.142699
4.231000 0.322964 -0.141930
4.232000 0.323193 -0.141161
4.233000 0.323422 -0.140391
4.234000 0.323648 -0.139622
4.235000 0.323874 -0.138852
4.236000 0.324099 -0.138081
4.237000 0.324322 -0.137311
4.238000 0.324544 -0.136540
4.239000 0.324765 -0.135769
4.240000 0.324985 -0.134998
4.241000 0.325203 -0.134226
4.242000 0.325420 -0.133454
4.243000 0.325636 -0.132682
4.244000 0.325851 -0.131910
4.245000 0.326064 -0.131137
4.246000 0.326277 -0.130365
4.247000 0.326488 -0.129592
4.248000 0.326698 -0.128818
4.249000 0.326906 -0.128045
4.250000 0.327114 -0.127271
4.251000 0.327320 -0.126497
4.252000 0.327525 -0.125723
4.253000 0.327729 -0.124949
4.254000 0.327931 -0.124174
4.255000 0.328132 -0.123400
4.256000 0.328332 -0.122625
4.257000 0.328531 -0.121850
4.258000 0.328729 -0.121074
4.259000 0.328925 -0.120299
4.260000 0.329120 -0.119523
4.261000 0.329314 -0.118747
4.262000 0.329507 -0.117971
4.263000 0.329698 -0.117195
4.264000 0.329888 -0.116418
4.265000 0.330077 -0.115641
4.266000 0.330265 -0.114864
4.267000 0.330451 -0.114087
4.268000 0.330637 -0.113310
4.269000 0.330821 -0.112533
4.270000 0.331003 -0.111755
4.271000 0.331185 -0.110977
4.272000 0.331365 -0.110200
4.273000 0.331544 -0.109422
4.274000 0.331722 -0.108643
4.275000 0.331899 -0.107865
4.276000 0.332074 -0.107086
4.277000 0.332248 -0.106308
4.278000 0.332421 -0.105529
4.279000 0.332592 -0.104750
4.280000 0.332763 -0.103971
4.281000 0.332932 -0.103192
4.282000 0.333100 -0.102412
4.283000 0.333266 -0.101633
4.284000 0.333432 -0.100853
4.285000 0.333596 -0.100073
4.286000 0.333758 -0.099293
4.287000 0.333920 -0.098513
4.288000 0.334080 -0.097733
4.289000 0.334240 -0.096953
4.290000 0.334397 -0.096173
4.291000 0.334554 -0.095392
4.292000 0.334709 -0.094611
4.293000 0.334864 -0.093831
4.294000 0.335016 -0.093050
4.295000 0.335168 -0.092269
4.296000 0.335318 -0.091488
4.297000 0.335468 -0.090707
4.298000 0.335615 -0.089926
4.299000 0.335762 -0.089144
4.300000 0.335907 -0.088363
4.301000 0.336052 -0.087582
4.302000 0.336194 -0.086800
4.303000 0.336336 -0.086019
4.304000 0.336476 -0.085237
4.305000 0.336616 -0.084455
4.306000 0.336753 -0.083673
4.307000 0.336890 -0.082891
4.308000 0.337025 -0.082109
4.309000 0.337159 -0.081327
4.310000 0.337292 -0.080545
4.311000 0.337424 -0.079763
4.312000 0.337554 -0.078981
4.313000 0.337683 -0.078199
4.314000 0.337811 -0.077416
4.315000 0.337938 -0.076634
4.316000 0.338063 -0.075852
4.317000 0.338187 -0.075069
4.318000 0.338310 -0.074287
4.319000 0.338431 -0.073504
4.320000 0.338552 -0.072722
4.321000 0.338671 -0.071939
4.322000 0.338788 -0.071157
4.323000 0.338905 -0.070374
4.324000 0.339020 -0.069592
4.325000 0.339134 -0.068809
4.326000 0.339247 -0.068026
4.327000 0.339358 -0.067244
4.328000 0.339468 -0.066461
4.329000 0.339577 -0.065678
4.330000 0.339685 -0.064896
4.331000 0.339791 -0.064113
4.332000 0.339897 -0.063331
4.333000 0.340000 -0.062548
4.334000 0.340103 -0.061765
4.335000 0.340204 -0.060983
4.336000 0.340305 -0.060200
4.337000 0.340403 -0.059417
4.338000 0.340501 -0.058635
4.339000 0.340597 -0.057852
4.340000 0.340692 -0.057070
4.341000 0.340786 -0.056287
4.342000 0.340879 -0.055505
4.343000 0.340970 -0.054722
4.344000 0.341060 -0.053940
4.345000 0.341149 -0.053158
4.346000 0.341236 -0.052375
4.347000 0.341323 -0.051593
4.348000 0.341408 -0.050811
4.349000 0.341491 -0.050029
4.350000 0.341574 -0.049246
4.351000 0.341655 -0.048464
4.352000 0.341735 -0.047682
4.353000 0.341814 -0.046900
4.354000 0.341891 -0.046119
4.355000 0.341967 -0.045337
4.356000 0.342042 -0.044555
4.357000 0.342116 -0.043773
4.358000 0.342188 -0.042992
4.359000 0.342259 -0.042210
4.360000 0.342329 -0.041429
4.361000 0.342398 -0.040647
4.362000 0.342465 -0.039866
4.363000 0.342531 -0.039085
4.364000 0.342596 -0.038304
4.365000 0.342659 -0.037523
4.366000 0.342722 -0.036742
4.367000 0.342783 -0.035961
4.368000 0.342842 -0.035181
4.369000 0.342901 -0.034400
4.370000 0.342958 -0.033620
4.371000 0.343014 -0.032839
4.372000 0.343069 -0.032059
4.373000 0.343122 -0.031279
4.374000 0.343174 -0.030499
4.375000 0.343225 -0.029719
4.376000 0.343275 -0.028939
4.377000 0.343323 -0.028160
4.378000 0.343370 -0.027380
4.379000 0.343416 -0.026601
4.380000 0.343461 -0.025822
4.381000 0.343504 -0.025042
4.382000 0.343546 -0.024263
4.383000 0.343587 -0.023485
4.384000 0.343627 -0.022706
4.385000 0.343665 -0.021928
4.386000 0.343702 -0.021149
4.387000 0.343738 -0.020371
4.388000 0.343773 -0.019593
4.389000 0.343806 -0.018815
4.390000 0.343838 -0.018037
4.391000 0.343869 -0.017260
4.392000 0.343898 -0.016483
4.393000 0.343926 -0.015705
4.394000 0.343953 -0.014928
4.395000 0.343979 -0.014152
4.396000 0.344004 -0.013375
4.397000 0.344027 -0.012598
4.398000 0.344049 -0.011822
4.399000 0.344070 -0.011046
4.400000 0.344089 -0.010270
4.401000 0.344107 -0.009495
4.402000 0.344124 -0.008719
4.403000 0.344140 -0.007944
4.404000 0.344154 -0.007169
4.405000 0.344168 -0.006394
4.406000 0.344180 -0.005619
4.407000 0.344190 -0.004845
4.408000 0.344200 -0.004070
4.409000 0.344208 -0.003296
4.410000 0.344215 -0.002523
4.411000 0.344220 -0.001749
4.412000 0.344225 -0.000976
4.413000 0.344228 -0.000202
4.414000 0.344230 0.000570
4.415000 0.344231 0.001343
4.416000 0.344230 0.002116
4.417000 0.344228 0.002888
4.418000 0.344225 0.003660
4.419000 0.344221 0.004431
4.420000 0.344215 0.005203
4.421000 0.344208 0.005974
4.422000 0.344200 0.006745
4.423000 0.344191 0.007516
4.424000 0.344180 0.008286
4.425000 0.344169 0.009056
4.426000 0.344156 0.009826
4.427000 0.344141 0.010596
4.428000 0.344126 0.011365
4.429000 0.344109 0.012134
4.430000 0.344091 0.012903
4.431000 0.344072 0.013672
4.432000 0.344051 0.014440
4.433000 0.344029 0.015208
4.434000 0.344006 0.015976
4.435000 0.343982 0.016743
4.436000 0.343957 0.017510
4.437000 0.343930 0.018277
4.438000 0.343902 0.019044
4.439000 0.343873 0.019810
4.440000 0.343842 0.020576
4.441000 0.343811 0.021341
4.442000 0.343778 0.022107
4.443000 0.343744 0.022872
4.444000 0.343708 0.023637
4.445000 0.343672 0.024401
4.446000 0.343634 0.025165
4.447000 0.343595 0.025929
4.448000 0.343554 0.026692
4.449000 0.343513 0.027455
4.450000 0.343470 0.028218
4.451000 0.343426 0.028980
4.452000 0.343381 0.029743
4.453000 0.343334 0.030504
4.454000 0.343286 0.031266
4.455000 0.343237 0.032027
4.456000 0.343187 0.032788
4.457000 0.343136 0.033548
4.458000 0.343083 0.034308
4.459000 0.343029 0.035068
4.460000 0.342974 0.035827
4.461000 0.342918 0.036586
4.462000 0.342860 0.037345
4.463000 0.342801 0.038103
4.464000 0.342741 0.038861
4.465000 0.342680 0.039618
4.466000 0.342618 0.040376
4.467000 0.342554 0.041132
4.468000 0.342489 0.041889
4.469000 0.342423 0.042645
4.470000 0.342356 0.043400
4.471000 0.342287 0.044156
4.472000 0.342217 0.044911
4.473000 0.342146 0.045665
4.474000 0.342074 0.046419
4.475000 0.342001 0.047173
4.476000 0.341926 0.047926
4.477000 0.341850 0.048679
4.478000 0.341773 0.049432
4.479000 0.341695 0.050184
4.480000 0.341615 0.050935
4.481000 0.341535 0.051687
4.482000 0.341453 0.052438
4.483000 0.341370 0.053188
4.484000 0.341285 0.053938
4.485000 0.341200 0.054688
4.486000 0.341113 0.055437
4.487000 0.341025 0.056186
4.488000 0.340936 0.056934
4.489000 0.340845 0.057682
4.490000 0.340754 0.058429
4.491000 0.340661 0.059176
4.492000 0.340567 0.059923
4.493000 0.340472 0.060669
4.494000 0.340375 0.061415
4.495000 0.340278 0.062160
4.496000 0.340179 0.062905
4.497000 0.340079 0.063649
4.498000 0.339978 0.064393
4.499000 0.339875 0.065137
4.500000 0.339772 0.065880
4.501000 0.339667 0.066622
4.502000 0.339561 0.067364
4.503000 0.339454 0.068106
4.504000 0.339345 0.068847
4.505000 0.339236 0.069588
4.506000 0.339125 0.070328
4.507000 0.339013 0.071068
4.508000 0.338900 0.071807
4.509000 0.338786 0.072546
4.510000 0.338670 0.073284
4.511000 0.338553 0.074022
4.512000 0.338436 0.074759
4.513000 0.338317 0.075496
4.514000 0.338196 0.076232
4.515000 0.338075 0.076968
4.516000 0.337952 0.077704
4.517000 0.337828 0.078438
4.518000 0.337703 0.079173
4.519000 0.337577 0.079907
4.520000 0.337450 0.080640
4.521000 0.337321 0.081373
4.522000 0.337192 0.082105
4.523000 0.337061 0.082837
4.524000 0.336929 0.083568
4.525000 0.336796 0.084299
4.526000 0.336661 0.085029
4.527000 0.336526 0.085759
4.528000 0.336389 0.086488
4.529000 0.336251 0.087217
4.530000 0.336112 0.087945
4.531000 0.335972 0.088672
4.532000 0.335830 0.089399
4.533000 0.335688 0.090126
4.534000 0.335544 0.090852
4.535000 0.335399 0.091577
4.536000 0.335253 0.092302
4.537000 0.335106 0.093026
4.538000 0.334957 0.093750
4.539000 0.334808 0.094473
4.540000 0.334657 0.095196
4.541000 0.334505 0.095918
4.542000 0.334352 0.096640
4.543000 0.334198 0.097360
4.544000 0.334043 0.098081
4.545000 0.333886 0.098801
4.546000 0.333729 0.099520
4.547000 0.333570 0.100239
4.548000 0.333410 0.100957
4.549000 0.333249 0.101674
4.550000 0.333087 0.102391
4.551000 0.332923 0.103108
4.552000 0.332759 0.103823
4.553000 0.332593 0.104539
4.554000 0.332426 0.105253
4.555000 0.332258 0.105967
4.556000 0.332089 0.106681
4.557000 0.331919 0.107394
4.558000 0.331748 0.108106
4.559000 0.331575 0.108817
4.560000 0.331402 0.109528
4.561000 0.331227 0.110239
4.562000 0.331051 0.110949
4.563000 0.330874 0.111658
4.564000 0.330696 0.112366
4.565000 0.330516 0.113074
4.566000 0.330336 0.113782
4.567000 0.330155 0.114489
4.568000 0.329972 0.115195
4.569000 0.329788 0.115900
4.570000 0.329603 0.116605
4.571000 0.329417 0.117309
4.572000 0.329230 0.118013
4.573000 0.329042 0.118716
4.574000 0.328852 0.119418
4.575000 0.328662 0.120120
4.576000 0.328470 0.120821
4.577000 0.328277 0.121521
4.578000 0.328083 0.122221
4.579000 0.327888 0.122920
4.580000 0.327692 0.123619
4.581000 0.327495 0.124317
4.582000 0.327297 0.125014
4.583000 0.327097 0.125710
4.584000 0.326897 0.126406
4.585000 0.326695 0.127102
4.586000 0.326493 0.127796
4.587000 0.326289 0.128490
4.588000 0.326084 0.129183
4.589000 0.325878 0.129876
4.590000 0.325671 0.130568
4.591000 0.325462 0.131259
4.592000 0.325253 0.131949
4.593000 0.325043 0.132639
4.594000 0.324831 0.133328
4.595000 0.324618 0.134017
4.596000 0.324405 0.134705
4.597000 0.324190 0.135392
4.598000 0.323974 0.136078
4.599000 0.323757 0.136764
4.600000 0.323539 0.137449
4.601000 0.323320 0.138133
4.602000 0.323100 0.138817
4.603000 0.322878 0.139500
4.604000 0.322656 0.140182
4.605000 0.322432 0.140864
4.606000 0.322208 0.141545
4.607000 0.321982 0.142225
4.608000 0.321755 0.142904
4.609000 0.321528 0.143583
4.610000 0.321299 0.144261
4.611000 0.321069 0.144938
4.612000 0.320838 0.145615
4.613000 0.320606 0.146291
4.614000 0.320373 0.146966
4.615000 0.320139 0.147640
4.616000 0.319903 0.148314
4.617000 0.319667 0.148987
4.618000 0.319430 0.149659
4.619000 0.319191 0.150331
4.620000 0.318952 0.151002
4.621000 0.318711 0.151672
4.622000 0.318469 0.152341
4.623000 0.318227 0.153010
4.624000 0.317983 0.153677
4.625000 0.317738 0.154344
4.626000 0.317492 0.155011
4.627000 0.317246 0.155676
4.628000 0.316998 0.156341
4.629000 0.316749 0.157005
4.630000 0.316499 0.157669
4.631000 0.316248 0.158331
4.632000 0.315995 0.158993
4.633000 0.315742 0.159654
4.634000 0.315488 0.160314
4.635000 0.315233 0.160974
4.636000 0.314977 0.161633
4.637000 0.314719 0.162291
4.638000 0.314461 0.162948
4.639000 0.314202 0.163604
4.640000 0.313941 0.164260
4.641000 0.313680 0.164915
4.642000 0.313417 0.165569
4.643000 0.313154 0.166222
4.644000 0.312889 0.166875
4.645000 0.312624 0.167527
4.646000 0.312357 0.168178
4.647000 0.312090 0.168828
4.648000 0.311821 0.169477
4.649000 0.311552 0.170126
4.650000 0.311281 0.170774
4.651000 0.311009 0.171421
4.652000 0.310737 0.172067
4.653000 0.310463 0.172712
4.654000 0.310188 0.173357
4.655000 0.309913 0.174001
4.656000 0.309636 0.174644
4.657000 0.309358 0.175286
4.658000 0.309080 0.175927
4.659000 0.308800 0.176568
4.660000 0.308519 0.177208
4.661000 0.308237 0.177847
4.662000 0.307955 0.178485
4.663000 0.307671 0.179122
4.664000 0.307386 0.179759
4.665000 0.307101 0.180394
4.666000 0.306814 0.181029
4.667000 0.306526 0.181663
4.668000 0.306238 0.182297
4.669000 0.305948 0.182929
4.670000 0.305657 0.183561
4.671000 0.305366 0.184191
4.672000 0.305073 0.184821
4.673000 0.304780 0.185450
4.674000 0.304485 0.186078
4.675000 0.304190 0.186706
4.676000 0.303893 0.187332
4.677000 0.303596 0.187958
4.678000 0.303297 0.188583
4.679000 0.302998 0.189207
4.680000 0.302697 0.189830
4.681000 0.302396 0.190452
4.682000 0.302094 0.191074
4.683000 0.301790 0.191694
4.684000 0.301486 0.192314
4.685000 0.301181 0.192933
4.686000 0.300875 0.193551
4.687000 0.300567 0.194168
4.688000 0.300259 0.194784
4.689000 0.299950 0.195400
4.690000 0.299640 0.196014
4.691000 0.299329 0.196628
4.692000 0.299017 0.197241
4.693000 0.298704 0.197853
4.694000 0.298391 0.198464
4.695000 0.298076 0.199074
4.696000 0.297760 0.199683
4.697000 0.297444 0.200292
4.698000 0.297126 0.200899
4.699000 0.296807 0.201506
4.700000 0.296488 0.202112
4.701000 0.296168 0.202717
4.702000 0.295846 0.203321
4.703000 0.295524 0.203924
4.704000 0.295201 0.204526
4.705000 0.294877 0.205128
4.706000 0.294551 0.205728
4.707000 0.294225 0.206328
4.708000 0.293899 0.206926
4.709000 0.293571 0.207524
4.710000 0.293242 0.208121
4.711000 0.292912 0.208717
4.712000 0.292582 0.209312
4.713000 0.292250 0.209906
4.714000 0.291918 0.210499
4.715000 0.291584 0.211092
4.716000 0.291250 0.211683
4.717000 0.290915 0.212274
4.718000 0.290579 0.212863
4.719000 0.290242 0.213452
4.720000 0.289904 0.214040
4.721000 0.289565 0.214626
4.722000 0.289225 0.215212
4.723000 0.288885 0.215797
4.724000 0.288543 0.216381
4.725000 0.288201 0.216965
4.726000 0.287858 0.217547
4.727000 0.287513 0.218128
4.728000 0.287168 0.218708
4.729000 0.286822 0.219288
4.730000 0.286475 0.219866
4.731000 0.286128 0.220444
4.732000 0.285779 0.221021
4.733000 0.285430 0.221596
4.734000 0.285079 0.222171
4.735000 0.284728 0.222745
4.736000 0.284376 0.223318
4.737000 0.284023 0.223890
4.738000 0.283669 0.224461
4.739000 0.283314 0.225031
4.740000 0.282958 0.225600
4.741000 0.282602 0.226168
4.742000 0.282244 0.226735
4.743000 0.281886 0.227301
4.744000 0.281527 0.227867
4.745000 0.281167 0.228431
4.746000 0.280806 0.228994
4.747000 0.280444 0.229557
4.748000 0.280082 0.230118
4.749000 0.279718 0.230679
4.750000 0.279354 0.231238
4.751000 0.278989 0.231797
4.752000 0.278623 0.232354
4.753000 0.278256 0.232911
4.754000 0.277888 0.233467
4.755000 0.277520 0.234021
4.756000 0.277150 0.234575
4.757000 0.276780 0.235128
4.758000 0.276409 0.235680
4.759000 0.276037 0.236230
4.760000 0.275664 0.236780
4.761000 0.275291 0.237329
4.762000 0.274916 0.237877
4.763000 0.274541 0.238424
4.764000 0.274165 0.238970
4.765000 0.273788 0.239515
4.766000 0.273410 0.240058
4.767000 0.273032 0.240601
4.768000 0.272652 0.241143
4.769000 0.272272 0.241684
4.770000 0.271891 0.242224
4.771000 0.271509 0.242763
4.772000 0.271127 0.243301
4.773000 0.270743 0.243838
4.774000 0.270359 0.244374
4.775000 0.269974 0.244909
4.776000 0.269588 0.245443
4.777000 0.269201 0.245976
4.778000 0.268814 0.246508
4.779000 0.268425 0.247039
4.780000 0.268036 0.247569
4.781000 0.267646 0.248098
4.782000 0.267255 0.248626
4.783000 0.266864 0.249153
4.784000 0.266471 0.249679
4.785000 0.266078 0.250204
4.786000 0.265684 0.250727
4.787000 0.265290 0.251250
4.788000 0.264894 0.251772
4.789000 0.264498 0.252293
4.790000 0.264101 0.252813
4.791000 0.263703 0.253332
4.792000 0.263304 0.253850
4.793000 0.262905 0.254366
4.794000 0.262505 0.254882
4.795000 0.262104 0.255397
4.796000 0.261702 0.255910
4.797000 0.261299 0.256423
4.798000 0.260896 0.256935
4.799000 0.260492 0.257445
4.800000 0.260087 0.257955
4.801000 0.259682 0.258463
4.802000 0.259275 0.258971
4.803000 0.258868 0.259477
4.804000 0.258460 0.259983
4.805000 0.258052 0.260487
4.806000 0.257642 0.260991
4.807000 0.257232 0.261493
4.808000 0.256821 0.261994
4.809000 0.256409 0.262494
4.810000 0.255997 0.262994
4.811000 0.255584 0.263492
4.812000 0.255170 0.263989
4.813000 0.254755 0.264485
4.814000 0.254340 0.264980
4.815000 0.253924 0.265474
4.816000 0.253507 0.265967
4.817000 0.253089 0.266459
4.818000 0.252671 0.266949
4.819000 0.252252 0.267439
4.820000 0.251832 0.267928
4.821000 0.251411 0.268415
4.822000 0.250990 0.268902
4.823000 0.250568 0.269387
4.824000 0.250145 0.269872
4.825000 0.249722 0.270355
4.826000 0.249298 0.270838
4.827000 0.248873 0.271319
4.828000 0.248447 0.271799
4.829000 0.248021 0.272278
4.830000 0.247594 0.272756
4.831000 0.247166 0.273233
4.832000 0.246738 0.273709
4.833000 0.246309 0.274184
4.834000 0.245879 0.274658
4.835000 0.245448 0.275130
4.836000 0.245017 0.275602
4.837000 0.244585 0.276073
4.838000 0.244152 0.276542
4.839000 0.243719 0.277011
4.840000 0.243285 0.277478
4.841000 0.242850 0.277944
4.842000 0.242415 0.278409
4.843000 0.241978 0.278873
4.844000 0.241542 0.279336
4.845000 0.241104 0.279798
4.846000 0.240666 0.280259
4.847000 0.240227 0.280719
4.848000 0.239787 0.281177
4.849000 0.239347 0.281635
4.850000 0.238906 0.282091
4.851000 0.238465 0.282547
4.852000 0.238022 0.283001
4.853000 0.237579 0.283454
4.854000 0.237136 0.283906
4.855000 0.236691 0.284357
4.856000 0.236246 0.284807
4.857000 0.235801 0.285256
4.858000 0.235355 0.285704
4.859000 0.234908 0.286150
4.860000 0.234460 0.286596
4.861000 0.234012 0.287040
4.862000 0.233563 0.287484
4.863000 0.233113 0.287926
4.864000 0.232663 0.288367
4.865000 0.232212 0.288807
4.866000 0.231761 0.289246
4.867000 0.231308 0.289684
4.868000 0.230856 0.290120
4.869000 0.230402 0.290556
4.870000 0.229948 0.290990
4.871000 0.229493 0.291424
4.872000 0.229038 0.291856
4.873000 0.228582 0.292287
4.874000 0.228125 0.292717
4.875000 0.227668 0.293146
4.876000 0.227210 0.293574
4.877000 0.226752 0.294000
4.878000 0.226293 0.294426
4.879000 0.225833 0.294850
4.880000 0.225372 0.295274
4.881000 0.224911 0.295696
4.882000 0.224450 0.296117
4.883000 0.223988 0.296537
4.884000 0.223525 0.296956
4.885000 0.223061 0.297373
4.886000 0.222597 0.297790
4.887000 0.222132 0.298205
4.888000 0.221667 0.298620
4.889000 0.221201 0.299033
4.890000 0.220735 0.299445
4.891000 0.220268 0.299856
4.892000 0.219800 0.300266
4.893000 0.219332 0.300674
4.894000 0.218863 0.301082
4.895000 0.218393 0.301488
4.896000 0.217923 0.301894
4.897000 0.217452 0.302298
4.898000 0.216981 0.302701
4.899000 0.216509 0.303103
4.900000 0.216037 0.303503
4.901000 0.215564 0.303903
4.902000 0.215090 0.304301
4.903000 0.214616 0.304699
4.904000 0.214141 0.305095
4.905000 0.213666 0.305490
4.906000 0.213190 0.305884
4.907000 0.212713 0.306276
4.908000 0.212236 0.306668
4.909000 0.211759 0.307059
4.910000 0.211281 0.307448
4.911000 0.210802 0.307836
4.912000 0.210323 0.308223
4.913000 0.209843 0.308609
4.914000 0.209362 0.308994
4.915000 0.208881 0.309377
4.916000 0.208400 0.309760
4.917000 0.207918 0.310141
4.918000 0.207435 0.310521
4.919000 0.206952 0.310900
4.920000 0.206468 0.311278
4.921000 0.205984 0.311654
4.922000 0.205499 0.312030
4.923000 0.205013 0.312404
4.924000 0.204528 0.312777
4.925000 0.204041 0.313149
4.926000 0.203554 0.313520
4.927000 0.203067 0.313890
4.928000 0.202578 0.314258
4.929000 0.202090 0.314626
4.930000 0.201601 0.314992
4.931000 0.201111 0.315357
4.932000 0.200621 0.315721
4.933000 0.200130 0.316084
4.934000 0.199639 0.316445
4.935000 0.199147 0.316806
4.936000 0.198655 0.317165
4.937000 0.198162 0.317523
4.938000 0.197669 0.317880
4.939000 0.197175 0.318236
4.940000 0.196681 0.318590
4.941000 0.196186 0.318943
4.942000 0.195691 0.319296
4.943000 0.195195 0.319647
4.944000 0.194699 0.319997
4.945000 0.194202 0.320345
4.946000 0.193704 0.320693
4.947000 0.193207 0.321039
4.948000 0.192708 0.321384
4.949000 0.192209 0.321728
4.950000 0.191710 0.322071
4.951000 0.191210 0.322413
4.952000 0.190710 0.322753
4.953000 0.190209 0.323093
4.954000 0.189708 0.323431
4.955000 0.189206 0.323768
4.956000 0.188704 0.324103
4.957000 0.188201 0.324438
4.958000 0.187698 0.324771
4.959000 0.187194 0.325104
4.960000 0.186690 0.325435
4.961000 0.186186 0.325764
4.962000 0.185681 0.326093
4.963000 0.185175 0.326421
4.964000 0.184669 0.326747
4.965000 0.184163 0.327072
4.966000 0.183656 0.327396
4.967000 0.183148 0.327719
4.968000 0.182641 0.328040
4.969000 0.182132 0.328361
4.970000 0.181624 0.328680
4.971000 0.181114 0.328998
4.972000 0.180605 0.329314
4.973000 0.180095 0.329630
4.974000 0.179584 0.329944
4.975000 0.179073 0.330258
4.976000 0.178562 0.330570
4.977000 0.178050 0.330881
4.978000 0.177538 0.331190
4.979000 0.177025 0.331499
4.980000 0.176512 0.331806
4.981000 0.175998 0.332112
4.982000 0.175484 0.332417
4.983000 0.174970 0.332720
4.984000 0.174455 0.333023
4.985000 0.173939 0.333324
4.986000 0.173424 0.333624
4.987000 0.172907 0.333923
4.988000 0.172391 0.334221
4.989000 0.171874 0.334517
4.990000 0.171356 0.334812
4.991000 0.170839 0.335107
4.992000 0.170320 0.335399
4.993000 0.169802 0.335691
4.994000 0.169283 0.335981
4.995000 0.168763 0.336271
4.996000 0.168243 0.336559
4.997000 0.167723 0.336846
4.998000 0.167202 0.337131
4.999000 0.166681 0.337416
5.000000 0.166160 0.337699
5.001000 0.165638 0.337981
5.002000 0.165116 0.338262
5.003000 0.164593 0.338541
5.004000 0.164070 0.338820
5.005000 0.163546 0.339097
5.006000 0.163023 0.339373
5.007000 0.162498 0.339648
5.008000 0.161974 0.339921
5.009000 0.161449 0.340194
5.010000 0.160924 0.340465
5.011000 0.160398 0.340735
5.012000 0.159872 0.341003
5.013000 0.159345 0.341271
5.014000 0.158818 0.341537
5.015000 0.158291 0.341802
5.016000 0.157764 0.342066
5.017000 0.157236 0.342329
5.018000 0.156707 0.342590
5.019000 0.156179 0.342850
5.020000 0.155650 0.343109
5.021000 0.155120 0.343367
5.022000 0.154591 0.343624
5.023000 0.154060 0.343879
5.024000 0.153530 0.344133
5.025000 0.152999 0.344386
5.026000 0.152468 0.344638
5.027000 0.151937 0.344888
5.028000 0.151405 0.345138
5.029000 0.150873 0.345386
5.030000 0.150340 0.345633
5.031000 0.149807 0.345878
5.032000 0.149274 0.346123
5.033000 0.148740 0.346366
5.034000 0.148207 0.346608
5.035000 0.147672 0.346848
5.036000 0.147138 0.347088
5.037000 0.146603 0.347326
5.038000 0.146068 0.347563
5.039000 0.145532 0.347799
5.040000 0.144997 0.348034
5.041000 0.144460 0.348267
5.042000 0.143924 0.348499
5.043000 0.143387 0.348730
5.044000 0.142850 0.348960
5.045000 0.142313 0.349188
5.046000 0.141775 0.349416
5.047000 0.141237 0.349642
5.048000 0.140699 0.349867
5.049000 0.140160 0.350090
5.050000 0.139621 0.350312
5.051000 0.139082 0.350534
5.052000 0.138542 0.350753
5.053000 0.138002 0.350972
5.054000 0.137462 0.351190
5.055000 0.136922 0.351406
5.056000 0.136381 0.351621
5.057000 0.135840 0.351835
5.058000 0.135299 0.352047
5.059000 0.134757 0.352258
5.060000 0.134215 0.352468
5.061000 0.133673 0.352677
5.062000 0.133131 0.352885
5.063000 0.132588 0.353091
5.064000 0.132045 0.353296
5.065000 0.131502 0.353500
5.066000 0.130958 0.353703
5.067000 0.130415 0.353904
5.068000 0.129871 0.354105
5.069000 0.129326 0.354304
5.070000 0.128782 0.354501
5.071000 0.128237 0.354698
5.072000 0.127692 0.354893
5.073000 0.127146 0.355087
5.074000 0.126601 0.355280
5.075000 0.126055 0.355471
5.076000 0.125509 0.355662
5.077000 0.124962 0.355851
5.078000 0.124415 0.356039
5.079000 0.123869 0.356225
5.080000 0.123321 0.356411
5.081000 0.122774 0.356595
5.082000 0.122226 0.356778
5.083000 0.121679 0.356959
5.084000 0.121130 0.357140
5.085000 0.120582 0.357319
5.086000 0.120033 0.357497
5.087000 0.119485 0.357674
5.088000 0.118936 0.357849
5.089000 0.118386 0.358023
5.090000 0.117837 0.358196
5.091000 0.117287 0.358368
5.092000 0.116737 0.358539
5.093000 0.116187 0.358708
5.094000 0.115637 0.358876
5.095000 0.115086 0.359043
5.096000 0.114535 0.359208
5.097000 0.113984 0.359373
5.098000 0.113433 0.359536
5.099000 0.112881 0.359698
5.100000 0.112330 0.359858
5.101000 0.111778 0.360018
5.102000 0.111226 0.360176
5.103000 0.110673 0.360333
5.104000 0.110121 0.360488
5.105000 0.109568 0.360643
5.106000 0.109015 0.360796
5.107000 0.108462 0.360948
5.108000 0.107909 0.361098
5.109000 0.107355 0.361248
5.110000 0.106802 0.361396
5.111000 0.106248 0.361543
5.112000 0.105694 0.361689
5.113000 0.105140 0.361833
5.114000 0.104585 0.361976
5.115000 0.104031 0.362118
5.116000 0.103476 0.362259
5.117000 0.102921 0.362399
5.118000 0.102366 0.362537
5.119000 0.101810 0.362674
5.120000 0.101255 0.362810
5.121000 0.100699 0.362944
5.122000 0.100144 0.363077
5.123000 0.099588 0.363209
5.124000 0.099031 0.363340
5.125000 0.098475 0.363470
5.126000 0.097919 0.363598
5.127000 0.097362 0.363725
5.128000 0.096805 0.363851
5.129000 0.096248 0.363975
5.130000 0.095691 0.364099
5.131000 0.095134 0.364221
5.132000 0.094577 0.364341
5.133000 0.094019 0.364461
5.134000 0.093462 0.364579
5.135000 0.092904 0.364696
5.136000 0.092346 0.364812
5.137000 0.091788 0.364927
5.138000 0.091230 0.365040
5.139000 0.090671 0.365152
5.140000 0.090113 0.365263
5.141000 0.089554 0.365373
5.142000 0.088995 0.365481
5.143000 0.088436 0.365588
5.144000 0.087877 0.365694
5.145000 0.087318 0.365798
5.146000 0.086759 0.365902
5.147000 0.086200 0.366004
5.148000 0.085640 0.366105
5.149000 0.085081 0.366204
5.150000 0.084521 0.366303
5.151000 0.083961 0.366400
5.152000 0.083401 0.366496
5.153000 0.082841 0.366590
5.154000 0.082281 0.366684
5.155000 0.081720 0.366776
5.156000 0.081160 0.366867
5.157000 0.080600 0.366956
5.158000 0.080039 0.367045
5.159000 0.079478 0.367132
5.160000 0.078918 0.367218
5.161000 0.078357 0.367302
5.162000 0.077796 0.367386
5.163000 0.077235 0.367468
5.164000 0.076674 0.367549
5.165000 0.076112 0.367629
5.166000 0.075551 0.367707
5.167000 0.074990 0.367784
5.168000 0.074428 0.367860
5.169000 0.073867 0.367935
5.170000 0.073305 0.368008
5.171000 0.072743 0.368080
5.172000 0.072181 0.368151
5.173000 0.071620 0.368221
5.174000 0.071058 0.368289
5.175000 0.070496 0.368356
5.176000 0.069934 0.368422
5.177000 0.069372 0.368487
5.178000 0.068809 0.368550
5.179000 0.068247 0.368613
5.180000 0.067685 0.368674
5.181000 0.067122 0.368733
5.182000 0.066560 0.368792
5.183000 0.065998 0.368849
5.184000 0.065435 0.368905
5.185000 0.064872 0.368960
5.186000 0.064310 0.369013
5.187000 0.063747 0.369065
5.188000 0.063184 0.369116
5.189000 0.062622 0.369166
5.190000 0.062059 0.369214
5.191000 0.061496 0.369262
5.192000 0.060933 0.369308
5.193000 0.060370 0.369352
5.194000 0.059807 0.369396
5.195000 0.059244 0.369438
5.196000 0.058681 0.369479
5.197000 0.058118 0.369519
5.198000 0.057555 0.369557
5.199000 0.056992 0.369594
5.200000 0.056429 0.369630
5.201000 0.055866 0.369665
5.202000 0.055303 0.369699
5.203000 0.054740 0.369731
5.204000 0.054177 0.369762
5.205000 0.053613 0.369792
5.206000 0.053050 0.369820
5.207000 0.052487 0.369847
5.208000 0.051924 0.369873
5.209000 0.051361 0.369898
5.210000 0.050797 0.369922
5.211000 0.050234 0.369944
5.212000 0.049671 0.369965
5.213000 0.049108 0.369985
5.214000 0.048545 0.370003
5.215000 0.047981 0.370021
5.216000 0.047418 0.370037
5.217000 0.046855 0.370052
5.218000 0.046292 0.370065
5.219000 0.045729 0.370078
5.220000 0.045166 0.370089
5.221000 0.044602 0.370099
5.222000 0.044039 0.370107
5.223000 0.043476 0.370115
5.224000 0.042913 0.370121
5.225000 0.042350 0.370125
5.226000 0.041787 0.370129
5.227000 0.041224 0.370132
5.228000 0.040661 0.370133
5.229000 0.040098 0.370133
5.230000 0.039536 0.370131
5.231000 0.038973 0.370129
5.232000 0.038410 0.370125
5.233000 0.037847 0.370120
5.234000 0.037284 0.370113
5.235000 0.036722 0.370106
5.236000 0.036159 0.370097
5.237000 0.035597 0.370087
5.238000 0.035034 0.370076
5.239000 0.034472 0.370063
5.240000 0.033909 0.370049
5.241000 0.033347 0.370034
5.242000 0.032784 0.370018
5.243000 0.032222 0.370001
5.244000 0.031660 0.369982
5.245000 0.031098 0.369962
5.246000 0.030536 0.369941
5.247000 0.029974 0.369918
5.248000 0.029412 0.369895
5.249000 0.028850 0.369870
5.250000 0.028288 0.369844
5.251000 0.027726 0.369816
5.252000 0.027165 0.369788
5.253000 0.026603 0.369758
5.254000 0.026042 0.369727
5.255000 0.025480 0.369694
5.256000 0.024919 0.369661
5.257000 0.024358 0.369626
5.258000 0.023796 0.369590
5.259000 0.023235 0.369553
5.260000 0.022674 0.369514
5.261000 0.022114 0.369474
5.262000 0.021553 0.369433
5.263000 0.020992 0.369391
5.264000 0.020431 0.369348
5.265000 0.019871 0.369303
5.266000 0.019311 0.369257
5.267000 0.018750 0.369210
5.268000 0.018190 0.369161
5.269000 0.017630 0.369112
5.270000 0.017070 0.369061
5.271000 0.016510 0.369009
5.272000 0.015950 0.368955
5.273000 0.015391 0.368901
5.274000 0.014831 0.368845
5.275000 0.014272 0.368788
5.276000 0.013712 0.368730
5.277000 0.013153 0.368670
5.278000 0.012594 0.368610
5.279000 0.012035 0.368548
5.280000 0.011476 0.368484
5.281000 0.010918 0.368420
5.282000 0.010359 0.368354
5.283000 0.009801 0.368287
5.284000 0.009243 0.368219
5.285000 0.008684 0.368150
5.286000 0.008126 0.368079
5.287000 0.007569 0.368008
5.288000 0.007011 0.367935
5.289000 0.006453 0.367860
5.290000 0.005896 0.367785
5.291000 0.005339 0.367708
5.292000 0.004781 0.367630
5.293000 0.004224 0.367551
5.294000 0.003668 0.367471
5.295000 0.003111 0.367389
5.296000 0.002554 0.367306
5.297000 0.001998 0.367222
5.298000 0.001442 0.367137
5.299000 0.000886 0.367050
5.300000 0.000330 0.366963
5.301000 -0.000226 0.366874
5.302000 -0.000781 0.366783
5.303000 -0.001337 0.366692
5.304000 -0.001892 0.366599
5.305000 -0.002447 0.366506
5.306000 -0.003002 0.366411
5.307000 -0.003556 0.366314
5.308000 -0.004111 0.366217
5.309000 -0.004665 0.366118
5.310000 -0.005219 0.366018
5.311000 -0.005773 0.365917
5.312000 -0.006327 0.365814
5.313000 -0.006881 0.365711
5.314000 -0.007434 0.365606
5.315000 -0.007987 0.365500
5.316000 -0.008540 0.365393
5.317000 -0.009093 0.365284
5.318000 -0.009646 0.365175
5.319000 -0.010198 0.365064
5.320000 -0.010750 0.364951
5.321000 -0.011302 0.364838
5.322000 -0.011854 0.364724
5.323000 -0.012406 0.364608
5.324000 -0.012957 0.364491
5.325000 -0.013508 0.364373
5.326000 -0.014059 0.364253
5.327000 -0.014610 0.364133
5.328000 -0.015161 0.364011
5.329000 -0.015711 0.363888
5.330000 -0.016261 0.363763
5.331000 -0.016811 0.363638
5.332000 -0.017361 0.363511
5.333000 -0.017910 0.363383
5.334000 -0.018459 0.363254
5.335000 -0.019008 0.363124
5.336000 -0.019557 0.362992
5.337000 -0.020105 0.362860
5.338000 -0.020654 0.362726
5.339000 -0.021202 0.362591
5.340000 -0.021750 0.362454
5.341000 -0.022297 0.362317
5.342000 -0.022844 0.362178
5.343000 -0.023392 0.362038
5.344000 -0.023938 0.361897
5.345000 -0.024485 0.361754
5.346000 -0.025031 0.361611
5.347000 -0.025577 0.361466
5.348000 -0.026123 0.361320
5.349000 -0.026669 0.361173
5.350000 -0.027214 0.361024
5.351000 -0.027759 0.360875
5.352000 -0.028304 0.360724
5.353000 -0.028849 0.360572
5.354000 -0.029393 0.360419
5.355000 -0.029937 0.360264
5.356000 -0.030481 0.360109
5.357000 -0.031024 0.359952
5.358000 -0.031568 0.359794
5.359000 -0.032111 0.359635
5.360000 -0.032653 0.359474
5.361000 -0.033196 0.359313
5.362000 -0.033738 0.359150
5.363000 -0.034280 0.358986
5.364000 -0.034821 0.358821
5.365000 -0.035362 0.358654
5.366000 -0.035903 0.358487
5.367000 -0.036444 0.358318
5.368000 -0.036985 0.358148
5.369000 -0.037525 0.357977
5.370000 -0.038065 0.357804
5.371000 -0.038604 0.357631
5.372000 -0.039143 0.357456
5.373000 -0.039682 0.357280
5.374000 -0.040221 0.357103
5.375000 -0.040759 0.356925
5.376000 -0.041297 0.356745
5.377000 -0.041835 0.356565
5.378000 -0.042373 0.356383
5.379000 -0.042910 0.356200
5.380000 -0.043446 0.356016
5.381000 -0.043983 0.355830
5.382000 -0.044519 0.355644
5.383000 -0.045055 0.355456
5.384000 -0.045591 0.355267
5.385000 -0.046126 0.355077
5.386000 -0.046661 0.354885
5.387000 -0.047195 0.354693
5.388000 -0.047730 0.354499
5.389000 -0.048264 0.354304
5.390000 -0.048797 0.354108
5.391000 -0.049330 0.353911
5.392000 -0.049863 0.353713
5.393000 -0.050396 0.353513
5.394000 -0.050928 0.353312
5.395000 -0.051460 0.353110
5.396000 -0.051992 0.352907
5.397000 -0.052523 0.352703
5.398000 -0.053054 0.352497
5.399000 -0.053585 0.352291
5.400000 -0.054115 0.352083
5.401000 -0.054645 0.351874
5.402000 -0.055174 0.351664
5.403000 -0.055703 0.351452
5.404000 -0.056232 0.351240
5.405000 -0.056761 0.351026
5.406000 -0.057289 0.350811
5.407000 -0.057816 0.350595
5.408000 -0.058344 0.350378
5.409000 -0.058871 0.350160
5.410000 -0.059398 0.349940
5.411000 -0.059924 0.349720
5.412000 -0.060450 0.349498
5.413000 -0.060975 0.349275
5.414000 -0.061500 0.349051
5.415000 -0.062025 0.348825
5.416000 -0.062550 0.348599
5.417000 -0.063074 0.348371
5.418000 -0.063597 0.348142
5.419000 -0.064121 0.347912
5.420000 -0.064644 0.347681
5.421000 -0.065166 0.347449
5.422000 -0.065688 0.347215
5.423000 -0.066210 0.346981
5.424000 -0.066731 0.346745
5.425000 -0.067252 0.346508
5.426000 -0.067773 0.346270
5.427000 -0.068293 0.346031
5.428000 -0.068813 0.345790
5.429000 -0.069332 0.345549
5.430000 -0.069851 0.345306
5.431000 -0.070370 0.345062
5.432000 -0.070888 0.344817
5.433000 -0.071405 0.344571
5.434000 -0.071923 0.344324
5.435000 -0.072440 0.344075
5.436000 -0.072956 0.343826
5.437000 -0.073472 0.343575
5.438000 -0.073988 0.343323
5.439000 -0.074503 0.343070
5.440000 -0.075018 0.342816
5.441000 -0.075533 0.342560
5.442000 -0.076047 0.342304
5.443000 -0.076560 0.342046
5.444000 -0.077073 0.341787
5.445000 -0.077586 0.341527
5.446000 -0.078098 0.341266
5.447000 -0.078610 0.341004
5.448000 -0.079122 0.340741
5.449000 -0.079633 0.340476
5.450000 -0.080143 0.340211
5.451000 -0.080653 0.339944
5.452000 -0.081163 0.339676
5.453000 -0.081672 0.339407
5.454000 -0.082181 0.339137
5.455000 -0.082689 0.338866
5.456000 -0.083197 0.338593
5.457000 -0.083705 0.338320
5.458000 -0.084212 0.338045
5.459000 -0.084718 0.337769
5.460000 -0.085224 0.337492
5.461000 -0.085730 0.337214
5.462000 -0.086235 0.336935
5.463000 -0.086740 0.336655
5.464000 -0.087244 0.336373
5.465000 -0.087748 0.336091
5.466000 -0.088251 0.335807
5.467000 -0.088754 0.335522
5.468000 -0.089256 0.335236
5.469000 -0.089758 0.334949
5.470000 -0.090259 0.334661
5.471000 -0.090760 0.334371
5.472000 -0.091261 0.334081
5.473000 -0.091761 0.333790
5.474000 -0.092260 0.333497
5.475000 -0.092759 0.333203
5.476000 -0.093258 0.332908
5.477000 -0.093756 0.332612
5.478000 -0.094253 0.332315
5.479000 -0.094750 0.332017
5.480000 -0.095247 0.331717
5.481000 -0.095743 0.331417
5.482000 -0.096239 0.331115
5.483000 -0.096734 0.330813
5.484000 -0.097228 0.330509
5.485000 -0.097722 0.330204
5.486000 -0.098216 0.329898
5.487000 -0.098709 0.329591
5.488000 -0.099202 0.329283
5.489000 -0.099694 0.328973
5.490000 -0.100185 0.328663
5.491000 -0.100676 0.328351
5.492000 -0.101167 0.328039
5.493000 -0.101657 0.327725
5.494000 -0.102146 0.327410
5.495000 -0.102635 0.327094
5.496000 -0.103124 0.326777
5.497000 -0.103612 0.326459
5.498000 -0.104099 0.326140
5.499000 -0.104586 0.325819
5.500000 -0.105072 0.325498
5.501000 -0.105558 0.325176
5.502000 -0.106043 0.324852
5.503000 -0.106528 0.324527
5.504000 -0.107012 0.324201
5.505000 -0.107496 0.323875
5.506000 -0.107979 0.323547
5.507000 -0.108462 0.323218
5.508000 -0.108944 0.322887
5.509000 -0.109425 0.322556
5.510000 -0.109906 0.322224
5.511000 -0.110387 0.321891
5.512000 -0.110867 0.321556
5.513000 -0.111346 0.321221
5.514000 -0.111825 0.320884
5.515000 -0.112303 0.320546
5.516000 -0.112781 0.320207
5.517000 -0.113258 0.319868
5.518000 -0.113734 0.319527
5.519000 -0.114210 0.319185
5.520000 -0.114686 0.318842
5.521000 -0.115161 0.318497
5.522000 -0.115635 0.318152
5.523000 -0.116109 0.317806
5.524000 -0.116582 0.317458
5.525000 -0.117054 0.317110
5.526000 -0.117526 0.316760
5.527000 -0.117998 0.316410
5.528000 -0.118469 0.316058
5.529000 -0.118939 0.315706
5.530000 -0.119409 0.315352
5.531000 -0.119878 0.314997
5.532000 -0.120346 0.314641
5.533000 -0.120814 0.314284
5.534000 -0.121281 0.313926
5.535000 -0.121748 0.313567
5.536000 -0.122214 0.313207
5.537000 -0.122680 0.312846
5.538000 -0.123145 0.312483
5.539000 -0.123609 0.312120
5.540000 -0.124073 0.311756
5.541000 -0.124536 0.311390
5.542000 -0.124999 0.311024
5.543000 -0.125461 0.310656
5.544000 -0.125922 0.310288
5.545000 -0.126383 0.309918
5.546000 -0.126843 0.309548
5.547000 -0.127302 0.309176
5.548000 -0.127761 0.308803
5.549000 -0.128220 0.308429
5.550000 -0.128677 0.308055
5.551000 -0.129134 0.307679
5.552000 -0.129591 0.307302
5.553000 -0.130047 0.306924
5.554000 -0.130502 0.306545
5.555000 -0.130956 0.306165
5.556000 -0.131410 0.305784
5.557000 -0.131864 0.305402
5.558000 -0.132316 0.305019
5.559000 -0.132768 0.304635
5.560000 -0.133220 0.304249
5.561000 -0.133670 0.303863
5.562000 -0.134121 0.303476
5.563000 -0.134570 0.303088
5.564000 -0.135019 0.302698
5.565000 -0.135467 0.302308
5.566000 -0.135915 0.301917
5.567000 -0.136362 0.301524
5.568000 -0.136808 0.301131
5.569000 -0.137253 0.300737
5.570000 -0.137698 0.300341
5.571000 -0.138143 0.299945
5.572000 -0.138586 0.299547
5.573000 -0.139029 0.299149
5.574000 -0.139472 0.298749
5.575000 -0.139913 0.298349
5.576000 -0.140354 0.297947
5.577000 -0.140795 0.297545
5.578000 -0.141234 0.297141
5.579000 -0.141673 0.296737
5.580000 -0.142112 0.296331
5.581000 -0.142549 0.295925
5.582000 -0.142986 0.295517
5.583000 -0.143423 0.295109
5.584000 -0.143858 0.294699
5.585000 -0.144293 0.294288
5.586000 -0.144727 0.293877
5.587000 -0.145161 0.293464
5.588000 -0.145594 0.293051
5.589000 -0.146026 0.292636
5.590000 -0.146458 0.292221
5.591000 -0.146889 0.291804
5.592000 -0.147319 0.291387
5.593000 -0.147748 0.290968
5.594000 -0.148177 0.290549
5.595000 -0.148605 0.290128
5.596000 -0.149032 0.289707
5.597000 -0.149459 0.289284
5.598000 -0.149885 0.288861
5.599000 -0.150310 0.288436
5.600000 -0.150735 0.288011
5.601000 -0.151159 0.287585
5.602000 -0.151582 0.287157
5.603000 -0.152004 0.286729
5.604000 -0.152426 0.286300
5.605000 -0.152847 0.285869
5.606000 -0.153267 0.285438
5.607000 -0.153687 0.285006
5.608000 -0.154106 0.284573
5.609000 -0.154524 0.284138
5.610000 -0.154941 0.283703
5.611000 -0.155358 0.283267
5.612000 -0.155774 0.282830
5.613000 -0.156189 0.282392
5.614000 -0.156604 0.281953
5.615000 -0.157018 0.281513
5.616000 -0.157431 0.281072
5.617000 -0.157843 0.280630
5.618000 -0.158254 0.280188
5.619000 -0.158665 0.279744
5.620000 -0.159075 0.279299
5.621000 -0.159485 0.278853
5.622000 -0.159893 0.278407
5.623000 -0.160301 0.277959
5.624000 -0.160708 0.277511
5.625000 -0.161115 0.277061
5.626000 -0.161520 0.276611
5.627000 -0.161925 0.276159
5.628000 -0.162329 0.275707
5.629000 -0.162733 0.275254
5.630000 -0.163135 0.274799
5.631000 -0.163537 0.274344
5.632000 -0.163938 0.273888
5.633000 -0.164338 0.273431
5.634000 -0.164738 0.272973
5.635000 -0.165137 0.272514
5.636000 -0.165535 0.272055
5.637000 -0.165932 0.271594
5.638000 -0.166329 0.271132
5.639000 -0.166724 0.270670
5.640000 -0.167119 0.270206
5.641000 -0.167513 0.269742
5.642000 -0.167907 0.269276
5.643000 -0.168299 0.268810
5.644000 -0.168691 0.268343
5.645000 -0.169082 0.267875
5.646000 -0.169473 0.267405
5.647000 -0.169862 0.266936
5.648000 -0.170251 0.266465
5.649000 -0.170639 0.265993
5.650000 -0.171026 0.265520
5.651000 -0.171412 0.265047
5.652000 -0.171797 0.264572
5.653000 -0.172182 0.264097
5.654000 -0.172566 0.263620
5.655000 -0.172949 0.263143
5.656000 -0.173332 0.262665
5.657000 -0.173713 0.262186
5.658000 -0.174094 0.261706
5.659000 -0.174474 0.261225
5.660000 -0.174853 0.260743
5.661000 -0.175231 0.260261
5.662000 -0.175609 0.259777
5.663000 -0.175985 0.259293
5.664000 -0.176361 0.258808
5.665000 -0.176736 0.258322
5.666000 -0.177110 0.257834
5.667000 -0.177484 0.257347
5.668000 -0.177856 0.256858
5.669000 -0.178228 0.256368
5.670000 -0.178599 0.255877
5.671000 -0.178969 0.255386
5.672000 -0.179338 0.254894
5.673000 -0.179707 0.254400
5.674000 -0.180074 0.253906
5.675000 -0.180441 0.253411
5.676000 -0.180807 0.252916
5.677000 -0.181172 0.252419
5.678000 -0.181536 0.251921
5.679000 -0.181900 0.251423
5.680000 -0.182262 0.250924
5.681000 -0.182624 0.250423
5.682000 -0.182985 0.249922
5.683000 -0.183345 0.249421
5.684000 -0.183704 0.248918
5.685000 -0.184063 0.248414
5.686000 -0.184420 0.247910
5.687000 -0.184777 0.247405
5.688000 -0.185133 0.246898
5.689000 -0.185488 0.246391
5.690000 -0.185842 0.245884
5.691000 -0.186195 0.245375
5.692000 -0.186547 0.244865
5.693000 -0.186899 0.244355
5.694000 -0.187249 0.243844
5.695000 -0.187599 0.243332
5.696000 -0.187948 0.242819
5.697000 -0.188296 0.242305
5.698000 -0.188643 0.241791
5.699000 -0.188989 0.241275
5.700000 -0.189335 0.240759
5.701000 -0.189679 0.240242
5.702000 -0.190023 0.239724
5.703000 -0.190366 0.239206
5.704000 -0.190708 0.238686
5.705000 -0.191049 0.238166
5.706000 -0.191389 0.237645
5.707000 -0.191728 0.237123
5.708000 -0.192066 0.236600
5.709000 -0.192404 0.236076
5.710000 -0.192740 0.235552
5.711000 -0.193076 0.235027
5.712000 -0.193411 0.234501
5.713000 -0.193745 0.233974
5.714000 -0.194078 0.233446
5.715000 -0.194410 0.232918
5.716000 -0.194741 0.232389
5.717000 -0.195071 0.231859
5.718000 -0.195401 0.231328
5.719000 -0.195729 0.230796
5.720000 -0.196057 0.230264
5.721000 -0.196383 0.229731
5.722000 -0.196709 0.229197
5.723000 -0.197034 0.228662
5.724000 -0.197358 0.228126
5.725000 -0.197681 0.227590
5.726000 -0.198003 0.227053
5.727000 -0.198324 0.226515
5.728000 -0.198644 0.225976
5.729000 -0.198964 0.225437
5.730000 -0.199282 0.224896
5.731000 -0.199600 0.224355
5.732000 -0.199916 0.223814
5.733000 -0.200232 0.223271
5.734000 -0.200547 0.222728
5.735000 -0.200860 0.222184
5.736000 -0.201173 0.221639
5.737000 -0.201485 0.221093
5.738000 -0.201796 0.220547
5.739000 -0.202106 0.220000
5.740000 -0.202415 0.219452
5.741000 -0.202723 0.218903
5.742000 -0.203031 0.218354
5.743000 -0.203337 0.217804
5.744000 -0.203642 0.217253
5.745000 -0.203947 0.216701
5.746000 -0.204250 0.216149
5.747000 -0.204553 0.215595
5.748000 -0.204854 0.215042
5.749000 -0.205155 0.214487
5.750000 -0.205454 0.213932
5.751000 -0.205753 0.213376
5.752000 -0.206051 0.212819
5.753000 -0.206347 0.212261
5.754000 -0.206643 0.211703
5.755000 -0.206938 0.211144
5.756000 -0.207232 0.210584
5.757000 -0.207525 0.210024
5.758000 -0.207817 0.209462
5.759000 -0.208108 0.208901
5.760000 -0.208398 0.208338
5.761000 -0.208687 0.207775
5.762000 -0.208975 0.207211
5.763000 -0.209262 0.206646
5.764000 -0.209548 0.206080
5.765000 -0.209833 0.205514
5.766000 -0.210117 0.204947
5.767000 -0.210400 0.204380
5.768000 -0.210683 0.203812
5.769000 -0.210964 0.203243
5.770000 -0.211244 0.202673
5.771000 -0.211523 0.202103
5.772000 -0.211802 0.201531
5.773000 -0.212079 0.200960
5.774000 -0.212355 0.200387
5.775000 -0.212630 0.199814
5.776000 -0.212905 0.199240
5.777000 -0.213178 0.198666
5.778000 -0.213450 0.198091
5.779000 -0.213722 0.197515
5.780000 -0.213992 0.196938
5.781000 -0.214261 0.196361
5.782000 -0.214530 0.195783
5.783000 -0.214797 0.195205
5.784000 -0.215063 0.194626
5.785000 -0.215328 0.194046
5.786000 -0.215593 0.193465
5.787000 -0.215856 0.192884
5.788000 -0.216118 0.192302
5.789000 -0.216379 0.191720
5.790000 -0.216640 0.191136
5.791000 -0.216899 0.190553
5.792000 -0.217157 0.189968
5.793000 -0.217414 0.189383
5.794000 -0.217670 0.188797
5.795000 -0.217926 0.188211
5.796000 -0.218180 0.187624
5.797000 -0.218433 0.187036
5.798000 -0.218685 0.186448
5.799000 -0.218936 0.185859
5.800000 -0.219186 0.185269
5.801000 -0.219435 0.184679
5.802000 -0.219683 0.184088
5.803000 -0.219930 0.183497
5.804000 -0.220176 0.182905
5.805000 -0.220420 0.182312
5.806000 -0.220664 0.181719
5.807000 -0.220907 0.181125
5.808000 -0.221149 0.180530
5.809000 -0.221390 0.179935
5.810000 -0.221629 0.179339
5.811000 -0.221868 0.178743
5.812000 -0.222105 0.178146
5.813000 -0.222342 0.177548
5.814000 -0.222577 0.176950
5.815000 -0.222812 0.176351
5.816000 -0.223045 0.175752
5.817000 -0.223277 0.175152
5.818000 -0.223509 0.174552
5.819000 -0.223739 0.173950
5.820000 -0.223968 0.173349
5.821000 -0.224196 0.172746
5.822000 -0.224423 0.172143
5.823000 -0.224649 0.171540
5.824000 -0.224874 0.170936
5.825000 -0.225098 0.170331
5.826000 -0.225321 0.169726
5.827000 -0.225543 0.169120
5.828000 -0.225763 0.168514
5.829000 -0.225983 0.167907
5.830000 -0.226201 0.167299
5.831000 -0.226419 0.166691
5.832000 -0.226635 0.166083
5.833000 -0.226850 0.165474
5.834000 -0.227065 0.164864
5.835000 -0.227278 0.164254
5.836000 -0.227490 0.163643
5.837000 -0.227701 0.163031
5.838000 -0.227911 0.162419
5.839000 -0.228120 0.161807
5.840000 -0.228327 0.161194
5.841000 -0.228534 0.160581
5.842000 -0.228740 0.159966
5.843000 -0.228944 0.159352
5.844000 -0.229148 0.158737
5.845000 -0.229350 0.158121
5.846000 -0.229551 0.157505
5.847000 -0.229751 0.156888
5.848000 -0.229950 0.156271
5.849000 -0.230148 0.155653
5.850000 -0.230345 0.155035
5.851000 -0.230541 0.154416
5.852000 -0.230736 0.153797
5.853000 -0.230929 0.153177
5.854000 -0.231122 0.152557
5.855000 -0.231313 0.151936
5.856000 -0.231504 0.151315
5.857000 -0.231693 0.150693
5.858000 -0.231881 0.150071
5.859000 -0.232068 0.149448
5.860000 -0.232254 0.148825
5.861000 -0.232438 0.148201
5.862000 -0.232622 0.147577
5.863000 -0.232805 0.146952
5.864000 -0.232986 0.146327
5.865000 -0.233166 0.145701
5.866000 -0.233345 0.145075
5.867000 -0.233524 0.144448
5.868000 -0.233700 0.143821
5.869000 -0.233876 0.143194
5.870000 -0.234051 0.142566
5.871000 -0.234225 0.141937
5.872000 -0.234397 0.141308
5.873000 -0.234569 0.140679
5.874000 -0.234739 0.140049
5.875000 -0.234908 0.139419
5.876000 -0.235076 0.138788
5.877000 -0.235243 0.138157
5.878000 -0.235408 0.137525
5.879000 -0.235573 0.136893
5.880000 -0.235737 0.136261
5.881000 -0.235899 0.135628
5.882000 -0.236060 0.134994
5.883000 -0.236220 0.134360
5.884000 -0.236379 0.133726
5.885000 -0.236537 0.133092
5.886000 -0.236694 0.132456
5.887000 -0.236849 0.131821
5.888000 -0.237004 0.131185
5.889000 -0.237157 0.130549
5.890000 -0.237309 0.129912
5.891000 -0.237460 0.129275
5.892000 -0.237610 0.128637
5.893000 -0.237758 0.127999
5.894000 -0.237906 0.127361
5.895000 -0.238052 0.126722
5.896000 -0.238198 0.126083
5.897000 -0.238342 0.125443
5.898000 -0.238485 0.124803
5.899000 -0.238626 0.124163
5.900000 -0.238767 0.123522
5.901000 -0.238907 0.122881
5.902000 -0.239045 0.122240
5.903000 -0.239182 0.121598
5.904000 -0.239318 0.120956
5.905000 -0.239453 0.120313
5.906000 -0.239587 0.119670
5.907000 -0.239719 0.119027
5.908000 -0.239851 0.118383
5.909000 -0.239981 0.117739
5.910000 -0.240110 0.117094
5.911000 -0.240238 0.116450
5.912000 -0.240365 0.115804
5.913000 -0.240490 0.115159
5.914000 -0.240615 0.114513
5.915000 -0.240738 0.113867
5.916000 -0.240860 0.113220
5.917000 -0.240981 0.112574
5.918000 -0.241101 0.111926
5.919000 -0.241219 0.111279
5.920000 -0.241337 0.110631
5.921000 -0.241453 0.109983
5.922000 -0.241568 0.109334
5.923000 -0.241682 0.108686
5.924000 -0.241795 0.108036
5.925000 -0.241906 0.107387
5.926000 -0.242017 0.106737
5.927000 -0.242126 0.106087
5.928000 -0.242234 0.105437
5.929000 -0.242341 0.104786
5.930000 -0.242447 0.104135
5.931000 -0.242551 0.103484
5.932000 -0.242654 0.102832
5.933000 -0.242756 0.102180
5.934000 -0.242857 0.101528
5.935000 -0.242957 0.100876
5.936000 -0.243056 0.100223
5.937000 -0.243153 0.099570
5.938000 -0.243249 0.098917
5.939000 -0.243344 0.098263
5.940000 -0.243438 0.097609
5.941000 -0.243531 0.096955
5.942000 -0.243622 0.096301
5.943000 -0.243713 0.095646
5.944000 -0.243802 0.094991
5.945000 -0.243889 0.094336
5.946000 -0.243976 0.093681
5.947000 -0.244062 0.093025
5.948000 -0.244146 0.092369
5.949000 -0.244229 0.091713
5.950000 -0.244311 0.091057
5.951000 -0.244392 0.090400
5.952000 -0.244471 0.089743
5.953000 -0.244550 0.089086
5.954000 -0.244627 0.088429
5.955000 -0.244703 0.087771
5.956000 -0.244777 0.087114
5.957000 -0.244851 0.086456
5.958000 -0.244923 0.085797
5.959000 -0.244994 0.085139
5.960000 -0.245064 0.084480
5.961000 -0.245133 0.083821
5.962000 -0.245201 0.083162
5.963000 -0.245267 0.082503
5.964000 -0.245332 0.081844
5.965000 -0.245396 0.081184
5.966000 -0.245459 0.080524
5.967000 -0.245520 0.079864
5.968000 -0.245580 0.079204
5.969000 -0.245639 0.078543
5.970000 -0.245697 0.077883
5.971000 -0.245754 0.077222
5.972000 -0.245809 0.076561
5.973000 -0.245864 0.075900
5.974000 -0.245917 0.075238
5.975000 -0.245968 0.074577
5.976000 -0.246019 0.073915
5.977000 -0.246069 0.073254
5.978000 -0.246117 0.072592
5.979000 -0.246164 0.071929
5.980000 -0.246209 0.071267
5.981000 -0.246254 0.070605
5.982000 -0.246297 0.069942
5.983000 -0.246339 0.069279
5.984000 -0.246380 0.068617
5.985000 -0.246420 0.067954
5.986000 -0.246458 0.067291
5.987000 -0.246496 0.066627
5.988000 -0.246532 0.065964
5.989000 -0.246567 0.065300
5.990000 -0.246600 0.064637
5.991000 -0.246633 0.063973
5.992000 -0.246664 0.063309
5.993000 -0.246694 0.062645
5.994000 -0.246722 0.061981
5.995000 -0.246750 0.061317
5.996000 -0.246776 0.060653
5.997000 -0.246801 0.059988
5.998000 -0.246825 0.059324
5.999000 -0.246848 0.058659
6.000000 -0.246869 0.057995
6.001000 -0.246889 0.057330
6.002000 -0.246908 0.056665
6.003000 -0.246926 0.056000
6.004000 -0.246942 0.055335
6.005000 -0.246958 0.054670
6.006000 -0.246972 0.054005
6.007000 -0.246984 0.053340
6.008000 -0.246996 0.052674
6.009000 -0.247006 0.052009
6.010000 -0.247015 0.051344
6.011000 -0.247023 0.050678
6.012000 -0.247030 0.050013
6.013000 -0.247036 0.049347
6.014000 -0.247040 0.048682
6.015000 -0.247043 0.048016
6.016000 -0.247045 0.047350
6.017000 -0.247045 0.046685
6.018000 -0.247044 0.046019
6.019000 -0.247043 0.045353
6.020000 -0.247039 0.044688
6.021000 -0.247035 0.044022
6.022000 -0.247029 0.043356
6.023000 -0.247023 0.042690
6.024000 -0.247015 0.042024
6.025000 -0.247005 0.041358
6.026000 -0.246995 0.040692
6.027000 -0.246983 0.040027
6.028000 -0.246970 0.039361
6.029000 -0.246956 0.038695
6.030000 -0.246940 0.038029
6.031000 -0.246924 0.037363
6.032000 -0.246906 0.036697
6.033000 -0.246887 0.036031
6.034000 -0.246866 0.035366
6.035000 -0.246845 0.034700
6.036000 -0.246822 0.034034
6.037000 -0.246798 0.033368
6.038000 -0.246773 0.032703
6.039000 -0.246746 0.032037
6.040000 -0.246718 0.031371
6.041000 -0.246689 0.030706
6.042000 -0.246659 0.030040
6.043000 -0.246628 0.029375
6.044000 -0.246595 0.028709
6.045000 -0.246561 0.028044
6.046000 -0.246526 0.027379
6.047000 -0.246490 0.026713
6.048000 -0.246452 0.026048
6.049000 -0.246413 0.025383
6.050000 -0.246373 0.024718
6.051000 -0.246332 0.024053
6.052000 -0.246289 0.023388
6.053000 -0.246246 0.022723
6.054000 -0.246201 0.022058
6.055000 -0.246154 0.021394
6.056000 -0.246107 0.020729
6.057000 -0.246058 0.020065
6.058000 -0.246008 0.019400
6.059000 -0.245957 0.018736
6.060000 -0.245905 0.018072
6.061000 -0.245851 0.017408
6.062000 -0.245796 0.016744
6.063000 -0.245740 0.016080
6.064000 -0.245683 0.015416
6.065000 -0.245624 0.014753
6.066000 -0.245565 0.014089
6.067000 -0.245504 0.013426
6.068000 -0.245442 0.012763
6.069000 -0.245378 0.012100
6.070000 -0.245313 0.011437
6.071000 -0.245247 0.010774
6.072000 -0.245180 0.010111
6.073000 -0.245112 0.009449
6.074000 -0.245042 0.008787
6.075000 -0.244972 0.008124
6.076000 -0.244900 0.007462
6.077000 -0.244826 0.006800
6.078000 -0.244752 0.006139
6.079000 -0.244676 0.005477
6.080000 -0.244599 0.004816
6.081000 -0.244521 0.004155
6.082000 -0.244441 0.003494
6.083000 -0.244361 0.002833
6.084000 -0.244279 0.002172
6.085000 -0.244196 0.001512
6.086000 -0.244112 0.000851
6.087000 -0.244026 0.000191
6.088000 -0.243939 -0.000469
6.089000 -0.243851 -0.001128
6.090000 -0.243762 -0.001788
6.091000 -0.243672 -0.002447
6.092000 -0.243580 -0.003106
6.093000 -0.243487 -0.003765
6.094000 -0.243393 -0.004424
6.095000 -0.243298 -0.005082
6.096000 -0.243201 -0.005740
6.097000 -0.243103 -0.006398
6.098000 -0.243005 -0.007056
6.099000 -0.242904 -0.007714
6.100000 -0.242803 -0.008371
6.101000 -0.242700 -0.009028
6.102000 -0.242596 -0.009685
6.103000 -0.242491 -0.010341
6.104000 -0.242385 -0.010998
6.105000 -0.242278 -0.011654
6.106000 -0.242169 -0.012309
6.107000 -0.242059 -0.012965
6.108000 -0.241948 -0.013620
6.109000 -0.241835 -0.014275
6.110000 -0.241722 -0.014930
6.111000 -0.241607 -0.015584
6.112000 -0.241491 -0.016239
6.113000 -0.241374 -0.016893
6.114000 -0.241255 -0.017546
6.115000 -0.241136 -0.018199
6.116000 -0.241015 -0.018852
6.117000 -0.240893 -0.019505
6.118000 -0.240770 -0.020158
6.119000 -0.240645 -0.020810
6.120000 -0.240519 -0.021462
6.121000 -0.240392 -0.022113
6.122000 -0.240264 -0.022764
6.123000 -0.240135 -0.023415
6.124000 -0.240005 -0.024066
6.125000 -0.239873 -0.024716
6.126000 -0.239740 -0.025366
6.127000 -0.239606 -0.026016
6.128000 -0.239470 -0.026665
6.129000 -0.239334 -0.027314
6.130000 -0.239196 -0.027963
6.131000 -0.239057 -0.028611
6.132000 -0.238917 -0.029259
6.133000 -0.238776 -0.029906
6.134000 -0.238633 -0.030554
6.135000 -0.238490 -0.031201
6.136000 -0.238345 -0.031847
6.137000 -0.238199 -0.032493
6.138000 -0.238051 -0.033139
6.139000 -0.237903 -0.033785
6.140000 -0.237753 -0.034430
6.141000 -0.237602 -0.035074
6.142000 -0.237450 -0.035719
6.143000 -0.237297 -0.036363
6.144000 -0.237142 -0.037006
6.145000 -0.236987 -0.037649
6.146000 -0.236830 -0.038292
6.147000 -0.236672 -0.038935
6.148000 -0.236513 -0.039577
6.149000 -0.236352 -0.040218
6.150000 -0.236191 -0.040859
6.151000 -0.236028 -0.041500
6.152000 -0.235864 -0.042141
6.153000 -0.235699 -0.042781
6.154000 -0.235533 -0.043420
6.155000 -0.235365 -0.044059
6.156000 -0.235197 -0.044698
6.157000 -0.235027 -0.045336
6.158000 -0.234856 -0.045974
6.159000 -0.234683 -0.046612
6.160000 -0.234510 -0.047249
6.161000 -0.234336 -0.047885
6.162000 -0.234160 -0.048521
6.163000 -0.233983 -0.049157
6.164000 -0.233805 -0.049792
6.165000 -0.233626 -0.050427
6.166000 -0.233445 -0.051061
6.167000 -0.233264 -0.051695
6.168000 -0.233081 -0.052329
6.169000 -0.232897 -0.052962
6.170000 -0.232712 -0.053594
6.171000 -0.232526 -0.054226
6.172000 -0.232339 -0.054858
6.173000 -0.232150 -0.055489
6.174000 -0.231960 -0.056119
6.175000 -0.231770 -0.056749
6.176000 -0.231578 -0.057379
6.177000 -0.231384 -0.058008
6.178000 -0.231190 -0.058637
6.179000 -0.230995 -0.059265
6.180000 -0.230798 -0.059893
6.181000 -0.230600 -0.060520
6.182000 -0.230401 -0.061146
6.183000 -0.230201 -0.061772
6.184000 -0.230000 -0.062398
6.185000 -0.229798 -0.063023
6.186000 -0.229594 -0.063648
6.187000 -0.229390 -0.064272
6.188000 -0.229184 -0.064895
6.189000 -0.228977 -0.065518
6.190000 -0.228769 -0.066141
6.191000 -0.228560 -0.066763
6.192000 -0.228349 -0.067384
6.193000 -0.228138 -0.068005
6.194000 -0.227925 -0.068625
6.195000 -0.227711 -0.069245
6.196000 -0.227497 -0.069864
6.197000 -0.227281 -0.070483
6.198000 -0.227063 -0.071101
6.199000 -0.226845 -0.071719
6.200000 -0.226626 -0.072336
6.201000 -0.226405 -0.072952
6.202000 -0.226184 -0.073568
6.203000 -0.225961 -0.074183
6.204000 -0.225737 -0.074798
6.205000 -0.225512 -0.075412
6.206000 -0.225286 -0.076026
6.207000 -0.225059 -0.076639
6.208000 -0.224830 -0.077251
6.209000 -0.224601 -0.077863
6.210000 -0.224370 -0.078474
6.211000 -0.224139 -0.079085
6.212000 -0.223906 -0.079695
6.213000 -0.223672 -0.080304
6.214000 -0.223437 -0.080913
6.215000 -0.223201 -0.081521
6.216000 -0.222963 -0.082129
6.217000 -0.222725 -0.082735
6.218000 -0.222486 -0.083342
6.219000 -0.222245 -0.083948
6.220000 -0.222004 -0.084553
6.221000 -0.221761 -0.085157
6.222000 -0.221517 -0.085761
6.223000 -0.221272 -0.086364
6.224000 -0.221026 -0.086967
6.225000 -0.220779 -0.087569
6.226000 -0.220531 -0.088170
6.227000 -0.220282 -0.088771
6.228000 -0.220031 -0.089371
6.229000 -0.219780 -0.089970
6.230000 -0.219527 -0.090569
6.231000 -0.219274 -0.091167
6.232000 -0.219019 -0.091764
6.233000 -0.218764 -0.092361
6.234000 -0.218507 -0.092957
6.235000 -0.218249 -0.093552
6.236000 -0.217990 -0.094147
6.237000 -0.217730 -0.094741
6.238000 -0.217469 -0.095335
6.239000 -0.217207 -0.095927
6.240000 -0.216943 -0.096519
6.241000 -0.216679 -0.097111
6.242000 -0.216414 -0.097701
6.243000 -0.216147 -0.098291
6.244000 -0.215880 -0.098880
6.245000 -0.215611 -0.099469
6.246000 -0.215342 -0.100057
6.247000 -0.215071 -0.100644
6.248000 -0.214800 -0.101230
6.249000 -0.214527 -0.101816
6.250000 -0.214253 -0.102401
6.251000 -0.213978 -0.102985
6.252000 -0.213702 -0.103569
6.253000 -0.213425 -0.104152
6.254000 -0.213148 -0.104734
6.255000 -0.212869 -0.105316
6.256000 -0.212589 -0.105896
6.257000 -0.212307 -0.106476
6.258000 -0.212025 -0.107055
6.259000 -0.211742 -0.107634
6.260000 -0.211458 -0.108212
6.261000 -0.211173 -0.108789
6.262000 -0.210887 -0.109365
6.263000 -0.210600 -0.109940
6.264000 -0.210311 -0.110515
6.265000 -0.210022 -0.111089
6.266000 -0.209732 -0.111662
6.267000 -0.209440 -0.112235
6.268000 -0.209148 -0.112807
6.269000 -0.208855 -0.113378
6.270000 -0.208560 -0.113948
6.271000 -0.208265 -0.114517
6.272000 -0.207969 -0.115086
6.273000 -0.207671 -0.115654
6.274000 -0.207373 -0.116221
6.275000 -0.207074 -0.116787
6.276000 -0.206773 -0.117353
6.277000 -0.206472 -0.117918
6.278000 -0.206170 -0.118482
6.279000 -0.205866 -0.119045
6.280000 -0.205562 -0.119607
6.281000 -0.205257 -0.120169
6.282000 -0.204950 -0.120729
6.283000 -0.204643 -0.121289
6.284000 -0.204335 -0.121849
6.285000 -0.204026 -0.122407
6.286000 -0.203715 -0.122965
6.287000 -0.203404 -0.123521
6.288000 -0.203092 -0.124077
6.289000 -0.202779 -0.124632
6.290000 -0.202465 -0.125187
6.291000 -0.202149 -0.125740
6.292000 -0.201833 -0.126293
6.293000 -0.201516 -0.126844
6.294000 -0.201198 -0.127395
6.295000 -0.200879 -0.127946
6.296000 -0.200560 -0.128495
6.297000 -0.200239 -0.129043
6.298000 -0.199917 -0.129591
6.299000 -0.199594 -0.130138
6.300000 -0.199270 -0.130684
6.301000 -0.198946 -0.131229
6.302000 -0.198620 -0.131773
6.303000 -0.198293 -0.132316
6.304000 -0.197966 -0.132859
6.305000 -0.197638 -0.133401
6.306000 -0.197308 -0.133941
6.307000 -0.196978 -0.134481
6.308000 -0.196647 -0.135020
6.309000 -0.196314 -0.135559
6.310000 -0.195981 -0.136096
6.311000 -0.195647 -0.136632
6.312000 -0.195312 -0.137168
6.313000 -0.194976 -0.137703
6.314000 -0.194640 -0.138237
6.315000 -0.194302 -0.138769
6.316000 -0.193963 -0.139301
6.317000 -0.193624 -0.139833
6.318000 -0.193283 -0.140363
6.319000 -0.192942 -0.140892
6.320000 -0.192600 -0.141421
6.321000 -0.192256 -0.141948
6.322000 -0.191912 -0.142475
6.323000 -0.191567 -0.143001
6.324000 -0.191221 -0.143526
6.325000 -0.190875 -0.144050
6.326000 -0.190527 -0.144573
6.327000 -0.190178 -0.145095
6.328000 -0.189829 -0.145616
6.329000 -0.189479 -0.146136
6.330000 -0.189127 -0.146656
6.331000 -0.188775 -0.147174
6.332000 -0.188422 -0.147692
6.333000 -0.188068 -0.148208
6.334000 -0.187714 -0.148724
6.335000 -0.187358 -0.149239
6.336000 -0.187002 -0.149753
6.337000 -0.186644 -0.150266
6.338000 -0.186286 -0.150778
6.339000 -0.185927 -0.151289
6.340000 -0.185567 -0.151799
6.341000 -0.185206 -0.152308
6.342000 -0.184844 -0.152816
6.343000 -0.184482 -0.153323
6.344000 -0.184119 -0.153829
6.345000 -0.183754 -0.154335
6.346000 -0.183389 -0.154839
6.347000 -0.183023 -0.155343
6.348000 -0.182657 -0.155845
6.349000 -0.182289 -0.156347
6.350000 -0.181921 -0.156847
6.351000 -0.181551 -0.157347
6.352000 -0.181181 -0.157845
6.353000 -0.180810 -0.158343
6.354000 -0.180439 -0.158840
6.355000 -0.180066 -0.159335
6.356000 -0.179693 -0.159830
6.357000 -0.179318 -0.160324
6.358000 -0.178943 -0.160816
6.359000 -0.178567 -0.161308
6.360000 -0.178191 -0.161799
6.361000 -0.177813 -0.162289
6.362000 -0.177435 -0.162777
6.363000 -0.177056 -0.163265
6.364000 -0.176676 -0.163752
6.365000 -0.176295 -0.164238
6.366000 -0.175914 -0.164723
6.367000 -0.175531 -0.165207
6.368000 -0.175148 -0.165689
6.369000 -0.174764 -0.166171
6.370000 -0.174379 -0.166652
6.371000 -0.173994 -0.167132
6.372000 -0.173608 -0.167611
6.373000 -0.173221 -0.168088
6.374000 -0.172833 -0.168565
6.375000 -0.172444 -0.169041
6.376000 -0.172055 -0.169516
6.377000 -0.171665 -0.169989
6.378000 -0.171274 -0.170462
6.379000 -0.170882 -0.170934
6.380000 -0.170490 -0.171404
6.381000 -0.170096 -0.171874
6.382000 -0.169702 -0.172342
6.383000 -0.169308 -0.172810
6.384000 -0.168912 -0.173277
6.385000 -0.168516 -0.173742
6.386000 -0.168119 -0.174206
6.387000 -0.167721 -0.174670
6.388000 -0.167322 -0.175132
6.389000 -0.166923 -0.175594
6.390000 -0.166523 -0.176054
6.391000 -0.166122 -0.176513
6.392000 -0.165721 -0.176971
6.393000 -0.165319 -0.177428
6.394000 -0.164916 -0.177885
6.395000 -0.164512 -0.178340
6.396000 -0.164108 -0.178794
6.397000 -0.163703 -0.179246
6.398000 -0.163297 -0.179698
6.399000 -0.162890 -0.180149
6.400000 -0.162483 -0.180599
6.401000 -0.162075 -0.181048
6.402000 -0.161666 -0.181495
6.403000 -0.161257 -0.181942
6.404000 -0.160847 -0.182387
6.405000 -0.160436 -0.182832
6.406000 -0.160024 -0.183275
6.407000 -0.159612 -0.183717
6.408000 -0.159199 -0.184158
6.409000 -0.158786 -0.184598
6.410000 -0.158371 -0.185037
6.411000 -0.157956 -0.185475
6.412000 -0.157541 -0.185912
6.413000 -0.157124 -0.186348
6.414000 -0.156707 -0.186783
6.415000 -0.156290 -0.187216
6.416000 -0.155871 -0.187649
6.417000 -0.155452 -0.188080
6.418000 -0.155032 -0.188511
6.419000 -0.154612 -0.188940
6.420000 -0.154191 -0.189368
6.421000 -0.153769 -0.189795
6.422000 -0.153347 -0.190221
6.423000 -0.152924 -0.190646
6.424000 -0.152500 -0.191069
6.425000 -0.152076 -0.191492
6.426000 -0.151651 -0.191914
6.427000 -0.151225 -0.192334
6.428000 -0.150799 -0.192753
6.429000 -0.150372 -0.193172
6.430000 -0.149944 -0.193589
6.431000 -0.149516 -0.194005
6.432000 -0.149087 -0.194419
6.433000 -0.148658 -0.194833
6.434000 -0.148227 -0.195246
6.435000 -0.147797 -0.195657
6.436000 -0.147365 -0.196068
6.437000 -0.146933 -0.196477
6.438000 -0.146501 -0.196885
6.439000 -0.146068 -0.197292
6.440000 -0.145634 -0.197698
6.441000 -0.145199 -0.198103
6.442000 -0.144764 -0.198506
6.443000 -0.144329 -0.198909
6.444000 -0.143892 -0.199310
6.445000 -0.143455 -0.199711
6.446000 -0.143018 -0.200110
6.447000 -0.142580 -0.200508
6.448000 -0.142141 -0.200904
6.449000 -0.141702 -0.201300
6.450000 -0.141262 -0.201695
6.451000 -0.140822 -0.202088
6.452000 -0.140381 -0.202480
6.453000 -0.139939 -0.202871
6.454000 -0.139497 -0.203261
6.455000 -0.139054 -0.203650
6.456000 -0.138611 -0.204038
6.457000 -0.138167 -0.204424
6.458000 -0.137723 -0.204810
6.459000 -0.137278 -0.205194
6.460000 -0.136832 -0.205577
6.461000 -0.136386 -0.205959
6.462000 -0.135939 -0.206340
6.463000 -0.135492 -0.206719
6.464000 -0.135044 -0.207098
6.465000 -0.134596 -0.207475
6.466000 -0.134147 -0.207851
6.467000 -0.133698 -0.208226
6.468000 -0.133248 -0.208600
6.469000 -0.132797 -0.208973
6.470000 -0.132346 -0.209344
6.471000 -0.131895 -0.209714
6.472000 -0.131443 -0.210083
6.473000 -0.130990 -0.210451
6.474000 -0.130537 -0.210818
6.475000 -0.130083 -0.211184
6.476000 -0.129629 -0.211548
6.477000 -0.129174 -0.211911
6.478000 -0.128719 -0.212273
6.479000 -0.128263 -0.212634
6.480000 -0.127807 -0.212994
6.481000 -0.127350 -0.213353
6.482000 -0.126893 -0.213710
6.483000 -0.126435 -0.214066
6.484000 -0.125977 -0.214421
6.485000 -0.125518 -0.214775
6.486000 -0.125059 -0.215128
6.487000 -0.124599 -0.215479
6.488000 -0.124139 -0.215829
6.489000 -0.123678 -0.216178
6.490000 -0.123217 -0.216526
6.491000 -0.122756 -0.216873
6.492000 -0.122293 -0.217218
6.493000 -0.121831 -0.217563
6.494000 -0.121368 -0.217906
6.495000 -0.120904 -0.218248
6.496000 -0.120440 -0.218589
6.497000 -0.119976 -0.218928
6.498000 -0.119511 -0.219266
6.499000 -0.119045 -0.219603
6.500000 -0.118579 -0.219939
6.501000 -0.118113 -0.220274
6.502000 -0.117646 -0.220608
6.503000 -0.117179 -0.220940
6.504000 -0.116711 -0.221271
6.505000 -0.116243 -0.221601
6.506000 -0.115775 -0.221930
6.507000 -0.115306 -0.222257
6.508000 -0.114836 -0.222583
6.509000 -0.114367 -0.222909
6.510000 -0.113896 -0.223232
6.511000 -0.113426 -0.223555
6.512000 -0.112954 -0.223877
6.513000 -0.112483 -0.224197
6.514000 -0.112011 -0.224516
6.515000 -0.111539 -0.224834
6.516000 -0.111066 -0.225150
6.517000 -0.110593 -0.225466
6.518000 -0.110119 -0.225780
6.519000 -0.109645 -0.226093
6.520000 -0.109170 -0.226404
6.521000 -0.108696 -0.226715
6.522000 -0.108220 -0.227024
6.523000 -0.107745 -0.227332
6.524000 -0.107269 -0.227639
6.525000 -0.106792 -0.227945
6.526000 -0.106316 -0.228249
6.527000 -0.105838 -0.228552
6.528000 -0.105361 -0.228854
6.529000 -0.104883 -0.229155
6.530000 -0.104405 -0.229455
6.531000 -0.103926 -0.229753
6.532000 -0.103447 -0.230050
6.533000 -0.102967 -0.230346
6.534000 -0.102488 -0.230640
6.535000 -0.102007 -0.230934
6.536000 -0.101527 -0.231226
6.537000 -0.101046 -0.231517
6.538000 -0.100565 -0.231806
6.539000 -0.100083 -0.232095
6.540000 -0.099601 -0.232382
6.541000 -0.099119 -0.232668
6.542000 -0.098636 -0.232953
6.543000 -0.098153 -0.233236
6.544000 -0.097670 -0.233518
6.545000 -0.097186 -0.233799
6.546000 -0.096702 -0.234079
6.547000 -0.096218 -0.234358
6.548000 -0.095733 -0.234635
6.549000 -0.095248 -0.234911
6.550000 -0.094763 -0.235186
6.551000 -0.094278 -0.235459
6.552000 -0.093792 -0.235732
6.553000 -0.093305 -0.236003
6.554000 -0.092819 -0.236273
6.555000 -0.092332 -0.236541
6.556000 -0.091845 -0.236808
6.557000 -0.091357 -0.237075
6.558000 -0.090869 -0.237339
6.559000 -0.090381 -0.237603
6.560000 -0.089893 -0.237865
6.561000 -0.089404 -0.238127
6.562000 -0.088915 -0.238386
6.563000 -0.088426 -0.238645
6.564000 -0.087936 -0.238902
6.565000 -0.087447 -0.239158
6.566000 -0.086956 -0.239413
6.567000 -0.086466 -0.239667
6.568000 -0.085975 -0.239919
6.569000 -0.085484 -0.240170
6.570000 -0.084993 -0.240420
6.571000 -0.084502 -0.240669
6.572000 -0.084010 -0.240916
6.573000 -0.083518 -0.241162
6.574000 -0.083026 -0.241407
6.575000 -0.082533 -0.241651
6.576000 -0.082040 -0.241893
6.577000 -0.081547 -0.242134
6.578000 -0.081054 -0.242374
6.579000 -0.080560 -0.242613
6.580000 -0.080067 -0.242850
6.581000 -0.079572 -0.243086
6.582000 -0.079078 -0.243321
6.583000 -0.078584 -0.243554
6.584000 -0.078089 -0.243787
6.585000 -0.077594 -0.244018
6.586000 -0.077099 -0.244247
6.587000 -0.076603 -0.244476
6.588000 -0.076108 -0.244703
6.589000 -0.075612 -0.244929
6.590000 -0.075116 -0.245154
6.591000 -0.074619 -0.245377
6.592000 -0.074123 -0.245599
6.593000 -0.073626 -0.245820
6.594000 -0.073129 -0.246040
6.595000 -0.072632 -0.246258
6.596000 -0.072134 -0.246475
6.597000 -0.071637 -0.246691
6.598000 -0.071139 -0.246906
6.599000 -0.070641 -0.247119
6.600000 -0.070143 -0.247331
6.601000 -0.069644 -0.247542
6.602000 -0.069146 -0.247752
6.603000 -0.068647 -0.247960
6.604000 -0.068148 -0.248167
6.605000 -0.067649 -0.248373
6.606000 -0.067150 -0.248577
6.607000 -0.066650 -0.248780
6.608000 -0.066151 -0.248982
6.609000 -0.065651 -0.249183
6.610000 -0.065151 -0.249382
6.611000 -0.064651 -0.249580
6.612000 -0.064150 -0.249777
6.613000 -0.063650 -0.249973
6.614000 -0.063149 -0.250167
6.615000 -0.062649 -0.250360
6.616000 -0.062148 -0.250552
6.617000 -0.061647 -0.250742
6.618000 -0.061145 -0.250932
6.619000 -0.060644 -0.251120
6.620000 -0.060142 -0.251306
6.621000 -0.059641 -0.251492
6.622000 -0.059139 -0.251676
6.623000 -0.058637 -0.251859
6.624000 -0.058135 -0.252040
6.625000 -0.057633 -0.252221
6.626000 -0.057130 -0.252400
6.627000 -0.056628 -0.252577
6.628000 -0.056125 -0.252754
6.629000 -0.055623 -0.252929
6.630000 -0.055120 -0.253103
6.631000 -0.054617 -0.253276
6.632000 -0.054114 -0.253447
6.633000 -0.053611 -0.253617
6.634000 -0.053107 -0.253786
6.635000 -0.052604 -0.253954
6.636000 -0.052101 -0.254120
6.637000 -0.051597 -0.254285
6.638000 -0.051093 -0.254449
6.639000 -0.050590 -0.254612
6.640000 -0.050086 -0.254773
6.641000 -0.049582 -0.254933
6.642000 -0.049078 -0.255091
6.643000 -0.048574 -0.255249
6.644000 -0.048070 -0.255405
6.645000 -0.047565 -0.255560
6.646000 -0.047061 -0.255713
6.647000 -0.046556 -0.255866
6.648000 -0.046052 -0.256017
6.649000 -0.045547 -0.256166
6.650000 -0.045043 -0.256315
6.651000 -0.044538 -0.256462
6.652000 -0.044033 -0.256608
6.653000 -0.043528 -0.256753
6.654000 -0.043024 -0.256896
6.655000 -0.042519 -0.257038
6.656000 -0.042014 -0.257179
6.657000 -0.041509 -0.257318
6.658000 -0.041004 -0.257457
6.659000 -0.040498 -0.257594
6.660000 -0.039993 -0.257729
6.661000 -0.039488 -0.257864
6.662000 -0.038983 -0.257997
6.663000 -0.038477 -0.258129
6.664000 -0.037972 -0.258260
6.665000 -0.037467 -0.258389
6.666000 -0.036961 -0.258517
6.667000 -0.036456 -0.258644
6.668000 -0.035951 -0.258769
6.669000 -0.035445 -0.258893
6.670000 -0.034940 -0.259016
6.671000 -0.034434 -0.259138
6.672000 -0.033929 -0.259259
6.673000 -0.033423 -0.259378
6.674000 -0.032918 -0.259496
6.675000 -0.032412 -0.259612
6.676000 -0.031907 -0.259727
6.677000 -0.031401 -0.259841
6.678000 -0.030896 -0.259954
6.679000 -0.030390 -0.260066
6.680000 -0.029885 -0.260176
6.681000 -0.029379 -0.260285
6.682000 -0.028874 -0.260392
6.683000 -0.028368 -0.260499
6.684000 -0.027863 -0.260604
6.685000 -0.027357 -0.260708
6.686000 -0.026852 -0.260810
6.687000 -0.026346 -0.260912
6.688000 -0.025841 -0.261012
6.689000 -0.025336 -0.261110
6.690000 -0.024830 -0.261208
6.691000 -0.024325 -0.261304
6.692000 -0.023820 -0.261399
6.693000 -0.023315 -0.261493
6.694000 -0.022809 -0.261585
6.695000 -0.022304 -0.261676
6.696000 -0.021799 -0.261766
6.697000 -0.021294 -0.261855
6.698000 -0.020789 -0.261942
6.699000 -0.020284 -0.262028
6.700000 -0.019779 -0.262113
6.701000 -0.019275 -0.262196
6.702000 -0.018770 -0.262278
6.703000 -0.018265 -0.262359
6.704000 -0.017761 -0.262439
6.705000 -0.017256 -0.262517
6.706000 -0.016752 -0.262594
6.707000 -0.016247 -0.262670
6.708000 -0.015743 -0.262745
6.709000 -0.015239 -0.262818
6.710000 -0.014734 -0.262890
6.711000 -0.014230 -0.262961
6.712000 -0.013726 -0.263030
6.713000 -0.013222 -0.263099
6.714000 -0.012718 -0.263165
6.715000 -0.012215 -0.263231
6.716000 -0.011711 -0.263296
6.717000 -0.011207 -0.263359
6.718000 -0.010704 -0.263421
6.719000 -0.010201 -0.263481
6.720000 -0.009697 -0.263541
6.721000 -0.009194 -0.263599
6.722000 -0.008691 -0.263655
6.723000 -0.008188 -0.263711
6.724000 -0.007685 -0.263765
6.725000 -0.007183 -0.263818
6.726000 -0.006680 -0.263870
6.727000 -0.006178 -0.263921
6.728000 -0.005675 -0.263970
6.729000 -0.005173 -0.264018
6.730000 -0.004671 -0.264064
6.731000 -0.004169 -0.264110
6.732000 -0.003667 -0.264154
6.733000 -0.003165 -0.264197
6.734000 -0.002664 -0.264239
6.735000 -0.002162 -0.264279
6.736000 -0.001661 -0.264318
6.737000 -0.001160 -0.264356
6.738000 -0.000659 -0.264393
6.739000 -0.000158 -0.264428
6.740000 0.000343 -0.264462
6.741000 0.000843 -0.264495
6.742000 0.001344 -0.264526
6.743000 0.001844 -0.264557
6.744000 0.002344 -0.264586
6.745000 0.002844 -0.264613
6.746000 0.003344 -0.264640
6.747000 0.003844 -0.264665
6.748000 0.004343 -0.264689
6.749000 0.004842 -0.264712
6.750000 0.005341 -0.264733
6.751000 0.005840 -0.264754
6.752000 0.006339 -0.264773
6.753000 0.006838 -0.264790
6.754000 0.007336 -0.264807
6.755000 0.007834 -0.264822
6.756000 0.008332 -0.264836
6.757000 0.008830 -0.264849
6.758000 0.009328 -0.264860
6.759000 0.009825 -0.264870
6.760000 0.010322 -0.264879
6.761000 0.010819 -0.264887
6.762000 0.011316 -0.264894
6.763000 0.011813 -0.264899
6.764000 0.012309 -0.264903
6.765000 0.012806 -0.264905
6.766000 0.013302 -0.264907
6.767000 0.013797 -0.264907
6.768000 0.014293 -0.264906
6.769000 0.014788 -0.264904
6.770000 0.015284 -0.264900
6.771000 0.015779 -0.264895
6.772000 0.016273 -0.264889
6.773000 0.016768 -0.264882
6.774000 0.017262 -0.264874
6.775000 0.017756 -0.264864
6.776000 0.018250 -0.264853
6.777000 0.018743 -0.264840
6.778000 0.019237 -0.264827
6.779000 0.019730 -0.264812
6.780000 0.020223 -0.264796
6.781000 0.020715 -0.264779
6.782000 0.021208 -0.264761
6.783000 0.021700 -0.264741
6.784000 0.022192 -0.264720
6.785000 0.022683 -0.264698
6.786000 0.023175 -0.264674
6.787000 0.023666 -0.264650
6.788000 0.024157 -0.264624
6.789000 0.024647 -0.264597
6.790000 0.025138 -0.264568
6.791000 0.025628 -0.264539
6.792000 0.026117 -0.264508
6.793000 0.026607 -0.264476
6.794000 0.027096 -0.264442
6.795000 0.027585 -0.264408
6.796000 0.028074 -0.264372
6.797000 0.028562 -0.264335
6.798000 0.029051 -0.264297
6.799000 0.029538 -0.264257
6.800000 0.030026 -0.264217
6.801000 0.030513 -0.264175
6.802000 0.031000 -0.264132
6.803000 0.031487 -0.264087
6.804000 0.031973 -0.264042
6.805000 0.032459 -0.263995
6.806000 0.032945 -0.263947
6.807000 0.033431 -0.263897
6.808000 0.033916 -0.263847
6.809000 0.034401 -0.263795
6.810000 0.034886 -0.263742
6.811000 0.035370 -0.263688
6.812000 0.035854 -0.263632
6.813000 0.036337 -0.263576
6.814000 0.036821 -0.263518
6.815000 0.037304 -0.263459
6.816000 0.037787 -0.263399
6.817000 0.038269 -0.263337
6.818000 0.038751 -0.263274
6.819000 0.039233 -0.263210
6.820000 0.039714 -0.263145
6.821000 0.040195 -0.263079
6.822000 0.040676 -0.263011
6.823000 0.041156 -0.262942
6.824000 0.041637 -0.262872
6.825000 0.042116 -0.262801
6.826000 0.042596 -0.262729
6.827000 0.043075 -0.262655
6.828000 0.043553 -0.262580
6.829000 0.044032 -0.262504
6.830000 0.044510 -0.262427
6.831000 0.044987 -0.262348
6.832000 0.045465 -0.262268
6.833000 0.045942 -0.262188
6.834000 0.046418 -0.262105
6.835000 0.046895 -0.262022
6.836000 0.047370 -0.261938
6.837000 0.047846 -0.261852
6.838000 0.048321 -0.261765
6.839000 0.048796 -0.261677
6.840000 0.049270 -0.261587
6.841000 0.049744 -0.261497
6.842000 0.050218 -0.261405
6.843000 0.050691 -0.261312
6.844000 0.051164 -0.261218
6.845000 0.051636 -0.261122
6.846000 0.052109 -0.261026
6.847000 0.052580 -0.260928
6.848000 0.053052 -0.260829
6.849000 0.053523 -0.260729
6.850000 0.053993 -0.260628
6.851000 0.054463 -0.260525
6.852000 0.054933 -0.260422
6.853000 0.055402 -0.260317
6.854000 0.055871 -0.260210
6.855000 0.056340 -0.260103
6.856000 0.056808 -0.259995
6.857000 0.057276 -0.259885
6.858000 0.057743 -0.259774
6.859000 0.058210 -0.259662
6.860000 0.058677 -0.259549
6.861000 0.059143 -0.259434
6.862000 0.059608 -0.259319
6.863000 0.060074 -0.259202
6.864000 0.060539 -0.259084
6.865000 0.061003 -0.258965
6.866000 0.061467 -0.258845
6.867000 0.061931 -0.258723
6.868000 0.062394 -0.258600
6.869000 0.062856 -0.258477
6.870000 0.063319 -0.258352
6.871000 0.063780 -0.258225
6.872000 0.064242 -0.258098
6.873000 0.064703 -0.257969
6.874000 0.065163 -0.257840
6.875000 0.065623 -0.257709
6.876000 0.066083 -0.257577
6.877000 0.066542 -0.257443
6.878000 0.067001 -0.257309
6.879000 0.067459 -0.257173
6.880000 0.067917 -0.257037
6.881000 0.068374 -0.256899
6.882000 0.068831 -0.256759
6.883000 0.069288 -0.256619
6.884000 0.069744 -0.256478
6.885000 0.070199 -0.256335
6.886000 0.070654 -0.256191
6.887000 0.071109 -0.256046
6.888000 0.071563 -0.255900
6.889000 0.072017 -0.255753
6.890000 0.072470 -0.255605
6.891000 0.072922 -0.255455
6.892000 0.073375 -0.255304
6.893000 0.073826 -0.255153
6.894000 0.074278 -0.255000
6.895000 0.074728 -0.254845
6.896000 0.075179 -0.254690
6.897000 0.075628 -0.254534
6.898000 0.076078 -0.254376
6.899000 0.076526 -0.254217
6.900000 0.076975 -0.254057
6.901000 0.077423 -0.253896
6.902000 0.077870 -0.253734
6.903000 0.078317 -0.253571
6.904000 0.078763 -0.253406
6.905000 0.079209 -0.253240
6.906000 0.079654 -0.253074
6.907000 0.080099 -0.252906
6.908000 0.080543 -0.252737
6.909000 0.080987 -0.252566
6.910000 0.081430 -0.252395
6.911000 0.081873 -0.252222
6.912000 0.082315 -0.252049
6.913000 0.082757 -0.251874
6.914000 0.083198 -0.251698
6.915000 0.083638 -0.251521
6.916000 0.084079 -0.251343
6.917000 0.084518 -0.251163
6.918000 0.084957 -0.250983
6.919000 0.085396 -0.250801
6.920000 0.085834 -0.250619
6.921000 0.086271 -0.250435
6.922000 0.086708 -0.250250
6.923000 0.087144 -0.250064
6.924000 0.087580 -0.249877
6.925000 0.088016 -0.249688
6.926000 0.088450 -0.249499
6.927000 0.088885 -0.249308
6.928000 0.089318 -0.249117
6.929000 0.089751 -0.248924
6.930000 0.090184 -0.248730
6.931000 0.090616 -0.248535
6.932000 0.091047 -0.248339
6.933000 0.091478 -0.248141
6.934000 0.091908 -0.247943
6.935000 0.092338 -0.247743
6.936000 0.092767 -0.247543
6.937000 0.093196 -0.247341
6.938000 0.093624 -0.247138
6.939000 0.094051 -0.246934
6.940000 0.094478 -0.246729
6.941000 0.094905 -0.246523
6.942000 0.095330 -0.246316
6.943000 0.095755 -0.246108
6.944000 0.096180 -0.245898
6.945000 0.096604 -0.245687
6.946000 0.097027 -0.245476
6.947000 0.097450 -0.245263
6.948000 0.097873 -0.245049
6.949000 0.098294 -0.244834
6.950000 0.098715 -0.244618
6.951000 0.099136 -0.244401
6.952000 0.099556 -0.244183
6.953000 0.099975 -0.243963
6.954000 0.100393 -0.243743
6.955000 0.100812 -0.243521
6.956000 0.101229 -0.243299
6.957000 0.101646 -0.243075
6.958000 0.102062 -0.242850
6.959000 0.102478 -0.242625
6.960000 0.102893 -0.242398
6.961000 0.103307 -0.242170
6.962000 0.103721 -0.241940
6.963000 0.104134 -0.241710
6.964000 0.104547 -0.241479
6.965000 0.104959 -0.241247
6.966000 0.105370 -0.241013
6.967000 0.105781 -0.240779
6.968000 0.106191 -0.240543
6.969000 0.106600 -0.240307
6.970000 0.107009 -0.240069
6.971000 0.107417 -0.239830
6.972000 0.107825 -0.239590
6.973000 0.108232 -0.239349
6.974000 0.108638 -0.239107
6.975000 0.109044 -0.238864
6.976000 0.109449 -0.238620
6.977000 0.109853 -0.238375
6.978000 0.110257 -0.238129
6.979000 0.110660 -0.237881
6.980000 0.111062 -0.237633
6.981000 0.111464 -0.237384
6.982000 0.111865 -0.237133
6.983000 0.112266 -0.236882
6.984000 0.112665 -0.236629
6.985000 0.113065 -0.236375
6.986000 0.113463 -0.236121
6.987000 0.113861 -0.235865
6.988000 0.114258 -0.235608
6.989000 0.114655 -0.235350
6.990000 0.115050 -0.235091
6.991000 0.115446 -0.234832
6.992000 0.115840 -0.234571
6.993000 0.116234 -0.234309
6.994000 0.116627 -0.234045
6.995000 0.117019 -0.233781
6.996000 0.117411 -0.233516
6.997000 0.117802 -0.233250
6.998000 0.118193 -0.232983
6.999000 0.118583 -0.232715
7.000000 0.118972 -0.232445
7.001000 0.119360 -0.232175
7.002000 0.119748 -0.231904
7.003000 0.120135 -0.231631
7.004000 0.120521 -0.231358
7.005000 0.120907 -0.231084
7.006000 0.121292 -0.230808
7.007000 0.121676 -0.230532
7.008000 0.122059 -0.230254
7.009000 0.122442 -0.229976
7.010000 0.122824 -0.229696
7.011000 0.123206 -0.229416
7.012000 0.123587 -0.229134
7.013000 0.123967 -0.228851
7.014000 0.124346 -0.228568
7.015000 0.124724 -0.228283
7.016000 0.125102 -0.227998
7.017000 0.125480 -0.227711
7.018000 0.125856 -0.227423
7.019000 0.126232 -0.227135
7.020000 0.126607 -0.226845
7.021000 0.126981 -0.226554
7.022000 0.127355 -0.226263
7.023000 0.127727 -0.225970
7.024000 0.128100 -0.225676
7.025000 0.128471 -0.225382
7.026000 0.128842 -0.225086
7.027000 0.129212 -0.224789
7.028000 0.129581 -0.224492
7.029000 0.129949 -0.224193
7.030000 0.130317 -0.223894
7.031000 0.130684 -0.223593
7.032000 0.131050 -0.223291
7.033000 0.131416 -0.222989
7.034000 0.131780 -0.222685
7.035000 0.132144 -0.222381
7.036000 0.132508 -0.222075
7.037000 0.132870 -0.221768
7.038000 0.133232 -0.221461
7.039000 0.133593 -0.221152
7.040000 0.133953 -0.220843
7.041000 0.134313 -0.220533
7.042000 0.134671 -0.220221
7.043000 0.135029 -0.219909
7.044000 0.135387 -0.219595
7.045000 0.135743 -0.219281
7.046000 0.136099 -0.218966
7.047000 0.136454 -0.218649
7.048000 0.136808 -0.218332
7.049000 0.137161 -0.218014
7.050000 0.137514 -0.217695
7.051000 0.137866 -0.217375
7.052000 0.138217 -0.217054
7.053000 0.138567 -0.216732
7.054000 0.138917 -0.216409
7.055000 0.139265 -0.216085
7.056000 0.139613 -0.215760
7.057000 0.139960 -0.215434
7.058000 0.140307 -0.215107
7.059000 0.140652 -0.214779
7.060000 0.140997 -0.214451
7.061000 0.141341 -0.214121
7.062000 0.141684 -0.213790
7.063000 0.142027 -0.213459
7.064000 0.142369 -0.213126
7.065000 0.142709 -0.212793
7.066000 0.143049 -0.212459
7.067000 0.143389 -0.212123
7.068000 0.143727 -0.211787
7.069000 0.144065 -0.211450
7.070000 0.144402 -0.211112
7.071000 0.144738 -0.210773
7.072000 0.145073 -0.210433
7.073000 0.145407 -0.210092
7.074000 0.145741 -0.209750
7.075000 0.146074 -0.209408
7.076000 0.146406 -0.209064
7.077000 0.146737 -0.208719
7.078000 0.147067 -0.208374
7.079000 0.147397 -0.208027
7.080000 0.147725 -0.207680
7.081000 0.148053 -0.207332
7.082000 0.148380 -0.206983
7.083000 0.148706 -0.206633
7.084000 0.149032 -0.206282
7.085000 0.149356 -0.205930
7.086000 0.149680 -0.205577
7.087000 0.150003 -0.205223
7.088000 0.150325 -0.204869
7.089000 0.150646 -0.204513
7.090000 0.150967 -0.204157
7.091000 0.151286 -0.203800
7.092000 0.151605 -0.203441
7.093000 0.151923 -0.203082
7.094000 0.152240 -0.202722
7.095000 0.152556 -0.202361
7.096000 0.152871 -0.202000
7.097000 0.153186 -0.201637
7.098000 0.153499 -0.201274
7.099000 0.153812 -0.200909
7.100000 0.154124 -0.200544
7.101000 0.154435 -0.200178
7.102000 0.154745 -0.199811
7.103000 0.155055 -0.199443
7.104000 0.155363 -0.199074
7.105000 0.155671 -0.198704
7.106000 0.155978 -0.198334
7.107000 0.156283 -0.197962
7.108000 0.156588 -0.197590
7.109000 0.156893 -0.197217
7.110000 0.157196 -0.196843
7.111000 0.157498 -0.196468
7.112000 0.157800 -0.196092
7.113000 0.158101 -0.195715
7.114000 0.158400 -0.195338
7.115000 0.158699 -0.194960
7.116000 0.158997 -0.194580
7.117000 0.159295 -0.194200
7.118000 0.159591 -0.193819
7.119000 0.159886 -0.193438
7.120000 0.160181 -0.193055
7.121000 0.160474 -0.192672
7.122000 0.160767 -0.192287
7.123000 0.161059 -0.191902
7.124000 0.161350 -0.191516
7.125000 0.161640 -0.191129
7.126000 0.161929 -0.190742
7.127000 0.162218 -0.190353
7.128000 0.162505 -0.189964
7.129000 0.162791 -0.189574
7.130000 0.163077 -0.189183
7.131000 0.163362 -0.188791
7.132000 0.163645 -0.188398
7.133000 0.163928 -0.188005
7.134000 0.164210 -0.187611
7.135000 0.164491 -0.187215
7.136000 0.164772 -0.186820
7.137000 0.165051 -0.186423
7.138000 0.165329 -0.186025
7.139000 0.165607 -0.185627
7.140000 0.165883 -0.185228
7.141000 0.166159 -0.184828
7.142000 0.166433 -0.184427
7.143000 0.166707 -0.184025
7.144000 0.166980 -0.183623
7.145000 0.167252 -0.183219
7.146000 0.167523 -0.182815
7.147000 0.167793 -0.182411
7.148000 0.168062 -0.182005
7.149000 0.168330 -0.181598
7.150000 0.168597 -0.181191
7.151000 0.168864 -0.180783
7.152000 0.169129 -0.180374
7.153000 0.169394 -0.179965
7.154000 0.169657 -0.179554
7.155000 0.169920 -0.179143
7.156000 0.170181 -0.178731
7.157000 0.170442 -0.178319
7.158000 0.170702 -0.177905
7.159000 0.170961 -0.177491
7.160000 0.171219 -0.177076
7.161000 0.171476 -0.176660
7.162000 0.171732 -0.176243
7.163000 0.171987 -0.175826
7.164000 0.172241 -0.175408
7.165000 0.172494 -0.174989
7.166000 0.172746 -0.174569
7.167000 0.172997 -0.174149
7.168000 0.173248 -0.173727
7.169000 0.173497 -0.173305
7.170000 0.173745 -0.172883
7.171000 0.173993 -0.172459
7.172000 0.174239 -0.172035
7.173000 0.174485 -0.171610
7.174000 0.174729 -0.171184
7.175000 0.174973 -0.170758
7.176000 0.175215 -0.170330
7.177000 0.175457 -0.169902
7.178000 0.175697 -0.169474
7.179000 0.175937 -0.169044
7.180000 0.176176 -0.168614
7.181000 0.176414 -0.168183
7.182000 0.176650 -0.167752
7.183000 0.176886 -0.167319
7.184000 0.177121 -0.166886
7.185000 0.177355 -0.166452
7.186000 0.177588 -0.166018
7.187000 0.177819 -0.165582
7.188000 0.178050 -0.165146
7.189000 0.178280 -0.164710
7.190000 0.178509 -0.164272
7.191000 0.178737 -0.163834
7.192000 0.178964 -0.163395
7.193000 0.179190 -0.162955
7.194000 0.179415 -0.162515
7.195000 0.179639 -0.162074
7.196000 0.179862 -0.161632
7.197000 0.180083 -0.161190
7.198000 0.180304 -0.160747
7.199000 0.180524 -0.160303
7.200000 0.180743 -0.159859
7.201000 0.180961 -0.159413
7.202000 0.181178 -0.158967
7.203000 0.181394 -0.158521
7.204000 0.181609 -0.158074
7.205000 0.181823 -0.157626
7.206000 0.182036 -0.157177
7.207000 0.182248 -0.156728
7.208000 0.182459 -0.156278
7.209000 0.182669 -0.155827
7.210000 0.182877 -0.155376
7.211000 0.183085 -0.154924
7.212000 0.183292 -0.154471
7.213000 0.183498 -0.154017
7.214000 0.183703 -0.153563
7.215000 0.183906 -0.153109
7.216000 0.184109 -0.152653
7.217000 0.184311 -0.152197
7.218000 0.184512 -0.151741
7.219000 0.184711 -0.151283
7.220000 0.184910 -0.150825
7.221000 0.185108 -0.150367
7.222000 0.185304 -0.149907
7.223000 0.185500 -0.149447
7.224000 0.185694 -0.148987
7.225000 0.185888 -0.148525
7.226000 0.186080 -0.148064
7.227000 0.186272 -0.147601
7.228000 0.186462 -0.147138
7.229000 0.186651 -0.146674
7.230000 0.186840 -0.146210
7.231000 0.187027 -0.145745
7.232000 0.187213 -0.145279
7.233000 0.187398 -0.144813
7.234000 0.187583 -0.144346
7.235000 0.187766 -0.143878
7.236000 0.187948 -0.143410
7.237000 0.188129 -0.142941
7.238000 0.188309 -0.142472
7.239000 0.188488 -0.142002
7.240000 0.188665 -0.141531
7.241000 0.188842 -0.141060
7.242000 0.189018 -0.140588
7.243000 0.189193 -0.140115
7.244000 0.189366 -0.139642
7.245000 0.189539 -0.139169
7.246000 0.189710 -0.138694
7.247000 0.189881 -0.138220
7.248000 0.190050 -0.137744
7.249000 0.190219 -0.137268
7.250000 0.190386 -0.136791
7.251000 0.190552 -0.136314
7.252000 0.190717 -0.135836
7.253000 0.190881 -0.135358
7.254000 0.191044 -0.134879
7.255000 0.191206 -0.134399
7.256000 0.191367 -0.133919
7.257000 0.191527 -0.133439
7.258000 0.191686 -0.132957
7.259000 0.191843 -0.132476
7.260000 0.192000 -0.131993
7.261000 0.192155 -0.131510
7.262000 0.192310 -0.131027
7.263000 0.192463 -0.130543
7.264000 0.192615 -0.130058
7.265000 0.192766 -0.129573
7.266000 0.192917 -0.129087
7.267000 0.193066 -0.128601
7.268000 0.193213 -0.128114
7.269000 0.193360 -0.127627
7.270000 0.193506 -0.127139
7.271000 0.193651 -0.126650
7.272000 0.193794 -0.126161
7.273000 0.193937 -0.125672
7.274000 0.194078 -0.125182
7.275000 0.194218 -0.124691
7.276000 0.194358 -0.124200
7.277000 0.194496 -0.123708
7.278000 0.194633 -0.123216
7.279000 0.194769 -0.122723
7.280000 0.194903 -0.122230
7.281000 0.195037 -0.121736
7.282000 0.195170 -0.121242
7.283000 0.195301 -0.120747
7.284000 0.195432 -0.120252
7.285000 0.195561 -0.119756
7.286000 0.195689 -0.119260
7.287000 0.195816 -0.118763
7.288000 0.195942 -0.118266
7.289000 0.196067 -0.117768
7.290000 0.196191 -0.117270
7.291000 0.196314 -0.116771
7.292000 0.196435 -0.116272
7.293000 0.196556 -0.115772
7.294000 0.196675 -0.115272
7.295000 0.196793 -0.114771
7.296000 0.196910 -0.114270
7.297000 0.197026 -0.113768
7.298000 0.197141 -0.113266
7.299000 0.197255 -0.112764
7.300000 0.197367 -0.112261
7.301000 0.197479 -0.111757
7.302000 0.197589 -0.111253
7.303000 0.197699 -0.110749
7.304000 0.197807 -0.110244
7.305000 0.197914 -0.109738
7.306000 0.198020 -0.109233
7.307000 0.198124 -0.108726
7.308000 0.198228 -0.108219
7.309000 0.198330 -0.107712
7.310000 0.198432 -0.107205
7.311000 0.198532 -0.106697
7.312000 0.198631 -0.106188
7.313000 0.198729 -0.105679
7.314000 0.198826 -0.105170
7.315000 0.198922 -0.104660
7.316000 0.199016 -0.104150
7.317000 0.199110 -0.103639
7.318000 0.199202 -0.103128
7.319000 0.199293 -0.102616
7.320000 0.199383 -0.102105
7.321000 0.199472 -0.101592
7.322000 0.199560 -0.101079
7.323000 0.199647 -0.100566
7.324000 0.199732 -0.100053
7.325000 0.199816 -0.099539
7.326000 0.199900 -0.099024
7.327000 0.199982 -0.098509
7.328000 0.200062 -0.097994
7.329000 0.200142 -0.097479
7.330000 0.200221 -0.096963
7.331000 0.200298 -0.096446
7.332000 0.200375 -0.095930
7.333000 0.200450 -0.095412
7.334000 0.200524 -0.094895
7.335000 0.200597 -0.094377
7.336000 0.200668 -0.093859
7.337000 0.200739 -0.093340
7.338000 0.200808 -0.092821
7.339000 0.200876 -0.092302
7.340000 0.200944 -0.091782
7.341000 0.201009 -0.091262
7.342000 0.201074 -0.090741
7.343000 0.201138 -0.090221
7.344000 0.201200 -0.089699
7.345000 0.201262 -0.089178
7.346000 0.201322 -0.088656
7.347000 0.201381 -0.088134
7.348000 0.201438 -0.087611
7.349000 0.201495 -0.087088
7.350000 0.201551 -0.086565
7.351000 0.201605 -0.086041
7.352000 0.201658 -0.085517
7.353000 0.201710 -0.084993
7.354000 0.201761 -0.084468
7.355000 0.201810 -0.083943
7.356000 0.201859 -0.083418
7.357000 0.201906 -0.082893
7.358000 0.201952 -0.082367
7.359000 0.201997 -0.081841
7.360000 0.202041 -0.081314
7.361000 0.202084 -0.080787
7.362000 0.202125 -0.080260
7.363000 0.202165 -0.079733
7.364000 0.202204 -0.079205
7.365000 0.202242 -0.078677
7.366000 0.202279 -0.078149
7.367000 0.202315 -0.077620
7.368000 0.202349 -0.077091
7.369000 0.202382 -0.076562
7.370000 0.202414 -0.076033
7.371000 0.202445 -0.075503
7.372000 0.202475 -0.074973
7.373000 0.202503 -0.074442
7.374000 0.202531 -0.073912
7.375000 0.202557 -0.073381
7.376000 0.202582 -0.072850
7.377000 0.202605 -0.072319
7.378000 0.202628 -0.071787
7.379000 0.202649 -0.071255
7.380000 0.202670 -0.070723
7.381000 0.202689 -0.070190
7.382000 0.202706 -0.069658
7.383000 0.202723 -0.069125
7.384000 0.202739 -0.068592
7.385000 0.202753 -0.068058
7.386000 0.202766 -0.067525
7.387000 0.202778 -0.066991
7.388000 0.202788 -0.066457
7.389000 0.202798 -0.065923
7.390000 0.202806 -0.065388
7.391000 0.202813 -0.064853
7.392000 0.202819 -0.064318
7.393000 0.202824 -0.063783
7.394000 0.202828 -0.063248
7.395000 0.202830 -0.062712
7.396000 0.202831 -0.062176
7.397000 0.202831 -0.061640
7.398000 0.202830 -0.061104
7.399000 0.202827 -0.060567
7.400000 0.202824 -0.060031
7.401000 0.202819 -0.059494
7.402000 0.202813 -0.058957
7.403000 0.202806 -0.058420
7.404000 0.202797 -0.057882
7.405000 0.202788 -0.057345
7.406000 0.202777 -0.056807
7.407000 0.202765 -0.056269
7.408000 0.202752 -0.055731
7.409000 0.202737 -0.055193
7.410000 0.202722 -0.054654
7.411000 0.202705 -0.054116
7.412000 0.202687 -0.053577
7.413000 0.202667 -0.053038
7.414000 0.202647 -0.052499
7.415000 0.202625 -0.051960
7.416000 0.202603 -0.051420
7.417000 0.202579 -0.050881
7.418000 0.202553 -0.050341
7.419000 0.202527 -0.049801
7.420000 0.202499 -0.049261
7.421000 0.202470 -0.048721
7.422000 0.202440 -0.048181
7.423000 0.202409 -0.047641
7.424000 0.202376 -0.047100
7.425000 0.202343 -0.046560
7.426000 0.202308 -0.046019
7.427000 0.202272 -0.045478
7.428000 0.202234 -0.044937
7.429000 0.202196 -0.044396
7.430000 0.202156 -0.043855
7.431000 0.202115 -0.043314
7.432000 0.202073 -0.042772
7.433000 0.202030 -0.042231
7.434000 0.201985 -0.041689
7.435000 0.201939 -0.041148
7.436000 0.201892 -0.040606
7.437000 0.201844 -0.040064
7.438000 0.201795 -0.039522
7.439000 0.201744 -0.038981
7.440000 0.201692 -0.038438
7.441000 0.201639 -0.037896
7.442000 0.201585 -0.037354
7.443000 0.201529 -0.036812
7.444000 0.201473 -0.036270
7.445000 0.201415 -0.035727
7.446000 0.201356 -0.035185
7.447000 0.201295 -0.034642
7.448000 0.201234 -0.034100
7.449000 0.201171 -0.033557
7.450000 0.201107 -0.033015
7.451000 0.201042 -0.032472
7.452000 0.200975 -0.031929
7.453000 0.200908 -0.031387
7.454000 0.200839 -0.030844
7.455000 0.200769 -0.030301
7.456000 0.200698 -0.029758
7.457000 0.200625 -0.029216
7.458000 0.200551 -0.028673
7.459000 0.200476 -0.028130
7.460000 0.200400 -0.027587
7.461000 0.200323 -0.027044
7.462000 0.200244 -0.026501
7.463000 0.200165 -0.025959
7.464000 0.200084 -0.025416
7.465000 0.200001 -0.024873
7.466000 0.199918 -0.024330
7.467000 0.199833 -0.023787
7.468000 0.199748 -0.023244
7.469000 0.199661 -0.022702
7.470000 0.199572 -0.022159
7.471000 0.199483 -0.021616
7.472000 0.199392 -0.021073
7.473000 0.199300 -0.020531
7.474000 0.199207 -0.019988
7.475000 0.199113 -0.019445
7.476000 0.199017 -0.018903
7.477000 0.198920 -0.018360
7.478000 0.198822 -0.017818
7.479000 0.198723 -0.017275
7.480000 0.198623 -0.016733
7.481000 0.198521 -0.016191
7.482000 0.198418 -0.015648
7.483000 0.198314 -0.015106
7.484000 0.198209 -0.014564
7.485000 0.198102 -0.014022
7.486000 0.197994 -0.013480
7.487000 0.197885 -0.012938
7.488000 0.197775 -0.012396
7.489000 0.197664 -0.011854
7.490000 0.197551 -0.011313
7.491000 0.197438 -0.010771
7.492000 0.197323 -0.010230
7.493000 0.197206 -0.009688
7.494000 0.197089 -0.009147
7.495000 0.196970 -0.008606
7.496000 0.196850 -0.008065
7.497000 0.196729 -0.007524
7.498000 0.196607 -0.006983
7.499000 0.196483 -0.006442
7.500000 0.196359 -0.005902
7.501000 0.196233 -0.005361
7.502000 0.196106 -0.004821
7.503000 0.195977 -0.004281
7.504000 0.195848 -0.003741
7.505000 0.195717 -0.003201
7.506000 0.195585 -0.002661
7.507000 0.195452 -0.002121
7.508000 0.195317 -0.001582
7.509000 0.195182 -0.001042
7.510000 0.195045 -0.000503
7.511000 0.194907 0.000036
7.512000 0.194768 0.000575
7.513000 0.194627 0.001113
7.514000 0.194486 0.001652
7.515000 0.194343 0.002190
7.516000 0.194199 0.002729
7.517000 0.194053 0.003267
7.518000 0.193907 0.003804
7.519000 0.193759 0.004342
7.520000 0.193610 0.004880
7.521000 0.193460 0.005417
7.522000 0.193309 0.005954
7.523000 0.193156 0.006491
7.524000 0.193003 0.007027
7.525000 0.192848 0.007564
7.526000 0.192692 0.008100
7.527000 0.192534 0.008636
7.528000 0.192376 0.009172
7.529000 0.192216 0.009708
7.530000 0.192055 0.010243
7.531000 0.191893 0.010778
7.532000 0.191730 0.011313
7.533000 0.191565 0.011848
7.534000 0.191400 0.012382
7.535000 0.191233 0.012916
7.536000 0.191065 0.013450
7.537000 0.190895 0.013984
7.538000 0.190725 0.014518
7.539000 0.190553 0.015051
7.540000 0.190380 0.015584
7.541000 0.190206 0.016116
7.542000 0.190031 0.016649
7.543000 0.189854 0.017181
7.544000 0.189677 0.017713
7.545000 0.189498 0.018244
7.546000 0.189318 0.018776
7.547000 0.189137 0.019307
7.548000 0.188954 0.019838
7.549000 0.188771 0.020368
7.550000 0.188586 0.020898
7.551000 0.188400 0.021428
7.552000 0.188213 0.021958
7.553000 0.188024 0.022487
7.554000 0.187835 0.023016
7.555000 0.187644 0.023545
7.556000 0.187452 0.024073
7.557000 0.187259 0.024601
7.558000 0.187065 0.025129
7.559000 0.186869 0.025656
7.560000 0.186673 0.026183
7.561000 0.186475 0.026710
7.562000 0.186276 0.027236
7.563000 0.186076 0.027762
7.564000 0.185874 0.028288
7.565000 0.185672 0.028813
7.566000 0.185468 0.029338
7.567000 0.185263 0.029863
7.568000 0.185057 0.030387
7.569000 0.184850 0.030911
7.570000 0.184642 0.031435
7.571000 0.184432 0.031958
7.572000 0.184221 0.032481
7.573000 0.184010 0.033003
7.574000 0.183796 0.033525
7.575000 0.183582 0.034047
7.576000 0.183367 0.034568
7.577000 0.183150 0.035089
7.578000 0.182933 0.035610
7.579000 0.182714 0.036130
7.580000 0.182494 0.036650
7.581000 0.182273 0.037169
7.582000 0.182050 0.037688
7.583000 0.181827 0.038207
7.584000 0.181602 0.038725
7.585000 0.181376 0.039242
7.586000 0.181149 0.039760
7.587000 0.180921 0.040277
7.588000 0.180692 0.040793
7.589000 0.180461 0.041309
7.590000 0.180230 0.041825
7.591000 0.179997 0.042340
7.592000 0.179763 0.042854
7.593000 0.179528 0.043369
7.594000 0.179292 0.043882
7.595000 0.179055 0.044396
7.596000 0.178816 0.044909
7.597000 0.178577 0.045421
7.598000 0.178336 0.045933
7.599000 0.178094 0.046445
7.600000 0.177851 0.046956
7.601000 0.177607 0.047466
7.602000 0.177362 0.047976
7.603000 0.177115 0.048486
7.604000 0.176868 0.048995
7.605000 0.176619 0.049504
7.606000 0.176369 0.050012
7.607000 0.176119 0.050520
7.608000 0.175867 0.051027
7.609000 0.175613 0.051533
7.610000 0.175359 0.052040
7.611000 0.175104 0.052545
7.612000 0.174847 0.053050
7.613000 0.174589 0.053555
7.614000 0.174331 0.054059
7.615000 0.174071 0.054563
7.616000 0.173810 0.055066
7.617000 0.173548 0.055568
7.618000 0.173284 0.056070
7.619000 0.173020 0.056572
7.620000 0.172755 0.057073
7.621000 0.172488 0.057573
7.622000 0.172220 0.058073
7.623000 0.171952 0.058572
7.624000 0.171682 0.059071
7.625000 0.171411 0.059569
7.626000 0.171139 0.060067
7.627000 0.170866 0.060564
7.628000 0.170591 0.061060
7.629000 0.170316 0.061556
7.630000 0.170040 0.062052
7.631000 0.169762 0.062546
7.632000 0.169483 0.063041
7.633000 0.169204 0.063534
7.634000 0.168923 0.064027
7.635000 0.168641 0.064520
7.636000 0.168358 0.065011
7.637000 0.168074 0.065503
7.638000 0.167789 0.065993
7.639000 0.167503 0.066483
7.640000 0.167215 0.066973
7.641000 0.166927 0.067462
7.642000 0.166638 0.067950
7.643000 0.166347 0.068437
7.644000 0.166056 0.068924
7.645000 0.165763 0.069411
7.646000 0.165469 0.069896
7.647000 0.165175 0.070381
7.648000 0.164879 0.070866
7.649000 0.164582 0.071350
7.650000 0.164284 0.071833
7.651000 0.163985 0.072315
7.652000 0.163685 0.072797
7.653000 0.163384 0.073278
7.654000 0.163082 0.073759
7.655000 0.162778 0.074239
7.656000 0.162474 0.074718
7.657000 0.162169 0.075197
7.658000 0.161863 0.075675
7.659000 0.161555 0.076152
7.660000 0.161247 0.076628
7.661000 0.160937 0.077104
7.662000 0.160627 0.077579
7.663000 0.160315 0.078054
7.664000 0.160003 0.078528
7.665000 0.159689 0.079001
7.666000 0.159375 0.079473
7.667000 0.159059 0.079945
7.668000 0.158742 0.080416
7.669000 0.158425 0.080886
7.670000 0.158106 0.081356
7.671000 0.157786 0.081825
7.672000 0.157466 0.082293
7.673000 0.157144 0.082760
7.674000 0.156821 0.083227
7.675000 0.156497 0.083693
7.676000 0.156173 0.084158
7.677000 0.155847 0.084623
7.678000 0.155520 0.085087
7.679000 0.155192 0.085550
7.680000 0.154864 0.086012
7.681000 0.154534 0.086474
7.682000 0.154203 0.086935
7.683000 0.153872 0.087395
7.684000 0.153539 0.087854
7.685000 0.153205 0.088313
7.686000 0.152870 0.088770
7.687000 0.152535 0.089227
7.688000 0.152198 0.089684
7.689000 0.151861 0.090139
7.690000 0.151522 0.090594
7.691000 0.151182 0.091048
7.692000 0.150842 0.091501
7.693000 0.150500 0.091953
7.694000 0.150158 0.092405
7.695000 0.149815 0.092856
7.696000 0.149470 0.093306
7.697000 0.149125 0.093755
7.698000 0.148779 0.094203
7.699000 0.148431 0.094651
7.700000 0.148083 0.095098
7.701000 0.147734 0.095544
7.702000 0.147384 0.095989
7.703000 0.147033 0.096433
7.704000 0.146681 0.096877
7.705000 0.146328 0.097320
7.706000 0.145974 0.097762
7.707000 0.145620 0.098203
7.708000 0.145264 0.098643
7.709000 0.144907 0.099082
7.710000 0.144550 0.099521
7.711000 0.144191 0.099959
7.712000 0.143832 0.100396
7.713000 0.143472 0.100832
7.714000 0.143110 0.101267
7.715000 0.142748 0.101701
7.716000 0.142385 0.102135
7.717000 0.142021 0.102567
7.718000 0.141656 0.102999
7.719000 0.141291 0.103430
7.720000 0.140924 0.103860
7.721000 0.140556 0.104289
7.722000 0.140188 0.104717
7.723000 0.139819 0.105145
7.724000 0.139448 0.105571
7.725000 0.139077 0.105997
7.726000 0.138705 0.106422
7.727000 0.138332 0.106846
7.728000 0.137959 0.107269
7.729000 0.137584 0.107691
7.730000 0.137209 0.108112
7.731000 0.136832 0.108532
7.732000 0.136455 0.108952
7.733000 0.136077 0.109370
7.734000 0.135698 0.109788
7.735000 0.135318 0.110204
7.736000 0.134938 0.110620
7.737000 0.134556 0.111035
7.738000 0.134174 0.111449
7.739000 0.133790 0.111862
7.740000 0.133406 0.112274
7.741000 0.133021 0.112685
7.742000 0.132636 0.113095
7.743000 0.132249 0.113504
7.744000 0.131862 0.113913
7.745000 0.131474 0.114320
7.746000 0.131084 0.114727
7.747000 0.130695 0.115132
7.748000 0.130304 0.115537
7.749000 0.129912 0.115940
7.750000 0.129520 0.116343
7.751000 0.129127 0.116745
7.752000 0.128733 0.117145
7.753000 0.128338 0.117545
7.754000 0.127943 0.117944
7.755000 0.127546 0.118342
7.756000 0.127149 0.118739
7.757000 0.126751 0.119135
7.758000 0.126352 0.119530
7.759000 0.125953 0.119924
7.760000 0.125553 0.120317
7.761000 0.125151 0.120709
7.762000 0.124750 0.121100
7.763000 0.124347 0.121490
7.764000 0.123943 0.121879
7.765000 0.123539 0.122267
7.766000 0.123134 0.122654
7.767000 0.122729 0.123040
7.768000 0.122322 0.123425
7.769000 0.121915 0.123809
7.770000 0.121507 0.124192
7.771000 0.121098 0.124574
7.772000 0.120689 0.124955
7.773000 0.120278 0.125335
7.774000 0.119867 0.125714
7.775000 0.119456 0.126092
7.776000 0.119043 0.126469
7.777000 0.118630 0.126845
7.778000 0.118216 0.127220
7.779000 0.117801 0.127594
7.780000 0.117386 0.127966
7.781000 0.116970 0.128338
7.782000 0.116553 0.128709
7.783000 0.116135 0.129079
7.784000 0.115717 0.129447
7.785000 0.115298 0.129815
7.786000 0.114879 0.130182
7.787000 0.114458 0.130547
7.788000 0.114037 0.130912
7.789000 0.113615 0.131275
7.790000 0.113193 0.131638
7.791000 0.112770 0.131999
7.792000 0.112346 0.132359
7.793000 0.111921 0.132719
7.794000 0.111496 0.133077
7.795000 0.111070 0.133434
7.796000 0.110644 0.133790
7.797000 0.110217 0.134145
7.798000 0.109789 0.134499
7.799000 0.109360 0.134852
7.800000 0.108931 0.135203
7.801000 0.108501 0.135554
7.802000 0.108071 0.135904
7.803000 0.107640 0.136252
7.804000 0.107208 0.136599
7.805000 0.106776 0.136946
7.806000 0.106342 0.137291
7.807000 0.105909 0.137635
7.808000 0.105474 0.137978
7.809000 0.105040 0.138320
7.810000 0.104604 0.138661
7.811000 0.104168 0.139001
7.812000 0.103731 0.139339
7.813000 0.103293 0.139677
7.814000 0.102855 0.140013
7.815000 0.102417 0.140349
7.816000 0.101977 0.140683
7.817000 0.101538 0.141016
7.818000 0.101097 0.141348
7.819000 0.100656 0.141679
7.820000 0.100214 0.142009
7.821000 0.099772 0.142337
7.822000 0.099329 0.142665
7.823000 0.098886 0.142991
7.824000 0.098442 0.143317
7.825000 0.097997 0.143641
7.826000 0.097552 0.143964
7.827000 0.097107 0.144286
7.828000 0.096660 0.144606
7.829000 0.096214 0.144926
7.830000 0.095766 0.145245
7.831000 0.095318 0.145562
7.832000 0.094870 0.145878
7.833000 0.094421 0.146193
7.834000 0.093971 0.146507
7.835000 0.093521 0.146820
7.836000 0.093070 0.147131
7.837000 0.092619 0.147442
7.838000 0.092168 0.147751
7.839000 0.091715 0.148059
7.840000 0.091263 0.148366
7.841000 0.090809 0.148672
7.842000 0.090355 0.148977
7.843000 0.089901 0.149280
7.844000 0.089446 0.149583
7.845000 0.088991 0.149884
7.846000 0.088535 0.150184
7.847000 0.088079 0.150483
7.848000 0.087622 0.150781
7.849000 0.087165 0.151077
7.850000 0.086707 0.151373
7.851000 0.086249 0.151667
7.852000 0.085790 0.151960
7.853000 0.085331 0.152252
7.854000 0.084871 0.152542
7.855000 0.084411 0.152832
7.856000 0.083950 0.153120
7.857000 0.083489 0.153407
7.858000 0.083028 0.153693
7.859000 0.082565 0.153978
7.860000 0.082103 0.154262
7.861000 0.081640 0.154544
7.862000 0.081177 0.154825
7.863000 0.080713 0.155105
7.864000 0.080249 0.155384
7.865000 0.079784 0.155662
7.866000 0.079319 0.155938
7.867000 0.078853 0.156213
7.868000 0.078387 0.156487
7.869000 0.077921 0.156760
7.870000 0.077454 0.157032
7.871000 0.076987 0.157302
7.872000 0.076519 0.157571
7.873000 0.076051 0.157839
7.874000 0.075583 0.158106
7.875000 0.075114 0.158372
7.876000 0.074645 0.158636
7.877000 0.074175 0.158899
7.878000 0.073705 0.159161
7.879000 0.073235 0.159422
7.880000 0.072764 0.159682
7.881000 0.072293 0.159940
7.882000 0.071822 0.160197
7.883000 0.071350 0.160453
7.884000 0.070877 0.160707
7.885000 0.070405 0.160961
7.886000 0.069932 0.161213
7.887000 0.069458 0.161464
7.888000 0.068985 0.161714
7.889000 0.068511 0.161963
7.890000 0.068036 0.162210
7.891000 0.067562 0.162456
7.892000 0.067087 0.162701
7.893000 0.066611 0.162945
7.894000 0.066136 0.163187
7.895000 0.065659 0.163428
7.896000 0.065183 0.163668
7.897000 0.064706 0.163907
7.898000 0.064229 0.164144
7.899000 0.063752 0.164381
7.900000 0.063275 0.164616
7.901000 0.062797 0.164849
7.902000 0.062318 0.165082
7.903000 0.061840 0.165313
7.904000 0.061361 0.165543
7.905000 0.060882 0.165772
7.906000 0.060402 0.166000
7.907000 0.059923 0.166226
7.908000 0.059443 0.166451
7.909000 0.058963 0.166675
7.910000 0.058482 0.166898
7.911000 0.058001 0.167119
7.912000 0.057520 0.167339
7.913000 0.057039 0.167558
7.914000 0.056557 0.167776
7.915000 0.056076 0.167992
7.916000 0.055594 0.168207
7.917000 0.055111 0.168421
7.918000 0.054629 0.168633
7.919000 0.054146 0.168845
7.920000 0.053663 0.169055
7.921000 0.053180 0.169264
7.922000 0.052696 0.169471
7.923000 0.052212 0.169678
7.924000 0.051728 0.169883
7.925000 0.051244 0.170087
7.926000 0.050760 0.170289
7.927000 0.050275 0.170491
7.928000 0.049790 0.170691
7.929000 0.049305 0.170889
7.930000 0.048820 0.171087
7.931000 0.048335 0.171283
7.932000 0.047849 0.171478
7.933000 0.047363 0.171672
7.934000 0.046877 0.171864
7.935000 0.046391 0.172056
7.936000 0.045905 0.172246
7.937000 0.045418 0.172434
7.938000 0.044932 0.172622
7.939000 0.044445 0.172808
7.940000 0.043958 0.172993
7.941000 0.043471 0.173176
7.942000 0.042983 0.173359
7.943000 0.042496 0.173540
7.944000 0.042008 0.173720
7.945000 0.041520 0.173898
7.946000 0.041032 0.174076
7.947000 0.040544 0.174252
7.948000 0.040056 0.174426
7.949000 0.039568 0.174600
7.950000 0.039079 0.174772
7.951000 0.038591 0.174943
7.952000 0.038102 0.175113
7.953000 0.037613 0.175281
7.954000 0.037124 0.175448
7.955000 0.036635 0.175614
7.956000 0.036146 0.175779
7.957000 0.035656 0.175942
7.958000 0.035167 0.176104
7.959000 0.034678 0.176265
7.960000 0.034188 0.176424
7.961000 0.033698 0.176582
7.962000 0.033209 0.176739
7.963000 0.032719 0.176895
7.964000 0.032229 0.177049
7.965000 0.031739 0.177202
7.966000 0.031249 0.177354
7.967000 0.030759 0.177505
7.968000 0.030268 0.177654
7.969000 0.029778 0.177802
7.970000 0.029288 0.177949
7.971000 0.028797 0.178094
7.972000 0.028307 0.178238
7.973000 0.027816 0.178381
7.974000 0.027326 0.178523
7.975000 0.026835 0.178663
7.976000 0.026345 0.178802
7.977000 0.025854 0.178940
7.978000 0.025363 0.179076
7.979000 0.024873 0.179212
7.980000 0.024382 0.179346
7.981000 0.023891 0.179478
7.982000 0.023400 0.179610
7.983000 0.022910 0.179740
7.984000 0.022419 0.179869
7.985000 0.021928 0.179996
7.986000 0.021437 0.180122
7.987000 0.020946 0.180247
7.988000 0.020455 0.180371
7.989000 0.019965 0.180493
7.990000 0.019474 0.180615
7.991000 0.018983 0.180734
7.992000 0.018492 0.180853
7.993000 0.018002 0.180970
7.994000 0.017511 0.181086
7.995000 0.017020 0.181201
7.996000 0.016530 0.181315
7.997000 0.016039 0.181427
7.998000 0.015548 0.181538
7.999000 0.015058 0.181647
8.000000 0.014567 0.181756
8.001000 0.014077 0.181863
8.002000 0.013586 0.181969
8.003000 0.013096 0.182073
8.004000 0.012606 0.182176
8.005000 0.012115 0.182278
8.006000 0.011625 0.182379
8.007000 0.011135 0.182479
8.008000 0.010645 0.182577
8.009000 0.010155 0.182674
8.010000 0.009665 0.182769
8.011000 0.009175 0.182863
8.012000 0.008686 0.182956
8.013000 0.008196 0.183048
8.014000 0.007707 0.183139
8.015000 0.007217 0.183228
8.016000 0.006728 0.183316
8.017000 0.006239 0.183402
8.018000 0.005749 0.183488
8.019000 0.005260 0.183572
8.020000 0.004771 0.183655
8.021000 0.004283 0.183736
8.022000 0.003794 0.183817
8.023000 0.003305 0.183896
8.024000 0.002817 0.183973
8.025000 0.002329 0.184050
8.026000 0.001840 0.184125
8.027000 0.001352 0.184199
8.028000 0.000864 0.184272
8.029000 0.000377 0.184343
8.030000 -0.000111 0.184413
8.031000 -0.000598 0.184482
8.032000 -0.001086 0.184549
8.033000 -0.001573 0.184616
8.034000 -0.002060 0.184681
8.035000 -0.002547 0.184744
8.036000 -0.003034 0.184807
8.037000 -0.003520 0.184868
8.038000 -0.004007 0.184928
8.039000 -0.004493 0.184987
8.040000 -0.004979 0.185044
8.041000 -0.005465 0.185100
8.042000 -0.005950 0.185155
8.043000 -0.006436 0.185209
8.044000 -0.006921 0.185261
8.045000 -0.007406 0.185312
8.046000 -0.007891 0.185362
8.047000 -0.008376 0.185411
8.048000 -0.008860 0.185458
8.049000 -0.009344 0.185504
8.050000 -0.009829 0.185549
8.051000 -0.010312 0.185592
8.052000 -0.010796 0.185634
8.053000 -0.011279 0.185675
8.054000 -0.011763 0.185715
8.055000 -0.012246 0.185754
8.056000 -0.012728 0.185791
8.057000 -0.013211 0.185827
8.058000 -0.013693 0.185861
8.059000 -0.014175 0.185895
8.060000 -0.014657 0.185927
8.061000 -0.015139 0.185958
8.062000 -0.015620 0.185988
8.063000 -0.016101 0.186016
8.064000 -0.016582 0.186043
8.065000 -0.017063 0.186069
8.066000 -0.017543 0.186094
8.067000 -0.018023 0.186117
8.068000 -0.018503 0.186139
8.069000 -0.018982 0.186160
8.070000 -0.019462 0.186180
8.071000 -0.019941 0.186198
8.072000 -0.020419 0.186215
8.073000 -0.020898 0.186231
8.074000 -0.021376 0.186246
8.075000 -0.021854 0.186259
8.076000 -0.022331 0.186272
8.077000 -0.022809 0.186282
8.078000 -0.023286 0.186292
8.079000 -0.023762 0.186301
8.080000 -0.024239 0.186308
8.081000 -0.024715 0.186314
8.082000 -0.025190 0.186318
8.083000 -0.025666 0.186322
8.084000 -0.026141 0.186324
8.085000 -0.026616 0.186325
8.086000 -0.027090 0.186325
8.087000 -0.027565 0.186323
8.088000 -0.028038 0.186321
8.089000 -0.028512 0.186317
8.090000 -0.028985 0.186312
8.091000 -0.029458 0.186305
8.092000 -0.029931 0.186298
8.093000 -0.030403 0.186289
8.094000 -0.030875 0.186279
8.095000 -0.031346 0.186267
8.096000 -0.031817 0.186255
8.097000 -0.032288 0.186241
8.098000 -0.032759 0.186226
8.099000 -0.033229 0.186210
8.100000 -0.033698 0.186192
8.101000 -0.034168 0.186173
8.102000 -0.034637 0.186153
8.103000 -0.035105 0.186132
8.104000 -0.035574 0.186110
8.105000 -0.036042 0.186086
8.106000 -0.036509 0.186061
8.107000 -0.036976 0.186035
8.108000 -0.037443 0.186008
8.109000 -0.037909 0.185980
8.110000 -0.038375 0.185950
8.111000 -0.038841 0.185919
8.112000 -0.039306 0.185887
8.113000 -0.039771 0.185854
8.114000 -0.040235 0.185819
8.115000 -0.040699 0.185783
8.116000 -0.041163 0.185746
8.117000 -0.041626 0.185708
8.118000 -0.042089 0.185669
8.119000 -0.042551 0.185628
8.120000 -0.043013 0.185587
8.121000 -0.043474 0.185544
8.122000 -0.043936 0.185499
8.123000 -0.044396 0.185454
8.124000 -0.044856 0.185407
8.125000 -0.045316 0.185360
8.126000 -0.045776 0.185311
8.127000 -0.046234 0.185260
8.128000 -0.046693 0.185209
8.129000 -0.047151 0.185156
8.130000 -0.047609 0.185103
8.131000 -0.048066 0.185048
8.132000 -0.048522 0.184991
8.133000 -0.048979 0.184934
8.134000 -0.049434 0.184875
8.135000 -0.049890 0.184816
8.136000 -0.050345 0.184755
8.137000 -0.050799 0.184693
8.138000 -0.051253 0.184629
8.139000 -0.051706 0.184565
8.140000 -0.052159 0.184499
8.141000 -0.052612 0.184432
8.142000 -0.053064 0.184364
8.143000 -0.053515 0.184295
8.144000 -0.053966 0.184225
8.145000 -0.054417 0.184153
8.146000 -0.054867 0.184080
8.147000 -0.055317 0.184006
8.148000 -0.055766 0.183931
8.149000 -0.056214 0.183855
8.150000 -0.056662 0.183777
8.151000 -0.057110 0.183699
8.152000 -0.057557 0.183619
8.153000 -0.058004 0.183538
8.154000 -0.058450 0.183456
8.155000 -0.058895 0.183373
8.156000 -0.059340 0.183288
8.157000 -0.059785 0.183202
8.158000 -0.060229 0.183116
8.159000 -0.060672 0.183028
8.160000 -0.061115 0.182939
8.161000 -0.061558 0.182848
8.162000 -0.062000 0.182757
8.163000 -0.062441 0.182664
8.164000 -0.062882 0.182571
8.165000 -0.063322 0.182476
8.166000 -0.063762 0.182380
8.167000 -0.064201 0.182282
8.168000 -0.064640 0.182184
8.169000 -0.065078 0.182085
8.170000 -0.065515 0.181984
8.171000 -0.065952 0.181882
8.172000 -0.066389 0.181779
8.173000 -0.066825 0.181675
8.174000 -0.067260 0.181570
8.175000 -0.067695 0.181463
8.176000 -0.068129 0.181356
8.177000 -0.068562 0.181247
8.178000 -0.068995 0.181138
8.179000 -0.069428 0.181027
8.180000 -0.069860 0.180915
8.181000 -0.070291 0.180801
8.182000 -0.070722 0.180687
8.183000 -0.071152 0.180572
8.184000 -0.071582 0.180455
8.185000 -0.072011 0.180337
8.186000 -0.072439 0.180219
8.187000 -0.072867 0.180099
8.188000 -0.073294 0.179978
8.189000 -0.073720 0.179855
8.190000 -0.074146 0.179732
8.191000 -0.074572 0.179608
8.192000 -0.074997 0.179482
8.193000 -0.075421 0.179356
8.194000 -0.075844 0.179228
8.195000 -0.076267 0.179099
8.196000 -0.076689 0.178969
8.197000 -0.077111 0.178838
8.198000 -0.077532 0.178706
8.199000 -0.077953 0.178572
8.200000 -0.078373 0.178438
8.201000 -0.078792 0.178302
8.202000 -0.079210 0.178166
8.203000 -0.079628 0.178028
8.204000 -0.080046 0.177889
8.205000 -0.080462 0.177749
8.206000 -0.080878 0.177608
8.207000 -0.081294 0.177466
8.208000 -0.081708 0.177323
8.209000 -0.082122 0.177178
8.210000 -0.082536 0.177033
8.211000 -0.082949 0.176887
8.212000 -0.083361 0.176739
8.213000 -0.083772 0.176590
8.214000 -0.084183 0.176441
8.215000 -0.084593 0.176290
8.216000 -0.085003 0.176138
8.217000 -0.085411 0.175985
8.218000 -0.085820 0.175831
8.219000 -0.086227 0.175676
8.220000 -0.086634 0.175519
8.221000 -0.087040 0.175362
8.222000 -0.087445 0.175204
8.223000 -0.087850 0.175044
8.224000 -0.088254 0.174884
8.225000 -0.088658 0.174722
8.226000 -0.089060 0.174560
8.227000 -0.089463 0.174396
8.228000 -0.089864 0.174231
8.229000 -0.090265 0.174065
8.230000 -0.090664 0.173898
8.231000 -0.091064 0.173731
8.232000 -0.091462 0.173562
8.233000 -0.091860 0.173391
8.234000 -0.092257 0.173220
8.235000 -0.092654 0.173048
8.236000 -0.093049 0.172875
8.237000 -0.093444 0.172701
8.238000 -0.093839 0.172525
8.239000 -0.094232 0.172349
8.240000 -0.094625 0.172172
8.241000 -0.095017 0.171993
8.242000 -0.095409 0.171814
8.243000 -0.095800 0.171633
8.244000 -0.096190 0.171452
8.245000 -0.096579 0.171269
8.246000 -0.096967 0.171085
8.247000 -0.097355 0.170901
8.248000 -0.097742 0.170715
8.249000 -0.098128 0.170528
8.250000 -0.098514 0.170341
8.251000 -0.098899 0.170152
8.252000 -0.099283 0.169962
8.253000 -0.099666 0.169771
8.254000 -0.100049 0.169579
8.255000 -0.100431 0.169387
8.256000 -0.100812 0.169193
8.257000 -0.101192 0.168998
8.258000 -0.101572 0.168802
8.259000 -0.101951 0.168605
8.260000 -0.102329 0.168407
8.261000 -0.102706 0.168208
8.262000 -0.103083 0.168008
8.263000 -0.103458 0.167807
8.264000 -0.103833 0.167605
8.265000 -0.104208 0.167402
8.266000 -0.104581 0.167198
8.267000 -0.104954 0.166993
8.268000 -0.105326 0.166787
8.269000 -0.105697 0.166581
8.270000 -0.106067 0.166373
8.271000 -0.106437 0.166164
8.272000 -0.106806 0.165954
8.273000 -0.107174 0.165743
8.274000 -0.107541 0.165531
8.275000 -0.107907 0.165318
8.276000 -0.108273 0.165104
8.277000 -0.108638 0.164889
8.278000 -0.109002 0.164674
8.279000 -0.109365 0.164457
8.280000 -0.109727 0.164239
8.281000 -0.110089 0.164020
8.282000 -0.110450 0.163801
8.283000 -0.110810 0.163580
8.284000 -0.111169 0.163358
8.285000 -0.111527 0.163136
8.286000 -0.111885 0.162912
8.287000 -0.112242 0.162687
8.288000 -0.112598 0.162462
8.289000 -0.112953 0.162235
8.290000 -0.113307 0.162008
8.291000 -0.113661 0.161780
8.292000 -0.114013 0.161550
8.293000 -0.114365 0.161320
8.294000 -0.114716 0.161089
8.295000 -0.115066 0.160857
8.296000 -0.115416 0.160623
8.297000 -0.115764 0.160389
8.298000 -0.116112 0.160154
8.299000 -0.116459 0.159918
8.300000 -0.116805 0.159681
8.301000 -0.117150 0.159444
8.302000 -0.117494 0.159205
8.303000 -0.117838 0.158965
8.304000 -0.118180 0.158724
8.305000 -0.118522 0.158483
8.306000 -0.118863 0.158240
8.307000 -0.119203 0.157997
8.308000 -0.119542 0.157753
8.309000 -0.119881 0.157507
8.310000 -0.120218 0.157261
8.311000 -0.120555 0.157014
8.312000 -0.120891 0.156766
8.313000 -0.121226 0.156517
8.314000 -0.121560 0.156267
8.315000 -0.121893 0.156016
8.316000 -0.122225 0.155765
8.317000 -0.122557 0.155512
8.318000 -0.122887 0.155259
8.319000 -0.123217 0.155004
8.320000 -0.123546 0.154749
8.321000 -0.123874 0.154493
8.322000 -0.124201 0.154236
8.323000 -0.124527 0.153978
8.324000 -0.124852 0.153719
8.325000 -0.125177 0.153459
8.326000 -0.125500 0.153198
8.327000 -0.125823 0.152937
8.328000 -0.126144 0.152674
8.329000 -0.126465 0.152411
8.330000 -0.126785 0.152147
8.331000 -0.127104 0.151881
8.332000 -0.127422 0.151616
8.333000 -0.127740 0.151349
8.334000 -0.128056 0.151081
8.335000 -0.128372 0.150812
8.336000 -0.128686 0.150543
8.337000 -0.129000 0.150272
8.338000 -0.129312 0.150001
8.339000 -0.129624 0.149729
8.340000 -0.129935 0.149456
8.341000 -0.130245 0.149182
8.342000 -0.130554 0.148908
8.343000 -0.130862 0.148632
8.344000 -0.131170 0.148356
8.345000 -0.131476 0.148079
8.346000 -0.131781 0.147801
8.347000 -0.132086 0.147522
8.348000 -0.132389 0.147242
8.349000 -0.132692 0.146961
8.350000 -0.132994 0.146680
8.351000 -0.133295 0.146397
8.352000 -0.133594 0.146114
8.353000 -0.133893 0.145830
8.354000 -0.134191 0.145546
8.355000 -0.134488 0.145260
8.356000 -0.134784 0.144973
8.357000 -0.135080 0.144686
8.358000 -0.135374 0.144398
8.359000 -0.135667 0.144109
8.360000 -0.135959 0.143819
8.361000 -0.136251 0.143529
8.362000 -0.136541 0.143237
8.363000 -0.136831 0.142945
8.364000 -0.137119 0.142652
8.365000 -0.137407 0.142358
8.366000 -0.137694 0.142063
8.367000 -0.137979 0.141768
8.368000 -0.138264 0.141471
8.369000 -0.138548 0.141174
8.370000 -0.138831 0.140876
8.371000 -0.139112 0.140578
8.372000 -0.139393 0.140278
8.373000 -0.139673 0.139978
8.374000 -0.139952 0.139677
8.375000 -0.140230 0.139375
8.376000 -0.140507 0.139072
8.377000 -0.140783 0.138769
8.378000 -0.141058 0.138464
8.379000 -0.141332 0.138159
8.380000 -0.141605 0.137854
8.381000 -0.141877 0.137547
8.382000 -0.142149 0.137240
8.383000 -0.142419 0.136931
8.384000 -0.142688 0.136623
8.385000 -0.142956 0.136313
8.386000 -0.143223 0.136002
8.387000 -0.143490 0.135691
8.388000 -0.143755 0.135379
8.389000 -0.144019 0.135066
8.390000 -0.144282 0.134753
8.391000 -0.144545 0.134438
8.392000 -0.144806 0.134123
8.393000 -0.145066 0.133808
8.394000 -0.145326 0.133491
8.395000 -0.145584 0.133174
8.396000 -0.145841 0.132856
8.397000 -0.146097 0.132537
8.398000 -0.146353 0.132217
8.399000 -0.146607 0.131897
8.400000 -0.146860 0.131576
8.401000 -0.147113 0.131254
8.402000 -0.147364 0.130932
8.403000 -0.147614 0.130609
8.404000 -0.147863 0.130285
8.405000 -0.148112 0.129960
8.406000 -0.148359 0.129634
8.407000 -0.148605 0.129308
8.408000 -0.148850 0.128981
8.409000 -0.149094 0.128654
8.410000 -0.149337 0.128326
8.411000 -0.149580 0.127997
8.412000 -0.149821 0.127667
8.413000 -0.150061 0.127336
8.414000 -0.150300 0.127005
8.415000 -0.150538 0.126673
8.416000 -0.150775 0.126341
8.417000 -0.151011 0.126007
8.418000 -0.151246 0.125673
8.419000 -0.151480 0.125339
8.420000 -0.151713 0.125003
8.421000 -0.151944 0.124667
8.422000 -0.152175 0.124331
8.423000 -0.152405 0.123993
8.424000 -0.152634 0.123655
8.425000 -0.152861 0.123316
8.426000 -0.153088 0.122977
8.427000 -0.153314 0.122637
8.428000 -0.153538 0.122296
8.429000 -0.153762 0.121954
8.430000 -0.153984 0.121612
8.431000 -0.154206 0.121269
8.432000 -0.154426 0.120925
8.433000 -0.154645 0.120581
8.434000 -0.154864 0.120236
8.435000 -0.155081 0.119891
8.436000 -0.155297 0.119545
8.437000 -0.155512 0.119198
8.438000 -0.155726 0.118850
8.439000 -0.155939 0.118502
8.440000 -0.156151 0.118153
8.441000 -0.156362 0.117804
8.442000 -0.156572 0.117454
8.443000 -0.156781 0.117103
8.444000 -0.156988 0.116751
8.445000 -0.157195 0.116399
8.446000 -0.157400 0.116047
8.447000 -0.157605 0.115693
8.448000 -0.157808 0.115339
8.449000 -0.158011 0.114985
8.450000 -0.158212 0.114630
8.451000 -0.158412 0.114274
8.452000 -0.158611 0.113917
8.453000 -0.158809 0.113560
8.454000 -0.159006 0.113202
8.455000 -0.159202 0.112844
8.456000 -0.159397 0.112485
8.457000 -0.159591 0.112126
8.458000 -0.159784 0.111765
8.459000 -0.159975 0.111405
8.460000 -0.160166 0.111043
8.461000 -0.160355 0.110681
8.462000 -0.160543 0.110319
8.463000 -0.160731 0.109955
8.464000 -0.160917 0.109592
8.465000 -0.161102 0.109227
8.466000 -0.161286 0.108862
8.467000 -0.161469 0.108497
8.468000 -0.161651 0.108131
8.469000 -0.161831 0.107764
8.470000 -0.162011 0.107397
8.471000 -0.162189 0.107029
8.472000 -0.162367 0.106660
8.473000 -0.162543 0.106291
8.474000 -0.162718 0.105921
8.475000 -0.162892 0.105551
8.476000 -0.163065 0.105181
8.477000 -0.163237 0.104809
8.478000 -0.163408 0.104437
8.479000 -0.163578 0.104065
8.480000 -0.163747 0.103692
8.481000 -0.163914 0.103318
8.482000 -0.164080 0.102944
8.483000 -0.164246 0.102569
8.484000 -0.164410 0.102194
8.485000 -0.164573 0.101818
8.486000 -0.164735 0.101442
8.487000 -0.164896 0.101065
8.488000 -0.165055 0.100688
8.489000 -0.165214 0.100310
8.490000 -0.165372 0.099931
8.491000 -0.165528 0.099552
8.492000 -0.165683 0.099173
8.493000 -0.165837 0.098793
8.494000 -0.165990 0.098412
8.495000 -0.166142 0.098031
8.496000 -0.166293 0.097649
8.497000 -0.166443 0.097267
8.498000 -0.166591 0.096885
8.499000 -0.166739 0.096501
8.500000 -0.166885 0.096118
8.501000 -0.167030 0.095734
8.502000 -0.167174 0.095349
8.503000 -0.167317 0.094964
8.504000 -0.167459 0.094578
8.505000 -0.167599 0.094192
8.506000 -0.167739 0.093805
8.507000 -0.167877 0.093418
8.508000 -0.168014 0.093030
8.509000 -0.168151 0.092642
8.510000 -0.168286 0.092253
8.511000 -0.168419 0.091864
8.512000 -0.168552 0.091474
8.513000 -0.168684 0.091084
8.514000 -0.168814 0.090694
8.515000 -0.168943 0.090303
8.516000 -0.169071 0.089911
8.517000 -0.169198 0.089519
8.518000 -0.169324 0.089127
8.519000 -0.169449 0.088734
8.520000 -0.169573 0.088340
8.521000 -0.169695 0.087946
8.522000 -0.169816 0.087552
8.523000 -0.169936 0.087157
8.524000 -0.170055 0.086762
8.525000 -0.170173 0.086366
8.526000 -0.170290 0.085970
8.527000 -0.170405 0.085574
8.528000 -0.170520 0.085177
8.529000 -0.170633 0.084779
8.530000 -0.170745 0.084381
8.531000 -0.170856 0.083983
8.532000 -0.170966 0.083584
8.533000 -0.171074 0.083185
8.534000 -0.171182 0.082785
8.535000 -0.171288 0.082385
8.536000 -0.171393 0.081985
8.537000 -0.171497 0.081584
8.538000 -0.171600 0.081183
8.539000 -0.171702 0.080781
8.540000 -0.171802 0.080379
8.541000 -0.171901 0.079976
8.542000 -0.172000 0.079573
8.543000 -0.172097 0.079170
8.544000 -0.172192 0.078766
8.545000 -0.172287 0.078362
8.546000 -0.172381 0.077958
8.547000 -0.172473 0.077553
8.548000 -0.172564 0.077147
8.549000 -0.172654 0.076742
8.550000 -0.172743 0.076336
8.551000 -0.172831 0.075929
8.552000 -0.172917 0.075522
8.553000 -0.173002 0.075115
8.554000 -0.173087 0.074708
8.555000 -0.173169 0.074300
8.556000 -0.173251 0.073891
8.557000 -0.173332 0.073482
8.558000 -0.173411 0.073073
8.559000 -0.173490 0.072664
8.560000 -0.173567 0.072254
8.561000 -0.173643 0.071844
8.562000 -0.173717 0.071433
8.563000 -0.173791 0.071023
8.564000 -0.173863 0.070611
8.565000 -0.173935 0.070200
8.566000 -0.174005 0.069788
8.567000 -0.174073 0.069376
8.568000 -0.174141 0.068963
8.569000 -0.174208 0.068550
8.570000 -0.174273 0.068137
8.571000 -0.174337 0.067723
8.572000 -0.174400 0.067309
8.573000 -0.174462 0.066895
8.574000 -0.174522 0.066480
8.575000 -0.174582 0.066066
8.576000 -0.174640 0.065650
8.577000 -0.174697 0.065235
8.578000 -0.174753 0.064819
8.579000 -0.174807 0.064403
8.580000 -0.174861 0.063986
8.581000 -0.174913 0.063570
8.582000 -0.174964 0.063153
8.583000 -0.175014 0.062735
8.584000 -0.175063 0.062318
8.585000 -0.175110 0.061900
8.586000 -0.175156 0.061481
8.587000 -0.175201 0.061063
8.588000 -0.175245 0.060644
8.589000 -0.175288 0.060225
8.590000 -0.175330 0.059805
8.591000 -0.175370 0.059386
8.592000 -0.175409 0.058966
8.593000 -0.175447 0.058546
8.594000 -0.175484 0.058125
8.595000 -0.175519 0.057704
8.596000 -0.175554 0.057283
8.597000 -0.175587 0.056862
8.598000 -0.175619 0.056441
8.599000 -0.175649 0.056019
8.600000 -0.175679 0.055597
8.601000 -0.175707 0.055175
8.602000 -0.175734 0.054752
8.603000 -0.175760 0.054329
8.604000 -0.175785 0.053906
8.605000 -0.175809 0.053483
8.606000 -0.175831 0.053059
8.607000 -0.175852 0.052636
8.608000 -0.175872 0.052212
8.609000 -0.175891 0.051788
8.610000 -0.175908 0.051363
8.611000 -0.175925 0.050938
8.612000 -0.175940 0.050514
8.613000 -0.175954 0.050089
8.614000 -0.175966 0.049663
8.615000 -0.175978 0.049238
8.616000 -0.175988 0.048812
8.617000 -0.175997 0.048386
8.618000 -0.176005 0.047960
8.619000 -0.176012 0.047534
8.620000 -0.176017 0.047107
8.621000 -0.176021 0.046680
8.622000 -0.176024 0.046253
8.623000 -0.176026 0.045826
8.624000 -0.176027 0.045399
8.625000 -0.176026 0.044972
8.626000 -0.176024 0.044544
8.627000 -0.176021 0.044116
8.628000 -0.176017 0.043688
8.629000 -0.176012 0.043260
8.630000 -0.176005 0.042832
8.631000 -0.175997 0.042403
8.632000 -0.175988 0.041974
8.633000 -0.175978 0.041546
8.634000 -0.175966 0.041117
8.635000 -0.175953 0.040687
8.636000 -0.175939 0.040258
8.637000 -0.175924 0.039829
8.638000 -0.175908 0.039399
8.639000 -0.175890 0.038969
8.640000 -0.175872 0.038539
8.641000 -0.175852 0.038109
8.642000 -0.175830 0.037679
8.643000 -0.175808 0.037249
8.644000 -0.175784 0.036818
8.645000 -0.175759 0.036388
8.646000 -0.175733 0.035957
8.647000 -0.175706 0.035526
8.648000 -0.175677 0.035096
8.649000 -0.175648 0.034664
8.650000 -0.175617 0.034233
8.651000 -0.175585 0.033802
8.652000 -0.175551 0.033371
8.653000 -0.175517 0.032939
8.654000 -0.175481 0.032508
8.655000 -0.175444 0.032076
8.656000 -0.175405 0.031644
8.657000 -0.175366 0.031212
8.658000 -0.175325 0.030780
8.659000 -0.175283 0.030348
8.660000 -0.175240 0.029916
8.661000 -0.175196 0.029484
8.662000 -0.175150 0.029052
8.663000 -0.175103 0.028619
8.664000 -0.175055 0.028187
8.665000 -0.175006 0.027755
8.666000 -0.174956 0.027322
8.667000 -0.174904 0.026889
8.668000 -0.174851 0.026457
8.669000 -0.174797 0.026024
8.670000 -0.174742 0.025591
8.671000 -0.174685 0.025158
8.672000 -0.174627 0.024725
8.673000 -0.174568 0.024293
8.674000 -0.174508 0.023860
8.675000 -0.174447 0.023427
8.676000 -0.174384 0.022993
8.677000 -0.174320 0.022560
8.678000 -0.174255 0.022127
8.679000 -0.174189 0.021694
8.680000 -0.174121 0.021261
8.681000 -0.174052 0.020828
8.682000 -0.173982 0.020395
8.683000 -0.173911 0.019961
8.684000 -0.173839 0.019528
8.685000 -0.173765 0.019095
8.686000 -0.173690 0.018662
8.687000 -0.173614 0.018228
8.688000 -0.173537 0.017795
8.689000 -0.173458 0.017362
8.690000 -0.173379 0.016929
8.691000 -0.173298 0.016495
8.692000 -0.173216 0.016062
8.693000 -0.173132 0.015629
8.694000 -0.173047 0.015196
8.695000 -0.172962 0.014762
8.696000 -0.172875 0.014329
8.697000 -0.172786 0.013896
8.698000 -0.172697 0.013463
8.699000 -0.172606 0.013030
8.700000 -0.172514 0.012597
8.701000 -0.172421 0.012164
8.702000 -0.172327 0.011731
8.703000 -0.172231 0.011298
8.704000 -0.172134 0.010865
8.705000 -0.172036 0.010433
8.706000 -0.171937 0.010000
8.707000 -0.171836 0.009567
8.708000 -0.171735 0.009134
8.709000 -0.171632 0.008702
8.710000 -0.171528 0.008269
8.711000 -0.171422 0.007837
8.712000 -0.171316 0.007405
8.713000 -0.171208 0.006972
8.714000 -0.171099 0.006540
8.715000 -0.170989 0.006108
8.716000 -0.170877 0.005676
8.717000 -0.170765 0.005244
8.718000 -0.170651 0.004812
8.719000 -0.170536 0.004380
8.720000 -0.170420 0.003949
8.721000 -0.170302 0.003517
8.722000 -0.170183 0.003086
8.723000 -0.170064 0.002654
8.724000 -0.169942 0.002223
8.725000 -0.169820 0.001792
8.726000 -0.169696 0.001361
8.727000 -0.169572 0.000930
8.728000 -0.169446 0.000499
8.729000 -0.169319 0.000069
8.730000 -0.169190 -0.000362
8.731000 -0.169060 -0.000792
8.732000 -0.168930 -0.001223
8.733000 -0.168798 -0.001653
8.734000 -0.168664 -0.002083
8.735000 -0.168530 -0.002513
8.736000 -0.168394 -0.002942
8.737000 -0.168257 -0.003372
8.738000 -0.168119 -0.003801
8.739000 -0.167980 -0.004230
8.740000 -0.167839 -0.004659
8.741000 -0.167698 -0.005088
8.742000 -0.167555 -0.005517
8.743000 -0.167411 -0.005946
8.744000 -0.167265 -0.006374
8.745000 -0.167119 -0.006802
8.746000 -0.166971 -0.007230
8.747000 -0.166822 -0.007658
8.748000 -0.166672 -0.008086
8.749000 -0.166521 -0.008513
8.750000 -0.166368 -0.008941
8.751000 -0.166214 -0.009368
8.752000 -0.166059 -0.009794
8.753000 -0.165903 -0.010221
8.754000 -0.165746 -0.010648
8.755000 -0.165587 -0.011074
8.756000 -0.165427 -0.011500
8.757000 -0.165267 -0.011926
8.758000 -0.165104 -0.012351
8.759000 -0.164941 -0.012777
8.760000 -0.164776 -0.013202
8.761000 -0.164611 -0.013627
8.762000 -0.164444 -0.014052
8.763000 -0.164276 -0.014476
8.764000 -0.164106 -0.014901
8.765000 -0.163936 -0.015325
8.766000 -0.163764 -0.015748
8.767000 -0.163591 -0.016172
8.768000 -0.163417 -0.016595
8.769000 -0.163242 -0.017018
8.770000 -0.163065 -0.017441
8.771000 -0.162888 -0.017863
8.772000 -0.162709 -0.018286
8.773000 -0.162529 -0.018708
8.774000 -0.162347 -0.019129
8.775000 -0.162165 -0.019551
8.776000 -0.161981 -0.019972
8.777000 -0.161797 -0.020393
8.778000 -0.161611 -0.020813
8.779000 -0.161423 -0.021234
8.780000 -0.161235 -0.021654
8.781000 -0.161045 -0.022074
8.782000 -0.160855 -0.022493
8.783000 -0.160663 -0.022912
8.784000 -0.160470 -0.023331
8.785000 -0.160276 -0.023749
8.786000 -0.160080 -0.024168
8.787000 -0.159883 -0.024586
8.788000 -0.159686 -0.025003
8.789000 -0.159487 -0.025420
8.790000 -0.159287 -0.025837
8.791000 -0.159085 -0.026254
8.792000 -0.158883 -0.026670
8.793000 -0.158679 -0.027086
8.794000 -0.158474 -0.027502
8.795000 -0.158268 -0.027917
8.796000 -0.158061 -0.028332
8.797000 -0.157853 -0.028747
8.798000 -0.157643 -0.029161
8.799000 -0.157433 -0.029575
8.800000 -0.157221 -0.029989
8.801000 -0.157008 -0.030402
8.802000 -0.156794 -0.030815
8.803000 -0.156578 -0.031227
8.804000 -0.156362 -0.031639
8.805000 -0.156144 -0.032051
8.806000 -0.155925 -0.032462
8.807000 -0.155705 -0.032873
8.808000 -0.155484 -0.033284
8.809000 -0.155262 -0.033694
8.810000 -0.155039 -0.034104
8.811000 -0.154814 -0.034513
8.812000 -0.154588 -0.034922
8.813000 -0.154361 -0.035331
8.814000 -0.154133 -0.035739
8.815000 -0.153904 -0.036147
8.816000 -0.153674 -0.036554
8.817000 -0.153442 -0.036961
8.818000 -0.153210 -0.037368
8.819000 -0.152976 -0.037774
8.820000 -0.152741 -0.038180
8.821000 -0.152505 -0.038585
8.822000 -0.152268 -0.038990
8.823000 -0.152029 -0.039395
8.824000 -0.151790 -0.039799
8.825000 -0.151549 -0.040202
8.826000 -0.151308 -0.040606
8.827000 -0.151065 -0.041008
8.828000 -0.150821 -0.041410
8.829000 -0.150576 -0.041812
8.830000 -0.150329 -0.042214
8.831000 -0.150082 -0.042615
8.832000 -0.149833 -0.043015
8.833000 -0.149584 -0.043415
8.834000 -0.149333 -0.043814
8.835000 -0.149081 -0.044214
8.836000 -0.148828 -0.044612
8.837000 -0.148574 -0.045010
8.838000 -0.148319 -0.045408
8.839000 -0.148062 -0.045805
8.840000 -0.147805 -0.046202
8.841000 -0.147546 -0.046598
8.842000 -0.147286 -0.046993
8.843000 -0.147025 -0.047388
8.844000 -0.146764 -0.047783
8.845000 -0.146500 -0.048177
8.846000 -0.146236 -0.048571
8.847000 -0.145971 -0.048964
8.848000 -0.145705 -0.049357
8.849000 -0.145437 -0.049749
8.850000 -0.145168 -0.050140
8.851000 -0.144899 -0.050531
8.852000 -0.144628 -0.050922
8.853000 -0.144356 -0.051312
8.854000 -0.144083 -0.051701
8.855000 -0.143809 -0.052090
8.856000 -0.143534 -0.052478
8.857000 -0.143258 -0.052866
8.858000 -0.142980 -0.053253
8.859000 -0.142702 -0.053640
8.860000 -0.142422 -0.054026
8.861000 -0.142142 -0.054412
8.862000 -0.141860 -0.054797
8.863000 -0.141577 -0.055181
8.864000 -0.141293 -0.055565
8.865000 -0.141008 -0.055949
8.866000 -0.140722 -0.056331
8.867000 -0.140435 -0.056713
8.868000 -0.140147 -0.057095
8.869000 -0.139858 -0.057476
8.870000 -0.139567 -0.057856
8.871000 -0.139276 -0.058236
8.872000 -0.138984 -0.058616
8.873000 -0.138690 -0.058994
8.874000 -0.138396 -0.059372
8.875000 -0.138100 -0.059750
8.876000 -0.137803 -0.060126
8.877000 -0.137505 -0.060503
8.878000 -0.137207 -0.060878
8.879000 -0.136907 -0.061253
8.880000 -0.136606 -0.061627
8.881000 -0.136304 -0.062001
8.882000 -0.136001 -0.062374
8.883000 -0.135697 -0.062747
8.884000 -0.135392 -0.063118
8.885000 -0.135086 -0.063490
8.886000 -0.134779 -0.063860
8.887000 -0.134470 -0.064230
8.888000 -0.134161 -0.064599
8.889000 -0.133851 -0.064968
8.890000 -0.133540 -0.065336
8.891000 -0.133227 -0.065703
8.892000 -0.132914 -0.066070
8.893000 -0.132600 -0.066435
8.894000 -0.132284 -0.066801
8.895000 -0.131968 -0.067165
8.896000 -0.131650 -0.067529
8.897000 -0.131332 -0.067892
8.898000 -0.131012 -0.068255
8.899000 -0.130692 -0.068617
8.900000 -0.130370 -0.068978
8.901000 -0.130048 -0.069339
8.902000 -0.129724 -0.069698
8.903000 -0.129400 -0.070057
8.904000 -0.129074 -0.070416
8.905000 -0.128748 -0.070773
8.906000 -0.128420 -0.071130
8.907000 -0.128092 -0.071487
8.908000 -0.127762 -0.071842
8.909000 -0.127432 -0.072197
8.910000 -0.127100 -0.072551
8.911000 -0.126768 -0.072904
8.912000 -0.126434 -0.073257
8.913000 -0.126100 -0.073609
8.914000 -0.125764 -0.073960
8.915000 -0.125428 -0.074311
8.916000 -0.125091 -0.074660
8.917000 -0.124752 -0.075009
8.918000 -0.124413 -0.075357
8.919000 -0.124073 -0.075705
8.920000 -0.123731 -0.076052
8.921000 -0.123389 -0.076398
8.922000 -0.123046 -0.076743
8.923000 -0.122702 -0.077087
8.924000 -0.122357 -0.077431
8.925000 -0.122011 -0.077774
8.926000 -0.121664 -0.078116
8.927000 -0.121316 -0.078457
8.928000 -0.120967 -0.078798
8.929000 -0.120617 -0.079137
8.930000 -0.120267 -0.079476
8.931000 -0.119915 -0.079814
8.932000 -0.119562 -0.080152
8.933000 -0.119209 -0.080488
8.934000 -0.118854 -0.080824
8.935000 -0.118499 -0.081159
8.936000 -0.118142 -0.081493
8.937000 -0.117785 -0.081827
8.938000 -0.117427 -0.082159
8.939000 -0.117068 -0.082491
8.940000 -0.116708 -0.082822
8.941000 -0.116347 -0.083152
8.942000 -0.115985 -0.083481
8.943000 -0.115622 -0.083810
8.944000 -0.115259 -0.084137
8.945000 -0.114894 -0.084464
8.946000 -0.114529 -0.084790
8.947000 -0.114162 -0.085115
8.948000 -0.113795 -0.085439
8.949000 -0.113427 -0.085763
8.950000 -0.113058 -0.086085
8.951000 -0.112688 -0.086407
8.952000 -0.112317 -0.086728
8.953000 -0.111946 -0.087048
8.954000 -0.111573 -0.087367
8.955000 -0.111200 -0.087685
8.956000 -0.110826 -0.088002
8.957000 -0.110451 -0.088319
8.958000 -0.110075 -0.088634
8.959000 -0.109698 -0.088949
8.960000 -0.109320 -0.089263
8.961000 -0.108941 -0.089576
8.962000 -0.108562 -0.089888
8.963000 -0.108182 -0.090199
8.964000 -0.107801 -0.090510
8.965000 -0.107419 -0.090819
8.966000 -0.107036 -0.091128
8.967000 -0.106652 -0.091435
8.968000 -0.106268 -0.091742
8.969000 -0.105883 -0.092048
8.970000 -0.105496 -0.092353
8.971000 -0.105109 -0.092657
8.972000 -0.104722 -0.092960
8.973000 -0.104333 -0.093262
8.974000 -0.103944 -0.093563
8.975000 -0.103553 -0.093863
8.976000 -0.103162 -0.094163
8.977000 -0.102771 -0.094461
8.978000 -0.102378 -0.094758
8.979000 -0.101985 -0.095055
8.980000 -0.101590 -0.095351
8.981000 -0.101195 -0.095645
8.982000 -0.100800 -0.095939
8.983000 -0.100403 -0.096232
8.984000 -0.100006 -0.096524
8.985000 -0.099607 -0.096814
8.986000 -0.099208 -0.097104
8.987000 -0.098809 -0.097393
8.988000 -0.098408 -0.097681
8.989000 -0.098007 -0.097968
8.990000 -0.097605 -0.098254
8.991000 -0.097202 -0.098539
8.992000 -0.096799 -0.098823
8.993000 -0.096394 -0.099106
8.994000 -0.095989 -0.099389
8.995000 -0.095584 -0.099670
8.996000 -0.095177 -0.099950
8.997000 -0.094770 -0.100229
8.998000 -0.094362 -0.100507
8.999000 -0.093953 -0.100784
9.000000 -0.093544 -0.101061
9.001000 -0.093133 -0.101336
9.002000 -0.092723 -0.101610
9.003000 -0.092311 -0.101883
9.004000 -0.091899 -0.102155
9.005000 -0.091486 -0.102426
9.006000 -0.091072 -0.102697
9.007000 -0.090657 -0.102966
9.008000 -0.090242 -0.103234
9.009000 -0.089826 -0.103501
9.010000 -0.089410 -0.103767
9.011000 -0.088992 -0.104032
9.012000 -0.088574 -0.104296
9.013000 -0.088156 -0.104559
9.014000 -0.087737 -0.104821
9.015000 -0.087317 -0.105082
9.016000 -0.086896 -0.105342
9.017000 -0.086475 -0.105601
9.018000 -0.086053 -0.105858
9.019000 -0.085630 -0.106115
9.020000 -0.085207 -0.106371
9.021000 -0.084783 -0.106625
9.022000 -0.084358 -0.106879
9.023000 -0.083933 -0.107131
9.024000 -0.083507 -0.107383
9.025000 -0.083080 -0.107633
9.026000 -0.082653 -0.107883
9.027000 -0.082225 -0.108131
9.028000 -0.081797 -0.108378
9.029000 -0.081368 -0.108624
9.030000 -0.080938 -0.108869
9.031000 -0.080508 -0.109113
9.032000 -0.080077 -0.109356
9.033000 -0.079645 -0.109598
9.034000 -0.079213 -0.109839
9.035000 -0.078781 -0.110078
9.036000 -0.078347 -0.110317
9.037000 -0.077913 -0.110554
9.038000 -0.077479 -0.110791
9.039000 -0.077044 -0.111026
9.040000 -0.076608 -0.111260
9.041000 -0.076172 -0.111493
9.042000 -0.075735 -0.111725
9.043000 -0.075298 -0.111956
9.044000 -0.074860 -0.112186
9.045000 -0.074421 -0.112414
9.046000 -0.073982 -0.112642
9.047000 -0.073542 -0.112868
9.048000 -0.073102 -0.113094
9.049000 -0.072661 -0.113318
9.050000 -0.072220 -0.113541
9.051000 -0.071778 -0.113763
9.052000 -0.071336 -0.113984
9.053000 -0.070893 -0.114204
9.054000 -0.070450 -0.114422
9.055000 -0.070006 -0.114640
9.056000 -0.069561 -0.114856
9.057000 -0.069116 -0.115071
9.058000 -0.068671 -0.115285
9.059000 -0.068225 -0.115498
9.060000 -0.067778 -0.115710
9.061000 -0.067331 -0.115921
9.062000 -0.066884 -0.116130
9.063000 -0.066436 -0.116338
9.064000 -0.065987 -0.116546
9.065000 -0.065539 -0.116752
9.066000 -0.065089 -0.116956
9.067000 -0.064639 -0.117160
9.068000 -0.064189 -0.117363
9.069000 -0.063738 -0.117564
9.070000 -0.063287 -0.117765
9.071000 -0.062835 -0.117964
9.072000 -0.062383 -0.118162
9.073000 -0.061930 -0.118358
9.074000 -0.061477 -0.118554
9.075000 -0.061024 -0.118748
9.076000 -0.060570 -0.118942
9.077000 -0.060115 -0.119134
9.078000 -0.059661 -0.119325
9.079000 -0.059205 -0.119514
9.080000 -0.058750 -0.119703
9.081000 -0.058294 -0.119890
9.082000 -0.057837 -0.120077
9.083000 -0.057380 -0.120262
9.084000 -0.056923 -0.120446
9.085000 -0.056465 -0.120628
9.086000 -0.056007 -0.120810
9.087000 -0.055549 -0.120990
9.088000 -0.055090 -0.121169
9.089000 -0.054631 -0.121347
9.090000 -0.054171 -0.121524
9.091000 -0.053711 -0.121699
9.092000 -0.053251 -0.121874
9.093000 -0.052790 -0.122047
9.094000 -0.052329 -0.122219
9.095000 -0.051868 -0.122389
9.096000 -0.051406 -0.122559
9.097000 -0.050944 -0.122727
9.098000 -0.050481 -0.122894
9.099000 -0.050019 -0.123060
9.100000 -0.049555 -0.123225
9.101000 -0.049092 -0.123388
9.102000 -0.048628 -0.123551
9.103000 -0.048164 -0.123712
9.104000 -0.047700 -0.123872
9.105000 -0.047235 -0.124030
9.106000 -0.046770 -0.124188
9.107000 -0.046305 -0.124344
9.108000 -0.045839 -0.124499
9.109000 -0.045373 -0.124653
9.110000 -0.044907 -0.124805
9.111000 -0.044441 -0.124957
9.112000 -0.043974 -0.125107
9.113000 -0.043507 -0.125256
9.114000 -0.043039 -0.125403
9.115000 -0.042572 -0.125550
9.116000 -0.042104 -0.125695
9.117000 -0.041636 -0.125839
9.118000 -0.041168 -0.125982
9.119000 -0.040699 -0.126123
9.120000 -0.040230 -0.126264
9.121000 -0.039761 -0.126403
9.122000 -0.039292 -0.126540
9.123000 -0.038822 -0.126677
9.124000 -0.038353 -0.126812
9.125000 -0.037883 -0.126947
9.126000 -0.037413 -0.127079
9.127000 -0.036942 -0.127211
9.128000 -0.036472 -0.127341
9.129000 -0.036001 -0.127471
9.130000 -0.035530 -0.127599
9.131000 -0.035059 -0.127725
9.132000 -0.034587 -0.127851
9.133000 -0.034116 -0.127975
9.134000 -0.033644 -0.128098
9.135000 -0.033172 -0.128219
9.136000 -0.032700 -0.128340
9.137000 -0.032228 -0.128459
9.138000 -0.031755 -0.128577
9.139000 -0.031282 -0.128694
9.140000 -0.030810 -0.128809
9.141000 -0.030337 -0.128923
9.142000 -0.029864 -0.129036
9.143000 -0.029391 -0.129148
9.144000 -0.028917 -0.129259
9.145000 -0.028444 -0.129368
9.146000 -0.027970 -0.129476
9.147000 -0.027497 -0.129582
9.148000 -0.027023 -0.129688
9.149000 -0.026549 -0.129792
9.150000 -0.026075 -0.129895
9.151000 -0.025601 -0.129997
9.152000 -0.025126 -0.130097
9.153000 -0.024652 -0.130196
9.154000 -0.024178 -0.130294
9.155000 -0.023703 -0.130391
9.156000 -0.023229 -0.130486
9.157000 -0.022754 -0.130580
9.158000 -0.022279 -0.130673
9.159000 -0.021804 -0.130765
9.160000 -0.021330 -0.130855
9.161000 -0.020855 -0.130944
9.162000 -0.020380 -0.131032
9.163000 -0.019905 -0.131118
9.164000 -0.019430 -0.131204
9.165000 -0.018954 -0.131288
9.166000 -0.018479 -0.131371
9.167000 -0.018004 -0.131452
9.168000 -0.017529 -0.131532
9.169000 -0.017054 -0.131611
9.170000 -0.016578 -0.131689
9.171000 -0.016103 -0.131766
9.172000 -0.015628 -0.131841
9.173000 -0.015153 -0.131915
9.174000 -0.014677 -0.131987
9.175000 -0.014202 -0.132059
9.176000 -0.013727 -0.132129
9.177000 -0.013252 -0.132198
9.178000 -0.012776 -0.132265
9.179000 -0.012301 -0.132332
9.180000 -0.011826 -0.132397
9.181000 -0.011351 -0.132461
9.182000 -0.010876 -0.132523
9.183000 -0.010401 -0.132584
9.184000 -0.009926 -0.132644
9.185000 -0.009451 -0.132703
9.186000 -0.008976 -0.132761
9.187000 -0.008501 -0.132817
9.188000 -0.008026 -0.132872
9.189000 -0.007551 -0.132926
9.190000 -0.007077 -0.132978
9.191000 -0.006602 -0.133029
9.192000 -0.006128 -0.133079
9.193000 -0.005653 -0.133128
9.194000 -0.005179 -0.133175
9.195000 -0.004705 -0.133221
9.196000 -0.004230 -0.133266
9.197000 -0.003756 -0.133310
9.198000 -0.003282 -0.133352
9.199000 -0.002809 -0.133393
9.200000 -0.002335 -0.133433
9.201000 -0.001861 -0.133472
9.202000 -0.001388 -0.133509
9.203000 -0.000915 -0.133545
9.204000 -0.000441 -0.133580
9.205000 0.000032 -0.133613
9.206000 0.000505 -0.133645
9.207000 0.000977 -0.133676
9.208000 0.001450 -0.133706
9.209000 0.001923 -0.133735
9.210000 0.002395 -0.133762
9.211000 0.002867 -0.133788
9.212000 0.003339 -0.133813
9.213000 0.003811 -0.133836
9.214000 0.004282 -0.133858
9.215000 0.004754 -0.133879
9.216000 0.005225 -0.133899
9.217000 0.005696 -0.133917
9.218000 0.006167 -0.133934
9.219000 0.006638 -0.133950
9.220000 0.007108 -0.133965
9.221000 0.007578 -0.133978
9.222000 0.008048 -0.133990
9.223000 0.008518 -0.134001
9.224000 0.008988 -0.134011
9.225000 0.009457 -0.134019
9.226000 0.009926 -0.134027
9.227000 0.010395 -0.134032
9.228000 0.010864 -0.134037
9.229000 0.011333 -0.134041
9.230000 0.011801 -0.134043
9.231000 0.012269 -0.134044
9.232000 0.012736 -0.134043
9.233000 0.013204 -0.134042
9.234000 0.013671 -0.134039
9.235000 0.014138 -0.134035
9.236000 0.014605 -0.134030
9.237000 0.015071 -0.134023
9.238000 0.015537 -0.134015
9.239000 0.016003 -0.134006
9.240000 0.016468 -0.133996
9.241000 0.016934 -0.133984
9.242000 0.017399 -0.133972
9.243000 0.017863 -0.133958
9.244000 0.018327 -0.133943
9.245000 0.018791 -0.133926
9.246000 0.019255 -0.133908
9.247000 0.019719 -0.133890
9.248000 0.020182 -0.133869
9.249000 0.020644 -0.133848
9.250000 0.021107 -0.133825
9.251000 0.021569 -0.133802
9.252000 0.022031 -0.133777
9.253000 0.022492 -0.133750
9.254000 0.022953 -0.133723
9.255000 0.023414 -0.133694
9.256000 0.023874 -0.133664
9.257000 0.024334 -0.133633
9.258000 0.024794 -0.133601
9.259000 0.025253 -0.133567
9.260000 0.025712 -0.133532
9.261000 0.026170 -0.133496
9.262000 0.026629 -0.133459
9.263000 0.027086 -0.133420
9.264000 0.027544 -0.133381
9.265000 0.028001 -0.133340
9.266000 0.028457 -0.133298
9.267000 0.028913 -0.133254
9.268000 0.029369 -0.133210
9.269000 0.029825 -0.133164
9.270000 0.030280 -0.133117
9.271000 0.030734 -0.133069
9.272000 0.031188 -0.133020
9.273000 0.031642 -0.132969
9.274000 0.032095 -0.132918
9.275000 0.032548 -0.132865
9.276000 0.033001 -0.132810
9.277000 0.033453 -0.132755
9.278000 0.033904 -0.132699
9.279000 0.034355 -0.132641
9.280000 0.034806 -0.132582
9.281000 0.035256 -0.132522
9.282000 0.035706 -0.132460
9.283000 0.036155 -0.132398
9.284000 0.036604 -0.132334
9.285000 0.037052 -0.132269
9.286000 0.037500 -0.132203
9.287000 0.037948 -0.132136
9.288000 0.038395 -0.132068
9.289000 0.038841 -0.131998
9.290000 0.039287 -0.131927
9.291000 0.039732 -0.131855
9.292000 0.040177 -0.131782
9.293000 0.040622 -0.131708
9.294000 0.041066 -0.131633
9.295000 0.041509 -0.131556
9.296000 0.041952 -0.131478
9.297000 0.042395 -0.131399
9.298000 0.042837 -0.131319
9.299000 0.043278 -0.131238
9.300000 0.043719 -0.131155
9.301000 0.044159 -0.131072
9.302000 0.044599 -0.130987
9.303000 0.045038 -0.130901
9.304000 0.045477 -0.130814
9.305000 0.045915 -0.130726
9.306000 0.046353 -0.130636
9.307000 0.046790 -0.130546
9.308000 0.047227 -0.130454
9.309000 0.047663 -0.130361
9.310000 0.048098 -0.130267
9.311000 0.048533 -0.130172
9.312000 0.048967 -0.130076
9.313000 0.049401 -0.129978
9.314000 0.049834 -0.129880
9.315000 0.050267 -0.129780
9.316000 0.050699 -0.129679
9.317000 0.051130 -0.129577
9.318000 0.051561 -0.129474
9.319000 0.051992 -0.129370
9.320000 0.052421 -0.129264
9.321000 0.052850 -0.129158
9.322000 0.053279 -0.129050
9.323000 0.053707 -0.128942
9.324000 0.054134 -0.128832
9.325000 0.054560 -0.128721
9.326000 0.054986 -0.128609
9.327000 0.055412 -0.128495
9.328000 0.055837 -0.128381
9.329000 0.056261 -0.128266
9.330000 0.056684 -0.128149
9.331000 0.057107 -0.128032
9.332000 0.057529 -0.127913
9.333000 0.057951 -0.127793
9.334000 0.058372 -0.127672
9.335000 0.058792 -0.127550
9.336000 0.059212 -0.127427
9.337000 0.059631 -0.127302
9.338000 0.060049 -0.127177
9.339000 0.060467 -0.127051
9.340000 0.060884 -0.126923
9.341000 0.061301 -0.126794
9.342000 0.061716 -0.126665
9.343000 0.062131 -0.126534
9.344000 0.062546 -0.126402
9.345000 0.062959 -0.126269
9.346000 0.063372 -0.126135
9.347000 0.063785 -0.126000
9.348000 0.064196 -0.125864
9.349000 0.064607 -0.125726
9.350000 0.065017 -0.125588
9.351000 0.065427 -0.125449
9.352000 0.065836 -0.125308
9.353000 0.066244 -0.125167
9.354000 0.066651 -0.125024
9.355000 0.067058 -0.124880
9.356000 0.067464 -0.124736
9.357000 0.067869 -0.124590
9.358000 0.068274 -0.124443
9.359000 0.068678 -0.124295
9.360000 0.069081 -0.124146
9.361000 0.069483 -0.123996
9.362000 0.069885 -0.123845
9.363000 0.070286 -0.123693
9.364000 0.070686 -0.123540
9.365000 0.071086 -0.123386
9.366000 0.071484 -0.123231
9.367000 0.071882 -0.123075
9.368000 0.072280 -0.122917
9.369000 0.072676 -0.122759
9.370000 0.073072 -0.122600
9.371000 0.073467 -0.122440
9.372000 0.073861 -0.122278
9.373000 0.074254 -0.122116
9.374000 0.074647 -0.121952
9.375000 0.075039 -0.121788
9.376000 0.075430 -0.121623
9.377000 0.075820 -0.121456
9.378000 0.076210 -0.121289
9.379000 0.076599 -0.121120
9.380000 0.076987 -0.120951
9.381000 0.077374 -0.120780
9.382000 0.077760 -0.120609
9.383000 0.078146 -0.120436
9.384000 0.078531 -0.120263
9.385000 0.078915 -0.120088
9.386000 0.079298 -0.119913
9.387000 0.079680 -0.119737
9.388000 0.080062 -0.119559
9.389000 0.080443 -0.119381
9.390000 0.080823 -0.119201
9.391000 0.081202 -0.119021
9.392000 0.081580 -0.118840
9.393000 0.081958 -0.118657
9.394000 0.082334 -0.118474
9.395000 0.082710 -0.118290
9.396000 0.083085 -0.118104
9.397000 0.083460 -0.117918
9.398000 0.083833 -0.117731
9.399000 0.084205 -0.117543
9.400000 0.084577 -0.117354
9.401000 0.084948 -0.117164
9.402000 0.085318 -0.116973
9.403000 0.085687 -0.116781
9.404000 0.086056 -0.116588
9.405000 0.086423 -0.116394
9.406000 0.086790 -0.116199
9.407000 0.087155 -0.116004
9.408000 0.087520 -0.115807
9.409000 0.087884 -0.115609
9.410000 0.088248 -0.115411
9.411000 0.088610 -0.115211
9.412000 0.088971 -0.115011
9.413000 0.089332 -0.114809
9.414000 0.089691 -0.114607
9.415000 0.090050 -0.114404
9.416000 0.090408 -0.114200
9.417000 0.090765 -0.113995
9.418000 0.091121 -0.113789
9.419000 0.091477 -0.113582
9.420000 0.091831 -0.113374
9.421000 0.092185 -0.113165
9.422000 0.092537 -0.112956
9.423000 0.092889 -0.112745
9.424000 0.093240 -0.112534
9.425000 0.093590 -0.112322
9.426000 0.093938 -0.112108
9.427000 0.094287 -0.111894
9.428000 0.094634 -0.111679
9.429000 0.094980 -0.111463
9.430000 0.095325 -0.111247
9.431000 0.095670 -0.111029
9.432000 0.096013 -0.110811
9.433000 0.096356 -0.110591
9.434000 0.096697 -0.110371
9.435000 0.097038 -0.110150
9.436000 0.097378 -0.109928
9.437000 0.097717 -0.109705
9.438000 0.098055 -0.109481
9.439000 0.098392 -0.109256
9.440000 0.098728 -0.109031
9.441000 0.099063 -0.108805
9.442000 0.099397 -0.108577
9.443000 0.099730 -0.108349
9.444000 0.100063 -0.108120
9.445000 0.100394 -0.107891
9.446000 0.100725 -0.107660
9.447000 0.101054 -0.107429
9.448000 0.101382 -0.107196
9.449000 0.101710 -0.106963
9.450000 0.102037 -0.106729
9.451000 0.102362 -0.106494
9.452000 0.102687 -0.106259
9.453000 0.103010 -0.106022
9.454000 0.103333 -0.105785
9.455000 0.103655 -0.105547
9.456000 0.103976 -0.105308
9.457000 0.104296 -0.105068
9.458000 0.104614 -0.104828
9.459000 0.104932 -0.104586
9.460000 0.105249 -0.104344
9.461000 0.105565 -0.104101
9.462000 0.105880 -0.103857
9.463000 0.106194 -0.103613
9.464000 0.106507 -0.103367
9.465000 0.106819 -0.103121
9.466000 0.107129 -0.102874
9.467000 0.107439 -0.102627
9.468000 0.107748 -0.102378
9.469000 0.108056 -0.102129
9.470000 0.108363 -0.101879
9.471000 0.108669 -0.101628
9.472000 0.108974 -0.101376
9.473000 0.109278 -0.101123
9.474000 0.109581 -0.100870
9.475000 0.109883 -0.100616
9.476000 0.110184 -0.100361
9.477000 0.110484 -0.100106
9.478000 0.110783 -0.099850
9.479000 0.111080 -0.099592
9.480000 0.111377 -0.099335
9.481000 0.111673 -0.099076
9.482000 0.111968 -0.098817
9.483000 0.112262 -0.098557
9.484000 0.112554 -0.098296
9.485000 0.112846 -0.098034
9.486000 0.113137 -0.097772
9.487000 0.113426 -0.097509
9.488000 0.113715 -0.097245
9.489000 0.114002 -0.096981
9.490000 0.114289 -0.096715
9.491000 0.114574 -0.096449
9.492000 0.114859 -0.096183
9.493000 0.115142 -0.095915
9.494000 0.115425 -0.095647
9.495000 0.115706 -0.095378
9.496000 0.115986 -0.095109
9.497000 0.116265 -0.094838
9.498000 0.116544 -0.094567
9.499000 0.116821 -0.094296
9.500000 0.117097 -0.094023
9.501000 0.117372 -0.093750
9.502000 0.117646 -0.093476
9.503000 0.117919 -0.093202
9.504000 0.118190 -0.092927
9.505000 0.118461 -0.092651
9.506000 0.118731 -0.092374
9.507000 0.118999 -0.092097
9.508000 0.119267 -0.091819
9.509000 0.119533 -0.091540
9.510000 0.119799 -0.091261
9.511000 0.120063 -0.090981
9.512000 0.120326 -0.090701
9.513000 0.120589 -0.090419
9.514000 0.120850 -0.090137
9.515000 0.121110 -0.089855
9.516000 0.121369 -0.089571
9.517000 0.121627 -0.089287
9.518000 0.121883 -0.089003
9.519000 0.122139 -0.088718
9.520000 0.122394 -0.088432
9.521000 0.122647 -0.088145
9.522000 0.122900 -0.087858
9.523000 0.123151 -0.087570
9.524000 0.123401 -0.087282
9.525000 0.123650 -0.086993
9.526000 0.123898 -0.086703
9.527000 0.124145 -0.086412
9.528000 0.124391 -0.086121
9.529000 0.124636 -0.085830
9.530000 0.124879 -0.085538
9.531000 0.125122 -0.085245
9.532000 0.125363 -0.084951
9.533000 0.125604 -0.084657
9.534000 0.125843 -0.084362
9.535000 0.126081 -0.084067
9.536000 0.126318 -0.083771
9.537000 0.126554 -0.083475
9.538000 0.126789 -0.083178
9.539000 0.127022 -0.082880
9.540000 0.127255 -0.082582
9.541000 0.127486 -0.082283
9.542000 0.127716 -0.081983
9.543000 0.127946 -0.081683
9.544000 0.128174 -0.081382
9.545000 0.128401 -0.081081
9.546000 0.128626 -0.080779
9.547000 0.128851 -0.080477
9.548000 0.129075 -0.080174
9.549000 0.129297 -0.079871
9.550000 0.129518 -0.079567
9.551000 0.129738 -0.079262
9.552000 0.129957 -0.078957
9.553000 0.130175 -0.078651
9.554000 0.130392 -0.078345
9.555000 0.130608 -0.078038
9.556000 0.130822 -0.077730
9.557000 0.131036 -0.077422
9.558000 0.131248 -0.077114
9.559000 0.131459 -0.076805
9.560000 0.131669 -0.076495
9.561000 0.131877 -0.076185
9.562000 0.132085 -0.075874
9.563000 0.132292 -0.075563
9.564000 0.132497 -0.075251
9.565000 0.132701 -0.074939
9.566000 0.132904 -0.074626
9.567000 0.133106 -0.074313
9.568000 0.133307 -0.073999
9.569000 0.133506 -0.073685
9.570000 0.133705 -0.073370
9.571000 0.133902 -0.073055
9.572000 0.134098 -0.072739
9.573000 0.134293 -0.072423
9.574000 0.134487 -0.072106
9.575000 0.134680 -0.071789
9.576000 0.134871 -0.071471
9.577000 0.135061 -0.071153
9.578000 0.135250 -0.070834
9.579000 0.135438 -0.070514
9.580000 0.135625 -0.070195
9.581000 0.135811 -0.069875
9.582000 0.135995 -0.069554
9.583000 0.136179 -0.069233
9.584000 0.136361 -0.068911
9.585000 0.136542 -0.068589
9.586000 0.136722 -0.068266
9.587000 0.136900 -0.067943
9.588000 0.137078 -0.067620
9.589000 0.137254 -0.067296
9.590000 0.137429 -0.066971
9.591000 0.137603 -0.066646
9.592000 0.137776 -0.066321
9.593000 0.137948 -0.065995
9.594000 0.138118 -0.065669
9.595000 0.138287 -0.065343
9.596000 0.138455 -0.065016
9.597000 0.138622 -0.064688
9.598000 0.138788 -0.064360
9.599000 0.138952 -0.064032
9.600000 0.139116 -0.063703
9.601000 0.139278 -0.063374
9.602000 0.139439 -0.063044
9.603000 0.139598 -0.062714
9.604000 0.139757 -0.062384
9.605000 0.139914 -0.062053
9.606000 0.140071 -0.061721
9.607000 0.140226 -0.061390
9.608000 0.140379 -0.061058
9.609000 0.140532 -0.060725
9.610000 0.140683 -0.060392
9.611000 0.140834 -0.060059
9.612000 0.140983 -0.059725
9.613000 0.141131 -0.059391
9.614000 0.141277 -0.059057
9.615000 0.141423 -0.058722
9.616000 0.141567 -0.058387
9.617000 0.141710 -0.058051
9.618000 0.141852 -0.057715
9.619000 0.141992 -0.057379
9.620000 0.142132 -0.057042
9.621000 0.142270 -0.056705
9.622000 0.142407 -0.056368
9.623000 0.142543 -0.056030
9.624000 0.142678 -0.055692
9.625000 0.142811 -0.055354
9.626000 0.142943 -0.055015
9.627000 0.143074 -0.054676
9.628000 0.143204 -0.054336
9.629000 0.143333 -0.053996
9.630000 0.143460 -0.053656
9.631000 0.143586 -0.053316
9.632000 0.143711 -0.052975
9.633000 0.143835 -0.052633
9.634000 0.143958 -0.052292
9.635000 0.144079 -0.051950
9.636000 0.144199 -0.051608
9.637000 0.144318 -0.051265
9.638000 0.144436 -0.050923
9.639000 0.144552 -0.050580
9.640000 0.144668 -0.050236
9.641000 0.144782 -0.049892
9.642000 0.144895 -0.049548
9.643000 0.145006 -0.049204
9.644000 0.145117 -0.048859
9.645000 0.145226 -0.048514
9.646000 0.145334 -0.048169
9.647000 0.145441 -0.047824
9.648000 0.145546 -0.047478
9.649000 0.145650 -0.047132
9.650000 0.145754 -0.046786
9.651000 0.145855 -0.046439
9.652000 0.145956 -0.046092
9.653000 0.146055 -0.045745
9.654000 0.146154 -0.045397
9.655000 0.146251 -0.045050
9.656000 0.146346 -0.044702
9.657000 0.146441 -0.044353
9.658000 0.146534 -0.044005
9.659000 0.146626 -0.043656
9.660000 0.146717 -0.043307
9.661000 0.146807 -0.042958
9.662000 0.146895 -0.042608
9.663000 0.146983 -0.042259
9.664000 0.147069 -0.041909
9.665000 0.147153 -0.041558
9.666000 0.147237 -0.041208
9.667000 0.147319 -0.040857
9.668000 0.147400 -0.040506
9.669000 0.147480 -0.040155
9.670000 0.147559 -0.039804
9.671000 0.147636 -0.039452
9.672000 0.147712 -0.039100
9.673000 0.147787 -0.038748
9.674000 0.147861 -0.038396
9.675000 0.147933 -0.038044
9.676000 0.148004 -0.037691
9.677000 0.148074 -0.037338
9.678000 0.148143 -0.036985
9.679000 0.148210 -0.036632
9.680000 0.148277 -0.036278
9.681000 0.148342 -0.035925
9.682000 0.148406 -0.035571
9.683000 0.148468 -0.035217
9.684000 0.148529 -0.034863
9.685000 0.148590 -0.034508
9.686000 0.148648 -0.034154
9.687000 0.148706 -0.033799
9.688000 0.148762 -0.033444
9.689000 0.148818 -0.033089
9.690000 0.148872 -0.032734
9.691000 0.148924 -0.032379
9.692000 0.148976 -0.032023
9.693000 0.149026 -0.031667
9.694000 0.149075 -0.031311
9.695000 0.149123 -0.030955
9.696000 0.149169 -0.030599
9.697000 0.149214 -0.030243
9.698000 0.149258 -0.029887
9.699000 0.149301 -0.029530
9.700000 0.149343 -0.029173
9.701000 0.149383 -0.028816
9.702000 0.149422 -0.028459
9.703000 0.149460 -0.028102
9.704000 0.149496 -0.027745
9.705000 0.149532 -0.027388
9.706000 0.149566 -0.027030
9.707000 0.149599 -0.026673
9.708000 0.149630 -0.026315
9.709000 0.149661 -0.025957
9.710000 0.149690 -0.025599
9.711000 0.149718 -0.025241
9.712000 0.149744 -0.024883
9.713000 0.149770 -0.024525
9.714000 0.149794 -0.024167
9.715000 0.149817 -0.023808
9.716000 0.149839 -0.023450
9.717000 0.149859 -0.023091
9.718000 0.149878 -0.022733
9.719000 0.149896 -0.022374
9.720000 0.149913 -0.022015
9.721000 0.149929 -0.021656
9.722000 0.149943 -0.021297
9.723000 0.149956 -0.020938
9.724000 0.149968 -0.020579
9.725000 0.149978 -0.020220
9.726000 0.149987 -0.019861
9.727000 0.149995 -0.019502
9.728000 0.150002 -0.019142
9.729000 0.150008 -0.018783
9.730000 0.150012 -0.018423
9.731000 0.150015 -0.018064
9.732000 0.150017 -0.017705
9.733000 0.150018 -0.017345
9.734000 0.150017 -0.016985
9.735000 0.150015 -0.016626
9.736000 0.150012 -0.016266
9.737000 0.150008 -0.015907
9.738000 0.150002 -0.015547
9.739000 0.149995 -0.015187
9.740000 0.149987 -0.014827
9.741000 0.149978 -0.014468
9.742000 0.149967 -0.014108
9.743000 0.149955 -0.013748
9.744000 0.149942 -0.013388
9.745000 0.149928 -0.013029
9.746000 0.149912 -0.012669
9.747000 0.149895 -0.012309
9.748000 0.149877 -0.011949
9.749000 0.149858 -0.011590
9.750000 0.149838 -0.011230
9.751000 0.149816 -0.010870
9.752000 0.149793 -0.010510
9.753000 0.149769 -0.010151
9.754000 0.149743 -0.009791
9.755000 0.149717 -0.009431
9.756000 0.149689 -0.009072
9.757000 0.149659 -0.008712
9.758000 0.149629 -0.008353
9.759000 0.149597 -0.007993
9.760000 0.149564 -0.007634
9.761000 0.149530 -0.007274
9.762000 0.149495 -0.006915
9.763000 0.149458 -0.006556
9.764000 0.149420 -0.006196
9.765000 0.149381 -0.005837
9.766000 0.149341 -0.005478
9.767000 0.149299 -0.005119
9.768000 0.149257 -0.004760
9.769000 0.149213 -0.004401
9.770000 0.149167 -0.004042
9.771000 0.149121 -0.003683
9.772000 0.149073 -0.003324
9.773000 0.149024 -0.002966
9.774000 0.148974 -0.002607
9.775000 0.148922 -0.002249
9.776000 0.148870 -0.001890
9.777000 0.148816 -0.001532
9.778000 0.148761 -0.001174
9.779000 0.148704 -0.000816
9.780000 0.148647 -0.000458
9.781000 0.148588 -0.000100
9.782000 0.148528 0.000258
9.783000 0.148466 0.000616
9.784000 0.148404 0.000973
9.785000 0.148340 0.001331
9.786000 0.148275 0.001688
9.787000 0.148209 0.002045
9.788000 0.148141 0.002403
9.789000 0.148073 0.002760
9.790000 0.148003 0.003116
9.791000 0.147931 0.003473
9.792000 0.147859 0.003830
9.793000 0.147785 0.004186
9.794000 0.147711 0.004542
9.795000 0.147635 0.004899
9.796000 0.147557 0.005255
9.797000 0.147479 0.005610
9.798000 0.147399 0.005966
9.799000 0.147318 0.006322
9.800000 0.147236 0.006677
9.801000 0.147152 0.007032
9.802000 0.147068 0.007387
9.803000 0.146982 0.007742
9.804000 0.146895 0.008097
9.805000 0.146807 0.008451
9.806000 0.146717 0.008806
9.807000 0.146626 0.009160
9.808000 0.146534 0.009514
9.809000 0.146441 0.009868
9.810000 0.146347 0.010221
9.811000 0.146251 0.010575
9.812000 0.146154 0.010928
9.813000 0.146056 0.011281
9.814000 0.145957 0.011634
9.815000 0.145856 0.011986
9.816000 0.145755 0.012339
9.817000 0.145652 0.012691
9.818000 0.145548 0.013043
9.819000 0.145442 0.013395
9.820000 0.145336 0.013746
9.821000 0.145228 0.014098
9.822000 0.145119 0.014449
9.823000 0.145009 0.014800
9.824000 0.144897 0.015150
9.825000 0.144785 0.015501
9.826000 0.144671 0.015851
9.827000 0.144556 0.016201
9.828000 0.144440 0.016551
9.829000 0.144322 0.016900
9.830000 0.144203 0.017249
9.831000 0.144084 0.017598
9.832000 0.143963 0.017947
9.833000 0.143840 0.018295
9.834000 0.143717 0.018643
9.835000 0.143592 0.018991
9.836000 0.143466 0.019339
9.837000 0.143339 0.019686
9.838000 0.143211 0.020033
9.839000 0.143081 0.020380
9.840000 0.142951 0.020727
9.841000 0.142819 0.021073
9.842000 0.142686 0.021419
9.843000 0.142552 0.021764
9.844000 0.142416 0.022110
9.845000 0.142279 0.022455
9.846000 0.142142 0.022800
9.847000 0.142002 0.023144
9.848000 0.141862 0.023488
9.849000 0.141721 0.023832
9.850000 0.141578 0.024176
9.851000 0.141434 0.024519
9.852000 0.141289 0.024862
9.853000 0.141143 0.025204
9.854000 0.140996 0.025547
9.855000 0.140847 0.025889
9.856000 0.140698 0.026230
9.857000 0.140547 0.026571
9.858000 0.140395 0.026912
9.859000 0.140241 0.027253
9.860000 0.140087 0.027593
9.861000 0.139931 0.027933
9.862000 0.139774 0.028273
9.863000 0.139616 0.028612
9.864000 0.139457 0.028951
9.865000 0.139297 0.029289
9.866000 0.139135 0.029628
9.867000 0.138973 0.029965
9.868000 0.138809 0.030303
9.869000 0.138644 0.030640
9.870000 0.138477 0.030977
9.871000 0.138310 0.031313
9.872000 0.138141 0.031649
9.873000 0.137972 0.031984
9.874000 0.137801 0.032320
9.875000 0.137629 0.032654
9.876000 0.137455 0.032989
9.877000 0.137281 0.033323
9.878000 0.137106 0.033657
9.879000 0.136929 0.033990
9.880000 0.136751 0.034323
9.881000 0.136572 0.034655
9.882000 0.136392 0.034987
9.883000 0.136210 0.035319
9.884000 0.136028 0.035650
9.885000 0.135844 0.035981
9.886000 0.135659 0.036311
9.887000 0.135473 0.036641
9.888000 0.135286 0.036970
9.889000 0.135098 0.037300
9.890000 0.134909 0.037628
9.891000 0.134718 0.037956
9.892000 0.134526 0.038284
9.893000 0.134334 0.038612
9.894000 0.134140 0.038938
9.895000 0.133944 0.039265
9.896000 0.133748 0.039591
9.897000 0.133551 0.039916
9.898000 0.133352 0.040241
9.899000 0.133153 0.040566
9.900000 0.132952 0.040890
9.901000 0.132750 0.041214
9.902000 0.132547 0.041537
9.903000 0.132342 0.041860
9.904000 0.132137 0.042182
9.905000 0.131931 0.042504
9.906000 0.131723 0.042825
9.907000 0.131514 0.043146
9.908000 0.131304 0.043467
9.909000 0.131093 0.043787
9.910000 0.130881 0.044106
9.911000 0.130668 0.044425
9.912000 0.130454 0.044743
9.913000 0.130238 0.045061
9.914000 0.130022 0.045379
9.915000 0.129804 0.045695
9.916000 0.129585 0.046012
9.917000 0.129365 0.046328
9.918000 0.129144 0.046643
9.919000 0.128922 0.046958
9.920000 0.128699 0.047272
9.921000 0.128475 0.047586
9.922000 0.128249 0.047899
9.923000 0.128022 0.048212
9.924000 0.127795 0.048524
9.925000 0.127566 0.048836
9.926000 0.127336 0.049147
9.927000 0.127105 0.049457
9.928000 0.126873 0.049767
9.929000 0.126640 0.050077
9.930000 0.126406 0.050386
9.931000 0.126170 0.050694
9.932000 0.125934 0.051002
9.933000 0.125697 0.051309
9.934000 0.125458 0.051616
9.935000 0.125218 0.051922
9.936000 0.124977 0.052228
9.937000 0.124736 0.052532
9.938000 0.124493 0.052837
9.939000 0.124249 0.053141
9.940000 0.124004 0.053444
9.941000 0.123758 0.053747
9.942000 0.123510 0.054049
9.943000 0.123262 0.054350
9.944000 0.123013 0.054651
9.945000 0.122762 0.054951
9.946000 0.122511 0.055251
9.947000 0.122258 0.055550
9.948000 0.122005 0.055848
9.949000 0.121750 0.056146
9.950000 0.121494 0.056443
9.951000 0.121237 0.056740
9.952000 0.120979 0.057036
9.953000 0.120721 0.057331
9.954000 0.120461 0.057626
9.955000 0.120200 0.057920
9.956000 0.119938 0.058214
9.957000 0.119674 0.058507
9.958000 0.119410 0.058799
9.959000 0.119145 0.059090
9.960000 0.118879 0.059381
9.961000 0.118612 0.059672
9.962000 0.118343 0.059961
9.963000 0.118074 0.060250
9.964000 0.117804 0.060539
9.965000 0.117532 0.060826
9.966000 0.117260 0.061113
9.967000 0.116986 0.061400
9.968000 0.116712 0.061685
9.969000 0.116436 0.061970
9.970000 0.116160 0.062255
9.971000 0.115882 0.062539
9.972000 0.115604 0.062822
9.973000 0.115324 0.063104
9.974000 0.115044 0.063385
9.975000 0.114762 0.063666
9.976000 0.114479 0.063947
9.977000 0.114196 0.064226
9.978000 0.113911 0.064505
9.979000 0.113626 0.064783
9.980000 0.113339 0.065061
9.981000 0.113051 0.065337
9.982000 0.112763 0.065613
9.983000 0.112473 0.065889
9.984000 0.112183 0.066163
9.985000 0.111891 0.066437
9.986000 0.111598 0.066710
9.987000 0.111305 0.066983
9.988000 0.111010 0.067255
9.989000 0.110715 0.067526
9.990000 0.110418 0.067796
9.991000 0.110121 0.068065
9.992000 0.109822 0.068334
9.993000 0.109523 0.068602
9.994000 0.109223 0.068870
9.995000 0.108921 0.069136
9.996000 0.108619 0.069402
9.997000 0.108316 0.069667
9.998000 0.108011 0.069931
9.999000 0.107706 0.070195
10.000000 0.107400 0.070458
